dt,co2_ppm,temperature_c,humidity_pct,lvoc_ppb,pm25_ugm3,headcount
2024-03-01 00:00:00,447.0,23.0,54.0,0.0,18.0,0.3333333333333333
2024-03-01 00:15:00,459.0,23.0,54.0,0.0,9.0,0.3333333333333333
2024-03-01 00:30:00,459.0,23.0,54.0,0.0,6.0,0.3333333333333333
2024-03-01 00:45:00,454.0,23.0,54.0,0.0,11.0,0.3333333333333333
2024-03-01 01:00:00,460.0,23.0,54.0,0.0,10.0,0.3333333333333333
2024-03-01 01:15:00,453.0,23.0,54.0,0.0,8.0,0.3333333333333333
2024-03-01 01:30:00,442.0,23.0,54.0,1.0,13.0,0.3333333333333333
2024-03-01 01:45:00,440.0,23.0,54.0,0.0,14.0,0.3333333333333333
2024-03-01 02:00:00,449.0,22.8,54.0,0.0,18.0,0.3333333333333333
2024-03-01 02:15:00,443.0,22.8,54.0,0.0,9.0,0.3333333333333333
2024-03-01 02:30:00,437.0,22.8,54.0,1.0,13.0,0.3333333333333333
2024-03-01 02:45:00,445.0,22.8,54.0,3.0,13.0,0.3333333333333333
2024-03-01 03:00:00,436.0,22.8,54.0,1.0,12.0,0.3333333333333333
2024-03-01 03:15:00,435.0,22.5,54.0,1.0,12.0,0.3333333333333333
2024-03-01 03:30:00,437.0,22.5,54.0,1.0,8.0,0.3333333333333333
2024-03-01 03:45:00,429.0,22.5,53.0,1.0,14.0,0.3333333333333333
2024-03-01 04:00:00,447.0,22.5,53.0,3.0,13.0,0.3333333333333333
2024-03-01 04:15:00,441.0,22.3,53.0,3.0,18.0,0.3333333333333333
2024-03-01 04:30:00,440.0,22.3,53.0,3.0,14.0,0.3333333333333333
2024-03-01 04:45:00,444.0,22.3,53.0,6.0,20.0,0.3333333333333333
2024-03-01 05:00:00,446.5,22.0,53.0,7.5,18.0,0.3333333333333333
2024-03-01 05:15:00,443.0,22.0,53.0,6.0,15.0,0.3333333333333333
2024-03-01 05:30:00,440.0,22.0,53.0,6.0,15.0,0.3333333333333333
2024-03-01 05:45:00,457.0,22.0,53.0,3.0,12.0,0.3333333333333333
2024-03-01 06:00:00,446.0,22.0,53.0,6.0,15.0,0.3333333333333333
2024-03-01 06:15:00,449.0,22.0,54.0,11.0,20.0,0.3333333333333333
2024-03-01 06:30:00,446.0,22.0,54.0,3.0,17.0,0.3333333333333333
2024-03-01 06:45:00,466.0,22.0,54.0,6.0,12.0,0.3333333333333333
2024-03-01 07:00:00,468.0,21.8,53.5,6.0,10.5,0.5
2024-03-01 07:15:00,452.0,22.0,54.0,0.0,6.0,0.6666666666666667
2024-03-01 07:30:00,480.0,22.3,53.0,0.0,1.0,0.8333333333333333
2024-03-01 07:45:00,476.0,22.8,53.0,0.0,2.0,1.0
2024-03-01 08:00:00,464.0,23.3,52.0,0.0,3.0,0.5555555555555556
2024-03-01 08:15:00,468.0,23.5,52.0,0.0,1.0,0.2857142857142857
2024-03-01 08:30:00,469.0,23.5,52.0,0.0,1.0,1.0
2024-03-01 08:45:00,466.0,23.5,53.0,0.0,4.0,0.3333333333333333
2024-03-01 09:00:00,488.0,23.5,53.0,0.0,2.0,0.38461538461538464
2024-03-01 09:15:00,479.0,23.5,53.0,0.0,2.0,0.3333333333333333
2024-03-01 09:30:00,485.0,23.5,53.0,0.0,3.0,0.9333333333333333
2024-03-01 09:45:00,484.0,23.8,53.0,0.0,1.0,0.7916666666666666
2024-03-01 10:00:00,485.0,23.8,53.0,0.0,1.0,1.86
2024-03-01 10:15:00,543.0,24.3,52.0,0.0,2.5,0.3333333333333333
2024-03-01 10:30:00,560.0,24.5,51.0,0.0,3.0,0.6
2024-03-01 10:45:00,550.0,24.8,50.0,0.0,3.0,2.0
2024-03-01 11:00:00,565.0,25.0,50.0,0.0,6.0,1.8571428571428572
2024-03-01 11:15:00,547.0,25.3,50.0,11.0,4.0,3.4885496183206106
2024-03-01 11:30:00,559.0,25.0,50.0,0.0,1.0,4.346590909090909
2024-03-01 11:45:00,574.0,24.8,50.0,0.0,1.0,4.067796610169491
2024-03-01 12:00:00,575.0,24.5,51.0,0.0,3.0,2.688679245283019
2024-03-01 12:15:00,577.5,24.3,52.0,54.0,1.5,2.3444444444444446
2024-03-01 12:30:00,567.0,24.3,52.0,57.0,1.0,2.391304347826087
2024-03-01 12:45:00,528.0,24.0,52.0,0.0,2.0,2.2222222222222223
2024-03-01 13:00:00,536.0,24.0,52.0,0.0,1.0,2.014705882352941
2024-03-01 13:15:00,513.0,24.0,52.0,0.0,1.0,1.852112676056338
2024-03-01 13:30:00,525.0,24.0,55.0,0.0,3.0,1.3773584905660377
2024-03-01 13:45:00,534.0,24.0,57.0,0.0,2.0,2.7119565217391304
2024-03-01 14:00:00,526.0,24.0,58.0,0.0,2.0,3.090909090909091
2024-03-01 14:15:00,465.0,24.15,55.5,0.0,2.0,3.575
2024-03-01 14:30:00,459.0,24.3,55.0,0.0,1.0,2.7333333333333334
2024-03-01 14:45:00,468.0,24.3,55.0,0.0,1.0,2.393063583815029
2024-03-01 15:00:00,457.0,24.3,54.0,0.0,2.0,2.56140350877193
2024-03-01 15:15:00,478.0,24.3,54.0,0.0,1.0,2.603960396039604
2024-03-01 15:30:00,439.0,24.3,53.0,21.0,1.0,2.3949579831932772
2024-03-01 15:45:00,464.0,24.3,52.0,0.0,3.0,1.8076923076923077
2024-03-01 16:00:00,453.0,24.5,52.0,0.0,2.5,3.4130434782608696
2024-03-01 16:15:00,461.0,24.8,51.0,0.0,4.0,5.157608695652174
2024-03-01 16:30:00,475.0,24.8,51.0,0.0,1.0,4.0064935064935066
2024-03-01 16:45:00,483.0,24.8,51.0,0.0,1.0,4.059633027522936
2024-03-01 17:00:00,463.0,24.8,54.0,0.0,6.0,5.2076502732240435
2024-03-01 17:15:00,478.0,24.8,56.0,0.0,2.0,4.508875739644971
2024-03-01 17:30:00,469.0,24.5,57.0,0.0,2.0,3.4474885844748857
2024-03-01 17:45:00,469.5,24.0,58.5,110.0,1.5,2.090909090909091
2024-03-01 18:00:00,456.0,23.8,60.0,0.0,3.0,2.507575757575758
2024-03-01 18:15:00,470.0,23.5,61.0,0.0,2.0,2.1009174311926606
2024-03-01 18:30:00,456.0,23.3,61.0,1.0,1.0,1.2857142857142858
2024-03-01 18:45:00,460.0,23.3,61.0,0.0,2.0,1.0
2024-03-01 19:00:00,479.0,23.0,62.0,0.0,1.0,2.23728813559322
2024-03-01 19:15:00,494.0,22.8,61.0,0.0,2.0,1.6851851851851851
2024-03-01 19:30:00,479.5,22.65,60.5,0.0,2.0,1.6851851851851851
2024-03-01 19:45:00,484.0,22.5,60.0,0.0,3.0,1.6075949367088607
2024-03-01 20:00:00,482.0,22.3,59.0,0.0,2.0,1.2258064516129032
2024-03-01 20:15:00,490.0,22.0,58.0,0.0,1.0,0.7142857142857143
2024-03-01 20:30:00,483.0,22.0,57.0,0.0,1.0,0.9166666666666666
2024-03-01 20:45:00,490.0,21.8,57.0,0.0,2.0,1.3055555555555556
2024-03-01 21:00:00,476.0,21.8,56.0,0.0,1.0,1.2291666666666667
2024-03-01 21:15:00,476.5,21.5,56.0,0.0,3.5,0.4444444444444444
2024-03-01 21:30:00,470.0,21.5,56.0,0.0,3.0,0.42857142857142855
2024-03-01 21:45:00,448.0,21.3,57.0,0.0,1.0,0.3333333333333333
2024-03-01 22:00:00,461.0,21.0,57.0,0.0,1.0,1.28125
2024-03-01 22:15:00,468.0,21.0,57.0,0.0,2.0,1.5
2024-03-01 22:30:00,472.0,21.0,57.0,0.0,3.0,1.3888888888888888
2024-03-01 22:45:00,458.0,21.0,58.0,0.0,2.0,0.35
2024-03-01 23:00:00,460.5,20.8,58.5,0.0,3.5,0.5333333333333333
2024-03-01 23:15:00,477.0,21.3,57.0,0.0,5.0,0.35
2024-03-01 23:30:00,477.0,21.5,57.0,0.0,7.0,0.3333333333333333
2024-03-01 23:45:00,503.0,21.8,56.0,0.0,6.0,0.5454545454545454
2024-03-02 00:00:00,482.0,22.0,56.0,0.0,12.0,0.95
2024-03-02 00:15:00,492.0,22.3,55.0,0.0,11.0,0.6875
2024-03-02 00:30:00,474.0,22.3,55.0,0.0,16.0,1.515625
2024-03-02 00:45:00,501.0,22.5,55.0,0.0,17.5,0.8571428571428571
2024-03-02 01:00:00,498.0,22.8,55.0,0.0,16.0,0.7142857142857143
2024-03-02 01:15:00,510.0,22.8,55.0,0.0,19.0,1.125
2024-03-02 01:30:00,502.0,22.8,55.0,0.0,22.0,0.875
2024-03-02 01:45:00,519.0,22.8,55.0,0.0,26.0,0.5
2024-03-02 02:00:00,488.0,22.8,55.0,0.0,19.0,0.4375
2024-03-02 02:15:00,480.0,22.8,55.0,0.0,10.0,0.5454545454545454
2024-03-02 02:30:00,487.5,22.8,54.5,0.0,17.5,0.5
2024-03-02 02:45:00,488.0,22.8,54.0,0.0,14.0,0.3333333333333333
2024-03-02 03:00:00,502.0,22.8,54.0,0.0,9.0,0.0
2024-03-02 03:15:00,479.0,22.8,54.0,0.0,11.0,0.13333333333333336
2024-03-02 03:30:00,471.0,22.8,54.0,0.0,18.0,0.2666666666666667
2024-03-02 03:45:00,475.0,22.8,54.0,0.0,18.0,0.4
2024-03-02 04:00:00,466.0,22.8,54.0,0.0,11.0,0.2
2024-03-02 04:15:00,465.5,22.8,54.0,0.0,21.0,0.24444444444444444
2024-03-02 04:30:00,470.0,22.8,54.0,0.0,18.0,0.28888888888888886
2024-03-02 04:45:00,460.0,22.8,54.0,0.0,13.0,0.3333333333333333
2024-03-02 05:00:00,456.0,22.8,54.0,0.0,12.0,0.5
2024-03-02 05:15:00,472.0,22.8,54.0,0.0,9.0,0.0
2024-03-02 05:30:00,478.0,22.5,54.0,0.0,11.0,0.030612244897959183
2024-03-02 05:45:00,468.0,22.5,55.0,0.0,15.0,0.061224489795918366
2024-03-02 06:00:00,459.5,22.5,54.0,0.0,11.5,0.09183673469387756
2024-03-02 06:15:00,450.0,22.5,54.0,0.0,16.0,0.12244897959183673
2024-03-02 06:30:00,454.0,22.5,54.0,0.0,6.0,0.15306122448979592
2024-03-02 06:45:00,455.0,22.5,54.0,0.0,15.0,0.1836734693877551
2024-03-02 07:00:00,441.0,22.5,55.0,0.0,6.0,0.21428571428571427
2024-03-02 07:15:00,432.0,22.5,55.0,0.0,4.0,0.24489795918367346
2024-03-02 07:30:00,440.0,22.8,55.0,0.0,3.0,0.2755102040816326
2024-03-02 07:45:00,423.0,22.9,54.5,0.0,4.0,0.30612244897959184
2024-03-02 08:00:00,423.0,22.8,55.0,0.0,2.0,0.336734693877551
2024-03-02 08:15:00,435.0,22.8,55.0,0.0,2.0,0.3673469387755102
2024-03-02 08:30:00,424.0,22.8,55.0,0.0,1.0,0.3979591836734694
2024-03-02 08:45:00,433.0,22.8,55.0,0.0,2.0,0.42857142857142855
2024-03-02 09:00:00,422.0,23.0,54.0,0.0,2.0,0.3333333333333333
2024-03-02 09:15:00,448.0,23.0,53.0,0.0,3.0,0.3333333333333333
2024-03-02 09:30:00,440.5,22.8,53.0,0.0,4.5,1.1428571428571428
2024-03-02 09:45:00,441.0,23.0,52.0,0.0,2.0,0.6666666666666666
2024-03-02 10:00:00,451.0,23.0,52.0,0.0,4.0,1.3076923076923077
2024-03-02 10:15:00,439.0,23.0,52.0,0.0,0.0,0.25
2024-03-02 10:30:00,445.0,23.3,53.0,0.0,2.0,0.3333333333333333
2024-03-02 10:45:00,449.0,23.3,52.0,0.0,1.0,0.3333333333333333
2024-03-02 11:00:00,452.0,23.3,51.0,0.0,4.0,0.3333333333333333
2024-03-02 11:15:00,450.5,23.5,48.5,0.0,2.0,0.3333333333333333
2024-03-02 11:30:00,443.0,23.5,48.0,0.0,3.0,0.3333333333333333
2024-03-02 11:45:00,434.0,23.8,47.0,0.0,4.0,0.3333333333333333
2024-03-02 12:00:00,454.0,23.8,46.0,0.0,1.0,0.3333333333333333
2024-03-02 12:15:00,445.0,23.8,46.0,0.0,3.0,0.3333333333333333
2024-03-02 12:30:00,440.0,24.0,45.0,0.0,8.0,0.75
2024-03-02 12:45:00,444.0,24.0,45.0,0.0,5.0,0.3333333333333333
2024-03-02 13:00:00,441.0,24.0,44.0,0.0,4.0,0.3666666666666667
2024-03-02 13:15:00,441.0,24.3,44.0,0.0,2.0,0.4
2024-03-02 13:30:00,463.0,24.3,43.0,0.0,3.0,0.41428571428571426
2024-03-02 13:45:00,446.0,24.3,43.0,0.0,2.0,0.42857142857142855
2024-03-02 14:00:00,439.0,24.3,42.0,0.0,3.0,0.0
2024-03-02 14:15:00,441.0,24.3,41.0,0.0,1.0,0.16666666666666666
2024-03-02 14:30:00,448.0,24.3,41.0,0.0,3.0,0.3333333333333333
2024-03-02 14:45:00,437.5,23.8,42.0,0.0,3.0,0.5714285714285714
2024-03-02 15:00:00,454.0,23.5,43.0,0.0,2.0,0.5714285714285714
2024-03-02 15:15:00,445.0,23.5,43.0,0.0,5.0,0.5714285714285714
2024-03-02 15:30:00,440.0,23.3,43.0,0.0,5.0,0.375
2024-03-02 15:45:00,448.0,23.3,42.0,0.0,3.0,0.45454545454545453
2024-03-02 16:00:00,468.0,23.3,43.0,0.0,2.0,0.4090909090909091
2024-03-02 16:15:00,461.0,23.0,43.0,0.0,4.0,0.42857142857142855
2024-03-02 16:30:00,462.5,23.0,42.0,0.0,3.0,0.3
2024-03-02 16:45:00,471.0,23.0,42.0,0.0,3.0,0.3333333333333333
2024-03-02 17:00:00,446.0,23.0,42.0,0.0,1.0,0.3333333333333333
2024-03-02 17:15:00,462.0,23.0,42.0,0.0,2.0,0.36363636363636365
2024-03-02 17:30:00,440.0,22.8,42.0,0.0,1.0,0.9444444444444444
2024-03-02 17:45:00,448.0,22.8,42.0,0.0,3.0,0.3333333333333333
2024-03-02 18:00:00,443.0,22.8,42.0,0.0,1.0,0.3333333333333333
2024-03-02 18:15:00,454.0,22.8,42.0,0.0,3.5,0.42857142857142855
2024-03-02 18:30:00,447.0,22.5,42.0,0.0,5.0,0.6153846153846154
2024-03-02 18:45:00,449.0,22.5,42.0,0.0,2.0,0.0
2024-03-02 19:00:00,448.0,22.3,43.0,0.0,2.0,0.3333333333333333
2024-03-02 19:15:00,459.0,22.3,43.0,0.0,3.0,0.4
2024-03-02 19:30:00,462.0,22.3,44.0,0.0,2.0,1.1538461538461537
2024-03-02 19:45:00,465.0,22.5,44.0,0.0,8.0,1.0
2024-03-02 20:00:00,448.0,22.5,44.0,0.0,2.0,0.46153846153846156
2024-03-02 20:15:00,449.0,22.8,44.0,0.0,4.0,1.0
2024-03-02 20:30:00,441.0,22.8,44.0,0.0,2.0,0.4444444444444444
2024-03-02 20:45:00,435.0,23.0,43.0,0.0,2.0,0.3333333333333333
2024-03-02 21:00:00,428.0,23.0,42.0,0.0,4.0,0.625
2024-03-02 21:15:00,448.0,23.0,41.0,0.0,2.0,0.3333333333333333
2024-03-02 21:30:00,445.0,23.3,41.0,0.0,1.0,0.4
2024-03-02 21:45:00,453.0,23.0,41.0,0.0,4.0,0.4
2024-03-02 22:00:00,439.0,23.0,42.0,0.0,1.5,1.0
2024-03-02 22:15:00,446.0,23.0,42.0,0.0,1.0,0.6
2024-03-02 22:30:00,427.0,23.0,42.0,0.0,5.0,0.75
2024-03-02 22:45:00,432.0,23.0,42.0,0.0,1.0,0.42857142857142855
2024-03-02 23:00:00,425.0,23.3,42.0,0.0,2.0,0.625
2024-03-02 23:15:00,459.0,23.3,42.0,0.0,3.0,0.6125
2024-03-02 23:30:00,441.0,23.3,42.0,0.0,4.0,0.6
2024-03-02 23:45:00,453.5,23.0,43.0,0.0,2.5,0.4444444444444444
2024-03-03 00:00:00,445.0,22.8,43.0,0.0,2.0,0.375
2024-03-03 00:15:00,441.0,22.8,43.0,0.0,2.0,0.0
2024-03-03 00:30:00,442.0,22.5,43.0,0.0,9.0,0.0390625
2024-03-03 00:45:00,453.0,22.5,43.0,0.0,3.0,0.078125
2024-03-03 01:00:00,436.0,22.5,43.0,0.0,4.0,0.1171875
2024-03-03 01:15:00,442.0,22.5,44.0,0.0,5.0,0.15625
2024-03-03 01:30:00,449.0,22.3,44.0,0.0,4.5,0.1953125
2024-03-03 01:45:00,443.0,22.3,44.0,0.0,7.0,0.234375
2024-03-03 02:00:00,426.0,22.0,44.0,0.0,2.0,0.2734375
2024-03-03 02:15:00,444.0,22.0,44.0,0.0,4.0,0.3125
2024-03-03 02:30:00,415.0,22.0,44.0,0.0,5.0,0.3515625
2024-03-03 02:45:00,434.0,22.0,44.0,0.0,4.0,0.390625
2024-03-03 03:00:00,436.0,21.8,45.0,0.0,5.0,0.4296875
2024-03-03 03:15:00,431.0,21.8,45.0,0.0,5.5,0.46875
2024-03-03 03:30:00,428.0,21.8,45.0,0.0,3.0,0.5078125
2024-03-03 03:45:00,431.0,21.8,45.0,0.0,8.0,0.546875
2024-03-03 04:00:00,426.0,21.5,45.0,0.0,4.0,0.5859375
2024-03-03 04:15:00,429.0,21.5,45.0,0.0,11.0,0.625
2024-03-03 04:30:00,437.0,21.5,45.0,0.0,5.0,0.6640625
2024-03-03 04:45:00,436.0,21.5,45.0,0.0,4.0,0.703125
2024-03-03 05:00:00,438.0,21.5,45.0,0.0,7.0,0.7421875
2024-03-03 05:15:00,440.0,21.5,45.0,0.0,5.0,0.78125
2024-03-03 05:30:00,424.0,21.5,46.0,1.0,3.0,0.8203125
2024-03-03 05:45:00,435.0,21.3,46.0,0.0,9.0,0.859375
2024-03-03 06:00:00,436.0,21.3,46.0,0.0,3.0,0.8984375
2024-03-03 06:15:00,438.0,21.3,47.0,0.0,4.0,0.9375
2024-03-03 06:30:00,438.0,21.3,47.0,0.0,3.0,0.9765625
2024-03-03 06:45:00,421.0,21.3,47.0,0.0,3.0,1.015625
2024-03-03 07:00:00,427.0,21.15,47.0,0.0,7.5,1.0546875
2024-03-03 07:15:00,436.0,21.8,46.0,0.0,2.0,1.09375
2024-03-03 07:30:00,443.0,22.5,45.0,0.0,2.0,1.1328125
2024-03-03 07:45:00,419.0,22.8,44.0,0.0,3.0,1.171875
2024-03-03 08:00:00,418.0,23.5,43.0,0.0,6.0,1.2109375
2024-03-03 08:15:00,428.0,23.8,43.0,0.0,4.0,1.25
2024-03-03 08:30:00,418.0,23.8,43.0,0.0,3.0,0.8888888888888888
2024-03-03 08:45:00,439.0,23.8,43.0,0.0,3.5,0.8571428571428571
2024-03-03 09:00:00,434.0,23.5,43.0,0.0,3.0,0.3333333333333333
2024-03-03 09:15:00,451.0,23.5,43.0,0.0,2.0,0.5833333333333334
2024-03-03 09:30:00,460.0,23.5,42.0,0.0,1.0,0.8620689655172413
2024-03-03 09:45:00,470.0,23.5,42.0,0.0,2.0,1.1111111111111112
2024-03-03 10:00:00,487.0,23.5,42.0,0.0,2.0,0.0
2024-03-03 10:15:00,461.0,23.3,42.0,0.0,1.0,0.16666666666666666
2024-03-03 10:30:00,445.0,23.4,42.0,0.0,2.0,0.3333333333333333
2024-03-03 10:45:00,440.0,23.3,43.0,0.0,1.0,0.5416666666666667
2024-03-03 11:00:00,435.0,23.3,43.0,0.0,6.0,0.75
2024-03-03 11:15:00,428.0,23.3,43.0,0.0,4.0,0.3333333333333333
2024-03-03 11:30:00,435.0,23.3,43.0,0.0,4.0,0.3333333333333333
2024-03-03 11:45:00,426.0,23.5,43.0,0.0,1.0,0.3333333333333333
2024-03-03 12:00:00,439.0,23.5,43.0,0.0,1.0,0.3333333333333333
2024-03-03 12:15:00,437.5,23.5,44.0,0.0,3.0,0.3333333333333333
2024-03-03 12:30:00,438.0,23.5,44.0,32.0,1.0,0.3333333333333333
2024-03-03 12:45:00,428.0,23.5,44.0,0.0,2.0,0.47916666666666663
2024-03-03 13:00:00,442.0,23.5,44.0,0.0,4.0,0.625
2024-03-03 13:15:00,446.0,23.5,44.0,0.0,2.0,0.3333333333333333
2024-03-03 13:30:00,422.0,23.5,45.0,0.0,4.0,0.4
2024-03-03 13:45:00,435.0,23.3,45.0,0.0,1.0,0.3333333333333333
2024-03-03 14:00:00,438.0,23.3,45.0,0.0,3.5,0.25
2024-03-03 14:15:00,445.0,23.3,45.0,0.0,1.0,0.5694444444444444
2024-03-03 14:30:00,452.0,23.3,45.0,0.0,3.0,0.8888888888888888
2024-03-03 14:45:00,447.0,23.5,46.0,0.0,3.0,0.3333333333333333
2024-03-03 15:00:00,433.0,23.5,46.0,0.0,1.0,0.3333333333333333
2024-03-03 15:15:00,436.0,23.5,46.0,0.0,1.0,0.8888888888888888
2024-03-03 15:30:00,425.0,23.5,47.0,0.0,3.0,0.25
2024-03-03 15:45:00,427.0,23.8,48.0,0.0,3.0,0.5
2024-03-03 16:00:00,435.0,23.8,47.0,0.0,2.0,0.5
2024-03-03 16:15:00,427.0,23.8,48.0,0.0,2.0,0.65
2024-03-03 16:30:00,429.0,23.8,49.0,0.0,1.0,0.8
2024-03-03 16:45:00,431.0,23.8,49.0,0.0,1.0,0.3
2024-03-03 17:00:00,429.0,23.8,48.0,0.0,6.0,0.4
2024-03-03 17:15:00,430.0,23.8,48.0,0.0,3.0,0.3666666666666667
2024-03-03 17:30:00,425.0,23.8,47.0,0.0,3.0,0.3333333333333333
2024-03-03 17:45:00,427.0,23.5,46.0,0.0,2.0,0.5666666666666667
2024-03-03 18:00:00,443.0,23.5,45.0,0.0,2.0,0.8
2024-03-03 18:15:00,425.0,23.5,45.0,0.0,2.0,0.3333333333333333
2024-03-03 18:30:00,461.0,23.5,44.0,0.0,9.0,1.0555555555555556
2024-03-03 18:45:00,456.0,23.3,43.0,0.0,2.0,0.3333333333333333
2024-03-03 19:00:00,442.0,23.3,43.0,0.0,3.0,0.3125
2024-03-03 19:15:00,432.0,23.3,42.0,0.0,1.0,1.2105263157894737
2024-03-03 19:30:00,449.0,23.3,42.0,0.0,2.5,0.4
2024-03-03 19:45:00,446.0,23.3,41.0,0.0,2.0,0.3333333333333333
2024-03-03 20:00:00,433.0,23.3,40.0,0.0,2.0,0.375
2024-03-03 20:15:00,449.0,23.3,40.0,0.0,3.0,0.38461538461538464
2024-03-03 20:30:00,444.0,23.3,39.0,0.0,1.0,0.3333333333333333
2024-03-03 20:45:00,446.0,23.0,39.0,0.0,1.0,0.3333333333333333
2024-03-03 21:00:00,436.0,23.0,39.0,0.0,3.0,0.3333333333333333
2024-03-03 21:15:00,433.0,23.0,39.5,0.0,1.5,0.3333333333333333
2024-03-03 21:30:00,431.0,23.0,39.0,0.0,2.0,0.35416666666666663
2024-03-03 21:45:00,446.0,23.3,38.0,0.0,2.0,0.375
2024-03-03 22:00:00,445.0,23.3,39.0,0.0,1.0,0.37318840579710144
2024-03-03 22:15:00,416.0,23.0,39.0,0.0,3.0,0.3713768115942029
2024-03-03 22:30:00,440.0,23.3,39.0,0.0,4.0,0.3695652173913043
2024-03-03 22:45:00,428.0,23.0,40.0,0.0,2.0,0.3677536231884058
2024-03-03 23:00:00,428.5,23.0,39.0,0.0,3.0,0.36594202898550726
2024-03-03 23:15:00,422.0,23.0,39.0,0.0,4.0,0.3641304347826087
2024-03-03 23:30:00,427.0,23.0,39.0,0.0,3.0,0.36231884057971014
2024-03-03 23:45:00,439.0,22.8,39.0,0.0,1.0,0.3605072463768116
2024-03-04 00:00:00,425.0,22.8,39.0,0.0,6.0,0.358695652173913
2024-03-04 00:15:00,432.0,22.8,39.0,0.0,1.0,0.35688405797101447
2024-03-04 00:30:00,421.0,22.5,40.0,0.0,1.0,0.3550724637681159
2024-03-04 00:45:00,425.0,22.4,40.0,0.0,2.5,0.3532608695652174
2024-03-04 01:00:00,415.0,22.3,40.0,0.0,3.0,0.35144927536231885
2024-03-04 01:15:00,425.0,22.3,40.0,0.0,6.0,0.3496376811594203
2024-03-04 01:30:00,433.0,22.3,40.0,0.0,9.0,0.34782608695652173
2024-03-04 01:45:00,425.0,22.0,40.0,0.0,4.0,0.34601449275362317
2024-03-04 02:00:00,413.0,22.0,40.0,0.0,4.0,0.3442028985507246
2024-03-04 02:15:00,428.0,22.0,40.0,0.0,4.0,0.34239130434782605
2024-03-04 02:30:00,416.0,22.0,40.0,0.0,2.0,0.3405797101449275
2024-03-04 02:45:00,430.0,21.8,40.0,0.0,4.0,0.338768115942029
2024-03-04 03:00:00,427.0,21.5,41.0,0.0,9.0,0.33695652173913043
2024-03-04 03:15:00,428.0,21.5,41.0,0.0,5.0,0.3351449275362319
2024-03-04 03:30:00,422.0,21.5,41.0,0.0,4.0,0.3333333333333333
2024-03-04 03:45:00,426.0,21.3,41.0,0.0,3.0,0.3333333333333333
2024-03-04 04:00:00,429.0,21.3,41.0,0.0,4.0,0.3333333333333333
2024-03-04 04:15:00,430.0,21.3,41.0,0.0,12.0,0.3333333333333333
2024-03-04 04:30:00,422.5,21.3,41.0,0.0,3.0,0.3333333333333333
2024-03-04 04:45:00,424.0,21.3,41.0,0.0,2.0,0.3333333333333333
2024-03-04 05:00:00,427.0,21.3,41.0,0.0,4.0,0.3333333333333333
2024-03-04 05:15:00,427.0,21.3,41.0,0.0,7.0,0.3333333333333333
2024-03-04 05:30:00,428.0,21.3,41.0,0.0,3.0,0.3333333333333333
2024-03-04 05:45:00,422.0,21.0,41.0,0.0,6.0,0.3333333333333333
2024-03-04 06:00:00,427.0,21.0,41.0,0.0,2.0,0.3333333333333333
2024-03-04 06:15:00,427.5,21.0,42.0,0.0,1.0,0.3333333333333333
2024-03-04 06:30:00,426.0,21.0,42.0,0.0,6.0,0.3333333333333333
2024-03-04 06:45:00,443.0,21.0,42.0,0.0,4.0,0.3333333333333333
2024-03-04 07:00:00,440.0,21.0,42.0,0.0,1.0,0.3333333333333333
2024-03-04 07:15:00,446.0,21.3,42.0,0.0,2.0,0.3333333333333333
2024-03-04 07:30:00,437.0,21.8,41.0,0.0,1.0,0.3333333333333333
2024-03-04 07:45:00,447.0,22.8,38.0,0.0,1.0,0.3333333333333333
2024-03-04 08:00:00,438.0,23.4,37.5,0.0,2.0,0.38095238095238093
2024-03-04 08:15:00,455.0,24.0,36.0,0.0,1.0,0.42857142857142855
2024-03-04 08:30:00,455.0,24.3,36.0,0.0,3.0,0.25
2024-03-04 08:45:00,440.0,24.3,36.0,0.0,3.0,0.5
2024-03-04 09:00:00,458.0,24.0,36.0,0.0,4.0,0.9047619047619048
2024-03-04 09:15:00,448.0,23.8,36.0,0.0,1.0,1.2682926829268293
2024-03-04 09:30:00,459.0,23.8,36.0,0.0,4.0,0.9285714285714286
2024-03-04 09:45:00,465.5,23.8,37.0,0.0,2.0,1.368421052631579
2024-03-04 10:00:00,486.0,23.8,37.0,0.0,2.0,1.935483870967742
2024-03-04 10:15:00,490.0,23.8,37.0,0.0,1.0,1.53125
2024-03-04 10:30:00,500.0,23.8,37.0,0.0,2.0,2.1879194630872485
2024-03-04 10:45:00,498.0,23.8,37.0,0.0,1.0,2.3508771929824563
2024-03-04 11:00:00,508.0,24.0,37.0,0.0,3.0,1.5575757575757576
2024-03-04 11:15:00,504.0,24.0,37.0,0.0,3.0,4.015706806282722
2024-03-04 11:30:00,488.0,24.0,37.0,0.0,6.0,3.032863849765258
2024-03-04 11:45:00,499.5,24.0,37.5,0.0,2.0,3.539325842696629
2024-03-04 12:00:00,501.0,24.3,37.0,0.0,1.0,2.436241610738255
2024-03-04 12:15:00,515.0,24.3,37.0,0.0,2.0,3.191860465116279
2024-03-04 12:30:00,509.0,24.3,37.0,0.0,6.0,2.25
2024-03-04 12:45:00,521.0,24.3,37.0,0.0,1.0,1.3454545454545455
2024-03-04 13:00:00,520.0,24.5,37.0,0.0,3.0,2.34
2024-03-04 13:15:00,535.0,24.5,36.0,0.0,2.0,1.5238095238095237
2024-03-04 13:30:00,525.0,24.5,36.0,59.5,1.0,1.550561797752809
2024-03-04 13:45:00,485.0,24.3,36.0,37.0,1.0,1.853846153846154
2024-03-04 14:00:00,476.0,24.3,36.0,11.0,6.0,2.024793388429752
2024-03-04 14:15:00,478.0,24.0,36.0,29.0,4.0,2.8729281767955803
2024-03-04 14:30:00,495.0,24.0,36.0,0.0,2.0,3.4831460674157304
2024-03-04 14:45:00,506.0,23.8,37.0,0.0,7.0,4.267676767676767
2024-03-04 15:00:00,495.0,23.8,37.0,0.0,2.0,3.5355191256830603
2024-03-04 15:15:00,489.0,23.5,38.0,0.0,3.5,3.223529411764706
2024-03-04 15:30:00,497.0,23.5,38.0,0.0,1.0,2.0
2024-03-04 15:45:00,499.0,23.5,38.0,0.0,4.0,3.219298245614035
2024-03-04 16:00:00,483.0,23.5,39.0,0.0,2.0,2.653179190751445
2024-03-04 16:15:00,496.0,23.5,39.0,187.0,3.0,2.2017543859649122
2024-03-04 16:30:00,484.0,23.5,39.0,108.0,1.0,2.9304347826086956
2024-03-04 16:45:00,479.0,23.5,40.0,3.0,1.0,4.0
2024-03-04 17:00:00,502.0,23.4,40.5,0.0,1.5,2.568888888888889
2024-03-04 17:15:00,506.0,23.3,42.0,0.0,1.0,2.2362637362637363
2024-03-04 17:30:00,534.0,23.3,42.0,0.0,2.0,2.0274725274725274
2024-03-04 17:45:00,504.0,23.3,43.0,0.0,3.0,1.8833333333333333
2024-03-04 18:00:00,512.0,23.0,43.0,0.0,2.0,1.6724137931034482
2024-03-04 18:15:00,494.0,23.0,44.0,0.0,3.0,1.8275862068965518
2024-03-04 18:30:00,483.0,23.0,44.0,0.0,4.0,1.489795918367347
2024-03-04 18:45:00,469.0,23.0,44.0,0.0,1.5,0.9333333333333333
2024-03-04 19:00:00,463.0,22.8,44.0,0.0,3.0,0.3333333333333333
2024-03-04 19:15:00,461.0,22.8,45.0,0.0,3.0,0.375
2024-03-04 19:30:00,467.0,22.5,46.0,0.0,3.0,0.45454545454545453
2024-03-04 19:45:00,448.0,22.5,47.0,0.0,4.0,0.3333333333333333
2024-03-04 20:00:00,449.0,22.3,48.0,0.0,1.0,0.3333333333333333
2024-03-04 20:15:00,469.0,22.5,49.0,0.0,1.0,0.46464646464646464
2024-03-04 20:30:00,446.0,22.5,49.0,0.0,1.0,0.595959595959596
2024-03-04 20:45:00,450.0,22.8,49.0,0.0,1.5,0.7272727272727273
2024-03-04 21:00:00,440.0,22.8,50.0,0.0,2.0,0.6
2024-03-04 21:15:00,468.0,23.0,50.0,0.0,5.0,1.7
2024-03-04 21:30:00,475.0,23.0,50.0,0.0,1.0,0.4666666666666667
2024-03-04 21:45:00,483.0,23.0,49.0,0.0,1.0,0.5714285714285714
2024-03-04 22:00:00,453.0,23.0,48.0,0.0,2.0,0.5629251700680272
2024-03-04 22:15:00,459.0,23.0,47.0,0.0,0.0,0.5544217687074829
2024-03-04 22:30:00,459.0,23.0,46.0,0.0,4.0,0.5459183673469388
2024-03-04 22:45:00,437.0,23.0,45.0,0.0,1.0,0.5374149659863945
2024-03-04 23:00:00,440.0,23.0,45.0,0.0,3.0,0.5289115646258503
2024-03-04 23:15:00,431.0,23.0,45.0,0.0,5.0,0.5204081632653061
2024-03-04 23:30:00,424.0,23.0,45.0,0.0,3.0,0.5119047619047619
2024-03-04 23:45:00,439.0,23.0,45.0,0.0,6.0,0.5034013605442177
2024-03-05 00:00:00,441.0,23.0,45.0,0.0,9.0,0.49489795918367346
2024-03-05 00:15:00,440.0,22.8,45.0,0.0,14.0,0.48639455782312924
2024-03-05 00:30:00,439.0,22.8,45.0,0.0,9.0,0.477891156462585
2024-03-05 00:45:00,436.0,22.5,45.0,0.0,14.0,0.4693877551020408
2024-03-05 01:00:00,433.5,22.5,45.0,0.0,17.5,0.4608843537414966
2024-03-05 01:15:00,427.0,22.5,45.0,0.0,20.0,0.4523809523809524
2024-03-05 01:30:00,438.0,22.3,45.0,0.0,19.0,0.44387755102040816
2024-03-05 01:45:00,442.0,22.3,45.0,0.0,27.0,0.43537414965986393
2024-03-05 02:00:00,433.0,22.3,45.0,0.0,30.0,0.4268707482993197
2024-03-05 02:15:00,447.0,22.3,45.0,0.0,31.0,0.41836734693877553
2024-03-05 02:30:00,440.0,22.3,45.0,0.0,28.0,0.40986394557823125
2024-03-05 02:45:00,438.0,22.0,45.0,0.0,34.0,0.4013605442176871
2024-03-05 03:00:00,440.0,22.0,45.5,1.5,37.5,0.39285714285714285
2024-03-05 03:15:00,432.0,22.0,46.0,0.0,41.0,0.3843537414965986
2024-03-05 03:30:00,438.0,22.0,46.0,0.5,36.5,0.37585034013605445
2024-03-05 03:45:00,440.0,21.866666666666664,46.0,0.3333333333333333,41.333333333333336,0.36734693877551017
2024-03-05 04:00:00,439.0,21.8,46.0,0.0,52.0,0.358843537414966
2024-03-05 04:15:00,441.5,21.8,46.0,1.0,42.0,0.35034013605442177
2024-03-05 04:30:00,440.0,21.8,46.0,1.0,40.0,0.34183673469387754
2024-03-05 04:45:00,434.0,21.8,46.0,0.0,39.0,0.3333333333333333
2024-03-05 05:00:00,448.0,21.8,47.0,1.0,37.5,0.3939393939393939
2024-03-05 05:15:00,441.3333333333333,21.5,47.0,1.6666666666666667,38.666666666666664,0.45454545454545453
2024-03-05 05:30:00,442.0,21.5,47.0,2.0,40.0,0.5151515151515151
2024-03-05 05:45:00,439.0,21.5,47.0,1.0,47.0,0.5757575757575758
2024-03-05 06:00:00,434.0,21.5,47.0,1.0,45.666666666666664,0.6363636363636364
2024-03-05 06:15:00,449.5,21.5,47.0,1.0,41.0,0.696969696969697
2024-03-05 06:30:00,437.0,21.5,47.0,1.0,49.0,0.7575757575757576
2024-03-05 06:45:00,435.5,21.5,47.0,2.0,42.0,0.8181818181818182
2024-03-05 07:00:00,434.5,21.4,47.5,0.5,35.0,0.8787878787878789
2024-03-05 07:15:00,437.0,21.3,48.0,0.0,9.0,0.9393939393939394
2024-03-05 07:30:00,441.3333333333333,22.333333333333332,47.333333333333336,0.0,4.333333333333333,1.0
2024-03-05 07:45:00,464.5,23.15,46.0,0.0,3.5,0.5714285714285714
2024-03-05 08:00:00,449.5,23.4,45.5,0.0,3.0,1.0
2024-03-05 08:15:00,447.0,24.0,45.0,0.0,2.0,0.3333333333333333
2024-03-05 08:30:00,461.6666666666667,24.3,44.0,0.0,6.0,0.3333333333333333
2024-03-05 08:45:00,458.0,24.15,45.5,0.0,2.5,1.84
2024-03-05 09:00:00,457.5,24.0,46.0,0.0,2.0,1.9848484848484849
2024-03-05 09:15:00,469.0,24.0,47.0,0.0,2.0,1.4782608695652173
2024-03-05 09:30:00,457.3333333333333,23.599999999999998,47.0,0.0,2.6666666666666665,1.469387755102041
2024-03-05 09:45:00,477.0,23.65,47.5,0.0,6.0,1.4363636363636363
2024-03-05 10:00:00,489.0,23.8,47.0,0.0,5.0,1.5
2024-03-05 10:15:00,520.0,24.0,47.0,0.0,14.0,1.625
2024-03-05 10:30:00,515.5,24.3,46.0,0.0,11.5,1.5
2024-03-05 10:45:00,537.0,24.5,46.0,0.0,11.0,0.5
2024-03-05 11:00:00,550.3333333333334,24.933333333333334,45.333333333333336,0.0,5.0,0.36363636363636365
2024-03-05 11:15:00,537.0,24.9,45.0,0.0,3.0,1.2954545454545454
2024-03-05 11:30:00,527.0,24.65,45.0,0.0,3.5,1.3777777777777778
2024-03-05 11:45:00,516.0,24.3,45.0,0.0,1.6666666666666667,1.6144578313253013
2024-03-05 12:00:00,531.0,24.0,45.0,0.0,2.0,1.38
2024-03-05 12:15:00,495.0,24.0,43.5,0.0,3.5,1.6363636363636365
2024-03-05 12:30:00,503.0,24.0,42.5,0.0,2.0,1.575
2024-03-05 12:45:00,501.0,24.0,41.0,0.0,3.0,1.5901639344262295
2024-03-05 13:00:00,484.5,24.0,39.5,0.0,1.0,2.4166666666666665
2024-03-05 13:15:00,465.6666666666667,24.46666666666667,34.333333333333336,0.0,3.0,1.9506172839506173
2024-03-05 13:30:00,473.0,24.8,32.5,0.0,2.0,2.8967741935483873
2024-03-05 13:45:00,461.6666666666667,25.2,31.333333333333332,0.0,1.6666666666666667,3.264705882352941
2024-03-05 14:00:00,452.0,25.3,30.0,0.0,1.0,2.7816901408450705
2024-03-05 14:15:00,453.0,25.5,29.0,0.0,1.0,2.7698412698412698
2024-03-05 14:30:00,469.0,25.8,28.0,0.0,1.0,1.8627450980392157
2024-03-05 14:45:00,438.0,26.0,28.0,0.0,2.0,2.5197368421052633
2024-03-05 15:00:00,447.0,26.0,27.0,0.0,2.0,2.2666666666666666
2024-03-05 15:15:00,444.0,26.3,27.0,0.0,4.0,2.455056179775281
2024-03-05 15:30:00,456.0,26.3,27.0,0.0,2.0,2.9783783783783786
2024-03-05 15:45:00,463.5,26.5,29.0,0.0,3.5,2.107981220657277
2024-03-05 16:00:00,452.0,26.5,30.0,0.0,2.0,2.0620689655172413
2024-03-05 16:15:00,450.0,26.8,30.0,177.0,1.0,1.8716216216216217
2024-03-05 16:30:00,460.0,26.8,30.0,42.0,8.0,2.3529411764705883
2024-03-05 16:45:00,461.0,26.8,29.0,0.0,2.0,1.9090909090909092
2024-03-05 17:00:00,454.0,26.8,29.0,0.0,1.0,3.9603174603174605
2024-03-05 17:15:00,481.0,27.0,29.0,0.0,2.0,2.8333333333333335
2024-03-05 17:30:00,470.0,26.8,29.0,0.0,1.0,2.1147540983606556
2024-03-05 17:45:00,454.0,26.8,28.0,0.0,5.0,0.43478260869565216
2024-03-05 18:00:00,439.5,26.8,27.0,0.0,3.0,1.2352941176470589
2024-03-05 18:15:00,432.0,26.5,27.0,0.0,2.0,1.25
2024-03-05 18:30:00,440.0,26.5,27.0,0.0,1.0,0.35294117647058826
2024-03-05 18:45:00,432.0,26.3,28.0,0.0,1.0,0.6111111111111112
2024-03-05 19:00:00,446.0,26.0,28.0,0.0,1.0,1.0
2024-03-05 19:15:00,431.0,26.0,29.0,0.0,4.0,2.125
2024-03-05 19:30:00,435.0,25.8,29.0,0.0,1.0,0.967741935483871
2024-03-05 19:45:00,433.0,25.5,30.0,0.0,3.0,1.2121212121212122
2024-03-05 20:00:00,439.5,25.15,31.5,0.0,2.0,0.3333333333333333
2024-03-05 20:15:00,430.0,24.8,32.0,0.0,1.0,0.5
2024-03-05 20:30:00,438.0,24.5,31.0,0.0,2.0,0.3333333333333333
2024-03-05 20:45:00,438.0,24.3,30.0,0.0,1.0,0.4
2024-03-05 21:00:00,441.0,23.8,30.0,0.0,3.0,0.2857142857142857
2024-03-05 21:15:00,451.0,23.3,30.0,0.0,3.0,0.375
2024-03-05 21:30:00,455.0,23.3,29.0,0.0,3.0,0.4
2024-03-05 21:45:00,438.0,23.0,29.0,0.0,4.0,0.3
2024-03-05 22:00:00,451.0,22.8,30.0,0.0,7.0,0.44999999999999996
2024-03-05 22:15:00,440.5,22.65,30.5,0.0,1.5,0.6
2024-03-05 22:30:00,447.0,22.5,32.0,0.0,1.0,0.3333333333333333
2024-03-05 22:45:00,441.0,22.5,33.0,0.0,2.0,0.3333333333333333
2024-03-05 23:00:00,447.0,22.3,34.0,0.0,2.0,0.3333333333333333
2024-03-05 23:15:00,444.0,22.5,34.0,0.0,5.0,0.3333333333333333
2024-03-05 23:30:00,467.0,22.8,34.0,0.0,1.0,0.3333333333333333
2024-03-05 23:45:00,467.0,23.0,34.0,0.0,1.0,0.34210526315789475
2024-03-06 00:00:00,452.0,23.0,34.0,0.0,3.0,0.3508771929824561
2024-03-06 00:15:00,477.5,23.3,34.0,0.0,1.0,0.35964912280701755
2024-03-06 00:30:00,473.0,23.3,34.0,0.0,1.0,0.3684210526315789
2024-03-06 00:45:00,459.0,23.5,34.0,0.0,2.0,0.37719298245614036
2024-03-06 01:00:00,490.0,23.5,35.0,0.0,3.0,0.38596491228070173
2024-03-06 01:15:00,483.0,23.5,35.0,0.0,1.0,0.39473684210526316
2024-03-06 01:30:00,468.0,23.5,35.0,0.0,2.0,0.40350877192982454
2024-03-06 01:45:00,482.0,23.5,35.0,0.0,1.0,0.41228070175438597
2024-03-06 02:00:00,482.0,23.5,35.0,0.0,3.0,0.42105263157894735
2024-03-06 02:15:00,460.0,23.3,35.0,0.0,2.0,0.4298245614035088
2024-03-06 02:30:00,466.5,23.3,35.5,0.0,2.5,0.43859649122807015
2024-03-06 02:45:00,463.0,23.0,36.0,0.0,5.0,0.4473684210526316
2024-03-06 03:00:00,465.0,23.0,36.0,1.0,1.0,0.45614035087719296
2024-03-06 03:15:00,484.0,23.0,36.0,3.0,2.0,0.4649122807017544
2024-03-06 03:30:00,477.0,23.0,37.0,6.0,2.0,0.4736842105263158
2024-03-06 03:45:00,444.0,23.0,37.0,14.0,1.0,0.4824561403508772
2024-03-06 04:00:00,460.0,22.8,37.0,3.0,1.0,0.49122807017543857
2024-03-06 04:15:00,460.0,22.8,37.0,16.0,2.0,0.5
2024-03-06 04:30:00,469.5,22.8,38.0,13.0,2.0,0.0
2024-03-06 04:45:00,466.0,22.8,38.0,16.0,3.0,0.05555555555555555
2024-03-06 05:00:00,460.0,22.8,38.0,14.0,2.0,0.1111111111111111
2024-03-06 05:15:00,464.0,22.8,38.0,6.0,1.0,0.16666666666666666
2024-03-06 05:30:00,471.0,22.5,38.0,11.0,3.0,0.2222222222222222
2024-03-06 05:45:00,443.0,22.8,39.0,19.0,3.0,0.27777777777777773
2024-03-06 06:00:00,454.0,22.8,39.0,7.0,4.0,0.3333333333333333
2024-03-06 06:15:00,456.0,22.5,39.0,11.0,1.0,0.5555555555555556
2024-03-06 06:30:00,482.5,22.65,39.5,14.0,8.5,0.7777777777777778
2024-03-06 06:45:00,482.0,22.8,40.0,11.0,4.0,1.0
2024-03-06 07:00:00,490.0,22.5,40.0,6.0,1.0,0.0
2024-03-06 07:15:00,484.0,22.5,41.0,0.0,1.0,0.30526315789473685
2024-03-06 07:30:00,467.0,22.8,41.0,0.0,1.0,0.6105263157894737
2024-03-06 07:45:00,466.0,22.8,42.0,0.0,5.0,0.9157894736842106
2024-03-06 08:00:00,458.0,22.8,42.0,0.0,3.0,1.2210526315789474
2024-03-06 08:15:00,455.0,22.8,43.0,0.0,2.0,1.5263157894736843
2024-03-06 08:30:00,479.0,23.0,43.5,0.0,2.0,2.3448275862068964
2024-03-06 08:45:00,504.0,23.3,45.0,0.0,3.0,1.596774193548387
2024-03-06 09:00:00,497.0,23.3,45.0,0.0,1.0,1.6122448979591837
2024-03-06 09:15:00,492.0,23.3,45.0,0.0,2.0,1.488888888888889
2024-03-06 09:30:00,490.0,23.5,45.0,0.0,1.0,1.5396825396825398
2024-03-06 09:45:00,497.0,23.5,44.0,0.0,1.0,1.4285714285714286
2024-03-06 10:00:00,507.0,23.8,44.0,0.0,2.0,1.0666666666666667
2024-03-06 10:15:00,498.0,23.8,44.0,0.0,2.0,0.36363636363636365
2024-03-06 10:30:00,509.0,24.0,43.0,0.0,1.0,1.5161290322580645
2024-03-06 10:45:00,522.0,24.9,42.0,0.0,3.5,1.9298245614035088
2024-03-06 11:00:00,526.0,25.3,40.0,0.0,5.0,2.658536585365854
2024-03-06 11:15:00,489.0,25.0,39.0,0.0,2.0,3.0476190476190474
2024-03-06 11:30:00,490.0,24.5,40.0,0.0,1.0,2.116279069767442
2024-03-06 11:45:00,486.0,24.5,40.0,0.0,1.0,5.037313432835821
2024-03-06 12:00:00,489.0,24.5,40.0,0.0,2.0,1.9142857142857144
2024-03-06 12:15:00,458.0,24.5,39.0,0.0,3.0,1.484375
2024-03-06 12:30:00,470.0,24.8,40.0,0.0,1.0,0.47368421052631576
2024-03-06 12:45:00,464.0,24.9,41.0,0.0,2.5,0.9411764705882353
2024-03-06 13:00:00,462.0,25.0,45.0,0.0,3.0,0.6363636363636364
2024-03-06 13:15:00,468.0,25.3,48.0,0.0,2.0,1.1578947368421053
2024-03-06 13:30:00,457.5,25.3,47.5,0.0,2.0,1.3157894736842106
2024-03-06 13:45:00,440.0,25.3,45.0,0.0,1.0,2.3617021276595747
2024-03-06 14:00:00,457.3333333333333,25.3,43.0,10.666666666666666,4.333333333333333,2.7232704402515724
2024-03-06 14:15:00,456.0,25.3,46.0,0.0,4.0,3.5
2024-03-06 14:30:00,461.0,25.3,47.0,0.0,4.5,3.6136363636363638
2024-03-06 14:45:00,449.0,25.5,47.0,0.0,1.0,3.355828220858896
2024-03-06 15:00:00,458.3333333333333,25.3,48.0,18.0,1.6666666666666667,2.644628099173554
2024-03-06 15:15:00,463.0,25.5,46.0,0.0,2.0,1.8243243243243243
2024-03-06 15:30:00,446.0,25.3,45.0,0.0,5.0,2.2131147540983607
2024-03-06 15:45:00,452.0,25.3,45.0,0.0,3.0,1.6744186046511629
2024-03-06 16:00:00,452.0,25.0,45.5,35.5,2.5,3.1770833333333335
2024-03-06 16:15:00,447.0,24.8,46.0,14.0,2.0,3.451388888888889
2024-03-06 16:30:00,456.3333333333333,24.7,46.666666666666664,0.0,3.6666666666666665,2.9611650485436893
2024-03-06 16:45:00,443.5,24.3,48.0,37.0,2.0,1.8448275862068966
2024-03-06 17:00:00,450.6666666666667,24.099999999999998,49.333333333333336,61.333333333333336,3.6666666666666665,1.5384615384615385
2024-03-06 17:15:00,448.5,24.0,52.0,0.0,2.0,1.04
2024-03-06 17:30:00,439.0,24.0,53.0,0.0,2.0,0.7777777777777778
2024-03-06 17:45:00,443.0,24.0,53.0,0.0,3.0,0.9
2024-03-06 18:00:00,441.0,23.8,55.5,0.0,2.5,1.5625
2024-03-06 18:15:00,446.0,23.5,56.0,0.0,2.0,1.6666666666666667
2024-03-06 18:30:00,448.5,23.5,57.0,0.0,4.0,1.5
2024-03-06 18:45:00,444.6666666666667,23.3,59.333333333333336,0.0,1.6666666666666667,1.5076923076923077
2024-03-06 19:00:00,460.0,23.15,60.0,0.0,3.0,1.3793103448275863
2024-03-06 19:15:00,484.3333333333333,23.0,61.0,0.0,3.3333333333333335,0.75
2024-03-06 19:30:00,480.0,23.0,62.0,14.0,9.0,0.7727272727272727
2024-03-06 19:45:00,469.0,22.8,62.5,41.0,3.0,0.75
2024-03-06 20:00:00,477.0,22.8,63.0,27.0,3.0,1.55
2024-03-06 20:15:00,473.0,22.5,64.0,19.0,7.0,1.0
2024-03-06 20:30:00,494.0,22.5,63.5,10.0,3.0,1.1666666666666667
2024-03-06 20:45:00,477.0,22.3,63.0,6.0,4.0,0.5
2024-03-06 21:00:00,478.0,22.3,64.0,3.0,7.0,0.625
2024-03-06 21:15:00,462.5,22.15,63.25,7.25,4.0,1.5
2024-03-06 21:30:00,461.0,22.0,63.0,6.0,4.0,1.05
2024-03-06 21:45:00,470.0,22.3,62.0,1.5,4.0,0.6
2024-03-06 22:00:00,453.0,22.5,62.0,0.0,4.0,0.3333333333333333
2024-03-06 22:15:00,456.0,22.5,61.0,0.0,2.0,0.6666666666666666
2024-03-06 22:30:00,441.0,22.8,61.0,0.0,2.0,1.0
2024-03-06 22:45:00,439.0,22.8,60.0,0.0,2.0,1.3333333333333333
2024-03-06 23:00:00,441.0,23.0,60.0,12.0,4.5,0.9090909090909091
2024-03-06 23:15:00,464.0,23.3,59.0,21.0,5.0,0.375
2024-03-06 23:30:00,457.0,23.3,59.0,21.0,5.0,0.2857142857142857
2024-03-06 23:45:00,468.0,23.5,58.0,21.0,8.0,0.5
2024-03-07 00:00:00,476.0,23.5,58.0,19.0,15.0,0.2
2024-03-07 00:15:00,457.0,23.5,58.0,19.0,17.0,0.5454545454545454
2024-03-07 00:30:00,481.0,23.65,57.0,19.0,18.5,0.3333333333333333
2024-03-07 00:45:00,467.3333333333333,23.8,57.0,19.0,22.333333333333332,0.4
2024-03-07 01:00:00,473.5,23.8,57.0,19.0,27.0,1.5555555555555556
2024-03-07 01:15:00,473.3333333333333,23.8,57.0,20.333333333333332,28.333333333333332,0.3333333333333333
2024-03-07 01:30:00,470.0,23.8,56.0,19.0,33.0,0.3333333333333333
2024-03-07 01:45:00,478.0,23.8,56.0,21.0,37.5,0.3333333333333333
2024-03-07 02:00:00,482.0,23.8,56.0,21.0,38.0,0.3333333333333333
2024-03-07 02:15:00,463.0,23.8,56.0,21.0,32.0,0.3454861111111111
2024-03-07 02:30:00,472.6666666666667,23.8,56.0,21.0,41.0,0.3576388888888889
2024-03-07 02:45:00,464.0,23.8,56.0,21.0,37.0,0.36979166666666663
2024-03-07 03:00:00,463.0,23.8,55.5,21.0,39.0,0.3819444444444444
2024-03-07 03:15:00,463.3333333333333,23.8,55.0,21.0,51.333333333333336,0.3940972222222222
2024-03-07 03:30:00,471.0,23.8,55.0,21.0,47.0,0.40625
2024-03-07 03:45:00,463.5,23.5,55.0,22.5,43.0,0.4184027777777778
2024-03-07 04:00:00,454.0,23.5,55.0,21.0,42.5,0.4305555555555555
2024-03-07 04:15:00,464.0,23.433333333333334,55.0,19.666666666666668,42.333333333333336,0.4427083333333333
2024-03-07 04:30:00,462.0,23.3,55.0,18.0,28.0,0.4548611111111111
2024-03-07 04:45:00,450.0,23.3,55.0,16.0,43.5,0.46701388888888884
2024-03-07 05:00:00,442.0,23.15,55.0,16.5,43.5,0.47916666666666663
2024-03-07 05:15:00,446.0,23.0,55.0,19.0,55.0,0.4913194444444444
2024-03-07 05:30:00,450.6666666666667,23.0,55.0,20.333333333333332,39.666666666666664,0.5034722222222222
2024-03-07 05:45:00,447.0,23.0,55.0,21.0,47.0,0.515625
2024-03-07 06:00:00,445.5,23.0,55.0,21.0,46.5,0.5277777777777778
2024-03-07 06:15:00,448.0,23.0,54.666666666666664,18.666666666666668,41.0,0.5399305555555556
2024-03-07 06:30:00,469.0,23.0,54.0,11.0,41.0,0.5520833333333333
2024-03-07 06:45:00,457.0,23.0,54.0,14.0,31.0,0.5642361111111112
2024-03-07 07:00:00,453.0,22.9,54.0,12.5,25.0,0.5763888888888888
2024-03-07 07:15:00,450.0,22.8,54.0,9.0,8.0,0.5885416666666667
2024-03-07 07:30:00,439.6666666666667,22.866666666666664,52.666666666666664,6.0,4.666666666666667,0.6006944444444444
2024-03-07 07:45:00,439.0,23.0,51.0,3.0,3.0,0.6128472222222222
2024-03-07 08:00:00,440.6666666666667,23.0,51.0,8.333333333333334,2.3333333333333335,0.625
2024-03-07 08:15:00,439.5,23.0,50.5,0.5,4.5,1.7204301075268817
2024-03-07 08:30:00,442.0,23.0,50.0,1.0,3.0,0.3333333333333333
2024-03-07 08:45:00,450.0,23.0,50.0,1.0,2.0,0.9411764705882353
2024-03-07 09:00:00,444.5,23.15,50.0,0.0,4.0,1.25
2024-03-07 09:15:00,438.0,23.3,49.0,0.0,3.0,1.5384615384615385
2024-03-07 09:30:00,456.3333333333333,23.3,49.0,0.0,3.3333333333333335,0.6190476190476191
2024-03-07 09:45:00,485.0,23.3,49.0,0.0,5.333333333333333,1.0666666666666667
2024-03-07 10:00:00,492.0,23.5,49.0,0.0,9.0,0.8095238095238095
2024-03-07 10:15:00,504.0,23.5,49.0,0.5,4.0,1.5918367346938775
2024-03-07 10:30:00,497.0,23.5,49.0,19.0,5.0,0.8620689655172413
2024-03-07 10:45:00,505.0,23.8,48.0,14.0,3.0,0.7142857142857143
2024-03-07 11:00:00,544.0,24.0,48.0,3.0,7.0,1.288888888888889
2024-03-07 11:15:00,545.0,24.3,47.0,21.0,2.0,2.6090225563909772
2024-03-07 11:30:00,550.0,24.3,47.0,3.0,2.0,1.780701754385965
2024-03-07 11:45:00,579.5,24.4,47.0,1.0,5.5,1.62015503875969
2024-03-07 12:00:00,581.0,24.8,47.0,1.0,4.0,2.088050314465409
2024-03-07 12:15:00,578.0,24.8,47.0,0.0,5.0,3.2887700534759357
2024-03-07 12:30:00,546.0,24.5,47.0,11.0,5.0,1.7307692307692308
2024-03-07 12:45:00,557.0,24.8,47.0,14.0,3.0,2.9788732394366195
2024-03-07 13:00:00,556.0,24.8,47.0,6.0,8.0,3.5575221238938055
2024-03-07 13:15:00,554.0,24.3,47.5,1.0,2.0,3.1944444444444446
2024-03-07 13:30:00,533.0,24.0,48.0,1.0,2.0,2.134228187919463
2024-03-07 13:45:00,527.0,24.0,48.0,1.0,1.0,2.3333333333333335
2024-03-07 14:00:00,527.0,24.0,48.0,1.0,1.0,1.8414634146341464
2024-03-07 14:15:00,507.0,24.0,48.0,0.0,3.0,2.792452830188679
2024-03-07 14:30:00,491.0,23.8,48.0,39.0,1.0,3.8154761904761907
2024-03-07 14:45:00,488.0,23.8,48.0,6.0,4.0,2.8133333333333335
2024-03-07 15:00:00,512.0,23.8,47.0,0.0,3.0,3.782608695652174
2024-03-07 15:15:00,478.0,23.8,46.5,0.0,1.5,2.9402173913043477
2024-03-07 15:30:00,448.0,23.8,46.0,0.0,8.0,4.1210191082802545
2024-03-07 15:45:00,462.0,23.8,46.0,0.0,5.0,3.6699507389162562
2024-03-07 16:00:00,476.0,23.8,47.0,0.0,3.0,1.9618320610687023
2024-03-07 16:15:00,458.0,24.0,47.0,0.0,1.0,2.541176470588235
2024-03-07 16:30:00,471.0,24.0,47.0,0.0,2.0,3.2627737226277373
2024-03-07 16:45:00,475.0,24.0,47.0,0.0,2.0,1.8849557522123894
2024-03-07 17:00:00,465.0,23.8,48.0,0.0,2.0,1.7582417582417582
2024-03-07 17:15:00,452.0,23.8,47.0,0.0,2.0,2.721518987341772
2024-03-07 17:30:00,462.0,23.5,48.0,0.0,2.0,2.4293785310734464
2024-03-07 17:45:00,471.0,23.5,48.0,3.0,3.0,3.5991189427312777
2024-03-07 18:00:00,489.0,23.5,48.0,3.0,5.0,3.289473684210526
2024-03-07 18:15:00,517.0,23.3,49.0,27.0,2.0,3.7697368421052633
2024-03-07 18:30:00,537.5,23.3,50.5,30.0,3.5,2.0
2024-03-07 18:45:00,506.0,23.0,51.0,3.0,7.0,2.3956043956043955
2024-03-07 19:00:00,499.0,23.0,51.0,0.0,4.0,2.5775862068965516
2024-03-07 19:15:00,504.0,22.8,52.0,0.0,4.0,2.13953488372093
2024-03-07 19:30:00,497.0,22.5,51.0,1.0,2.0,1.7619047619047619
2024-03-07 19:45:00,504.0,22.3,52.0,1.0,3.0,2.1121495327102804
2024-03-07 20:00:00,507.0,22.3,52.0,6.0,3.0,1.5
2024-03-07 20:15:00,491.5,22.65,51.0,0.5,2.0,1.5833333333333333
2024-03-07 20:30:00,469.0,22.8,50.0,0.0,6.0,1.5714285714285714
2024-03-07 20:45:00,470.0,23.0,50.0,0.0,3.0,1.4722222222222223
2024-03-07 21:00:00,473.0,23.0,50.0,0.0,4.0,1.05
2024-03-07 21:15:00,476.0,23.0,50.0,0.0,3.0,1.627906976744186
2024-03-07 21:30:00,450.0,23.0,49.0,0.0,2.0,1.8333333333333333
2024-03-07 21:45:00,458.0,23.0,49.0,0.0,2.0,1.2058823529411764
2024-03-07 22:00:00,447.0,23.0,49.0,0.0,3.0,1.5238095238095237
2024-03-07 22:15:00,435.0,23.0,49.0,1.0,3.0,1.25
2024-03-07 22:30:00,441.0,23.0,49.0,1.0,4.0,0.3333333333333333
2024-03-07 22:45:00,453.0,23.3,49.0,0.0,3.0,0.3333333333333333
2024-03-07 23:00:00,455.0,23.0,49.0,0.0,4.0,0.3333333333333333
2024-03-07 23:15:00,438.0,23.3,49.0,0.0,4.0,0.3333333333333333
2024-03-07 23:30:00,439.0,23.3,49.0,0.0,5.0,0.3333333333333333
2024-03-07 23:45:00,450.0,23.3,49.0,1.0,9.0,0.3333333333333333
2024-03-08 00:00:00,454.5,23.15,49.0,2.5,15.5,0.3333333333333333
2024-03-08 00:15:00,464.0,23.0,49.0,6.0,25.0,0.3333333333333333
2024-03-08 00:30:00,461.0,23.0,49.0,9.0,20.0,0.3333333333333333
2024-03-08 00:45:00,464.0,23.0,49.0,11.0,15.0,0.3333333333333333
2024-03-08 01:00:00,465.0,22.8,49.0,11.0,19.0,0.3333333333333333
2024-03-08 01:15:00,458.0,22.8,49.0,11.0,21.0,0.3333333333333333
2024-03-08 01:30:00,472.5,22.8,50.0,14.0,28.0,0.3333333333333333
2024-03-08 01:45:00,454.0,22.5,50.0,14.0,30.0,0.3333333333333333
2024-03-08 02:00:00,457.0,22.5,50.0,14.0,26.0,0.3333333333333333
2024-03-08 02:15:00,464.0,22.5,50.0,16.0,33.0,0.3333333333333333
2024-03-08 02:30:00,458.0,22.3,50.0,16.0,44.0,0.3333333333333333
2024-03-08 02:45:00,450.0,22.3,50.0,21.0,28.0,0.3333333333333333
2024-03-08 03:00:00,456.0,22.3,51.0,24.0,33.0,0.3333333333333333
2024-03-08 03:15:00,454.0,22.3,51.0,22.5,40.0,0.3333333333333333
2024-03-08 03:30:00,452.0,22.0,51.0,24.0,33.0,0.3333333333333333
2024-03-08 03:45:00,456.0,22.0,51.0,24.0,36.0,0.4
2024-03-08 04:00:00,455.0,22.0,51.0,24.0,40.0,0.4666666666666667
2024-03-08 04:15:00,445.0,22.0,51.0,24.0,36.0,0.5333333333333333
2024-03-08 04:30:00,445.0,22.0,51.0,21.0,45.0,0.6000000000000001
2024-03-08 04:45:00,454.0,22.0,51.0,27.0,40.0,0.6666666666666667
2024-03-08 05:00:00,445.0,22.0,51.0,24.0,51.0,0.7333333333333334
2024-03-08 05:15:00,455.0,22.0,51.0,29.5,37.0,0.8
2024-03-08 05:30:00,452.0,22.0,51.0,27.0,46.0,0.8666666666666667
2024-03-08 05:45:00,443.0,21.8,50.0,27.0,36.0,0.9333333333333333
2024-03-08 06:00:00,458.0,21.8,51.0,27.0,49.0,1.0
2024-03-08 06:15:00,450.0,21.8,51.0,27.0,38.0,0.0
2024-03-08 06:30:00,451.0,21.8,51.0,24.0,39.0,0.3333333333333333
2024-03-08 06:45:00,457.0,21.8,51.0,24.0,50.0,0.3333333333333333
2024-03-08 07:00:00,448.0,21.8,51.0,20.0,41.0,0.3333333333333333
2024-03-08 07:15:00,458.0,22.0,51.0,0.0,4.0,0.3333333333333333
2024-03-08 07:30:00,462.0,22.5,50.0,0.0,4.0,0.3333333333333333
2024-03-08 07:45:00,473.0,23.0,49.0,0.0,5.0,1.7777777777777777
2024-03-08 08:00:00,468.0,23.5,49.0,0.0,2.0,1.4736842105263157
2024-03-08 08:15:00,469.0,23.8,48.0,0.0,2.0,0.8666666666666667
2024-03-08 08:30:00,474.0,24.0,49.0,0.0,4.0,0.9354838709677419
2024-03-08 08:45:00,466.0,24.0,49.5,0.5,3.0,0.8571428571428571
2024-03-08 09:00:00,482.0,23.8,51.0,1.0,2.0,0.3333333333333333
2024-03-08 09:15:00,466.0,23.8,52.0,0.0,6.0,1.3255813953488371
2024-03-08 09:30:00,480.0,23.8,52.0,0.0,5.0,0.3333333333333333
2024-03-08 09:45:00,460.0,23.5,52.0,0.0,7.0,0.8333333333333334
2024-03-08 10:00:00,484.0,23.8,52.0,0.0,4.0,1.5340909090909092
2024-03-08 10:15:00,519.0,23.8,53.0,0.0,7.0,0.56
2024-03-08 10:30:00,518.0,23.8,52.0,0.0,5.0,0.7
2024-03-08 10:45:00,509.0,24.0,52.0,0.0,6.0,1.6875
2024-03-08 11:00:00,514.0,24.0,52.0,0.0,3.0,3.402439024390244
2024-03-08 11:15:00,537.0,24.3,52.0,0.0,5.0,2.246153846153846
2024-03-08 11:30:00,542.0,24.5,52.0,0.0,2.0,2.917293233082707
2024-03-08 11:45:00,561.0,24.8,52.0,0.0,3.0,1.8297872340425532
2024-03-08 12:00:00,600.0,24.8,52.0,0.0,3.0,1.2105263157894737
2024-03-08 12:15:00,602.0,24.5,53.0,1.0,3.0,1.9811320754716981
2024-03-08 12:30:00,580.5,24.4,54.0,0.0,2.0,2.104651162790698
2024-03-08 12:45:00,534.0,24.3,55.0,0.0,4.0,1.605263157894737
2024-03-08 13:00:00,533.0,24.3,55.0,0.0,6.0,1.8031496062992125
2024-03-08 13:15:00,514.0,24.3,56.0,0.0,7.0,1.6829268292682926
2024-03-08 13:30:00,469.0,24.3,56.0,0.0,5.0,3.150943396226415
2024-03-08 13:45:00,460.0,24.5,56.0,0.0,6.0,2.221052631578947
2024-03-08 14:00:00,469.0,24.8,56.0,0.0,6.0,2.157142857142857
2024-03-08 14:15:00,454.5,25.15,55.5,0.0,6.0,2.5476190476190474
2024-03-08 14:30:00,457.0,25.3,55.0,0.0,6.0,2.976
2024-03-08 14:45:00,463.0,25.3,56.0,0.0,7.0,3.4609375
2024-03-08 15:00:00,452.0,25.3,55.0,0.0,6.0,2.5280898876404496
2024-03-08 15:15:00,454.0,25.5,55.0,0.0,4.0,4.3776223776223775
2024-03-08 15:30:00,456.0,25.5,55.0,0.0,4.0,2.2330827067669174
2024-03-08 15:45:00,468.0,25.8,55.0,0.0,8.0,2.893939393939394
2024-03-08 16:00:00,472.0,26.0,55.0,0.0,4.5,3.0707070707070705
2024-03-08 16:15:00,461.0,26.3,55.0,0.0,4.0,3.491329479768786
2024-03-08 16:30:00,464.0,26.0,55.0,0.0,7.0,2.8716216216216215
2024-03-08 16:45:00,467.0,26.0,56.0,0.0,5.0,2.781609195402299
2024-03-08 17:00:00,453.0,26.0,56.0,0.0,5.0,2.2016129032258065
2024-03-08 17:15:00,471.0,26.0,56.0,0.0,6.0,2.947712418300654
2024-03-08 17:30:00,487.0,25.8,56.0,0.0,6.0,2.578231292517007
2024-03-08 17:45:00,456.0,25.5,57.0,0.0,4.0,1.9508196721311475
2024-03-08 18:00:00,448.0,25.5,58.0,0.0,6.5,2.3315217391304346
2024-03-08 18:15:00,471.0,25.0,59.0,0.0,6.0,1.900763358778626
2024-03-08 18:30:00,465.0,25.0,59.0,0.0,6.0,2.256198347107438
2024-03-08 18:45:00,462.0,24.8,60.0,0.0,4.0,1.509433962264151
2024-03-08 19:00:00,442.0,24.5,61.0,0.0,6.0,0.9545454545454546
2024-03-08 19:15:00,443.0,24.5,63.0,0.0,7.0,1.6363636363636365
2024-03-08 19:30:00,452.0,24.3,64.0,0.0,5.0,1.8142857142857143
2024-03-08 19:45:00,460.0,23.9,67.5,0.0,3.5,1.4680851063829787
2024-03-08 20:00:00,458.0,23.8,69.0,0.0,5.0,0.8518518518518519
2024-03-08 20:15:00,443.0,23.8,70.0,0.0,6.0,0.36363636363636365
2024-03-08 20:30:00,463.0,23.5,70.0,0.0,5.0,0.4
2024-03-08 20:45:00,457.0,23.5,71.0,0.0,4.0,1.1
2024-03-08 21:00:00,452.0,23.5,71.0,0.0,4.0,1.0909090909090908
2024-03-08 21:15:00,468.0,23.3,71.0,0.0,2.0,1.0384615384615385
2024-03-08 21:30:00,475.0,23.15,71.5,0.0,3.5,1.0192307692307692
2024-03-08 21:45:00,490.0,23.0,72.0,1.0,3.0,1.0
2024-03-08 22:00:00,485.0,22.8,73.0,0.0,2.0,1.2432432432432432
2024-03-08 22:15:00,491.0,22.8,73.0,1.0,2.0,1.0810810810810811
2024-03-08 22:30:00,495.0,22.8,73.0,0.0,3.0,1.24
2024-03-08 22:45:00,496.0,22.8,73.0,0.0,2.0,0.3333333333333333
2024-03-08 23:00:00,478.0,22.5,74.0,0.0,1.0,0.3888888888888889
2024-03-08 23:15:00,496.0,22.8,73.0,0.0,3.0,0.3333333333333333
2024-03-08 23:30:00,521.0,23.0,73.0,0.0,2.0,1.1363636363636365
2024-03-08 23:45:00,544.0,23.4,71.0,0.5,4.0,0.29411764705882354
2024-03-09 00:00:00,566.0,23.5,70.0,1.0,8.0,1.2307692307692308
2024-03-09 00:15:00,543.0,23.8,69.0,11.0,6.0,0.5
2024-03-09 00:30:00,557.0,23.8,69.0,16.0,6.0,1.5087719298245614
2024-03-09 00:45:00,564.0,23.8,69.0,14.0,11.0,1.206896551724138
2024-03-09 01:00:00,558.0,24.0,68.0,16.0,8.0,0.3333333333333333
2024-03-09 01:15:00,572.0,23.8,68.0,16.0,8.0,0.5714285714285714
2024-03-09 01:30:00,560.5,24.0,67.0,16.0,6.5,0.2
2024-03-09 01:45:00,542.0,24.0,67.0,14.0,11.0,0.25
2024-03-09 02:00:00,537.0,24.0,66.0,14.0,11.0,0.30000000000000004
2024-03-09 02:15:00,553.0,23.8,66.0,16.0,11.0,0.35000000000000003
2024-03-09 02:30:00,522.0,23.8,66.0,19.0,13.0,0.4
2024-03-09 02:45:00,532.0,23.8,66.0,16.0,11.0,0.39682539682539686
2024-03-09 03:00:00,530.0,23.8,66.0,19.0,12.0,0.3936507936507937
2024-03-09 03:15:00,516.0,23.8,66.0,21.0,9.0,0.3904761904761905
2024-03-09 03:30:00,517.5,23.5,66.0,21.0,15.5,0.3873015873015873
2024-03-09 03:45:00,509.0,23.5,65.0,21.0,15.0,0.38412698412698415
2024-03-09 04:00:00,504.0,23.5,65.0,21.0,14.0,0.380952380952381
2024-03-09 04:15:00,504.0,23.3,65.0,21.0,19.0,0.37777777777777777
2024-03-09 04:30:00,502.0,23.3,65.0,21.0,13.0,0.3746031746031746
2024-03-09 04:45:00,506.0,23.3,65.0,24.0,10.0,0.37142857142857144
2024-03-09 05:00:00,494.0,23.3,65.0,24.0,11.0,0.3682539682539683
2024-03-09 05:15:00,505.5,23.0,65.0,24.0,13.0,0.36507936507936506
2024-03-09 05:30:00,506.0,23.0,65.0,24.0,18.0,0.3619047619047619
2024-03-09 05:45:00,495.0,23.0,65.0,24.0,12.0,0.35873015873015873
2024-03-09 06:00:00,498.0,23.0,65.0,24.0,16.0,0.35555555555555557
2024-03-09 06:15:00,481.0,22.8,64.0,24.0,13.0,0.35238095238095235
2024-03-09 06:30:00,483.0,22.8,64.0,24.0,14.0,0.3492063492063492
2024-03-09 06:45:00,478.0,22.8,64.0,24.0,16.0,0.346031746031746
2024-03-09 07:00:00,492.0,22.8,64.0,25.5,10.0,0.34285714285714286
2024-03-09 07:15:00,486.0,22.5,67.0,9.0,3.0,0.3396825396825397
2024-03-09 07:30:00,478.0,22.5,67.0,3.0,4.0,0.3365079365079365
2024-03-09 07:45:00,482.0,22.8,67.0,3.0,4.0,0.3333333333333333
2024-03-09 08:00:00,478.0,22.8,67.0,1.0,2.0,1.0555555555555556
2024-03-09 08:15:00,485.0,22.8,68.0,6.0,3.0,0.3076923076923077
2024-03-09 08:30:00,483.0,22.8,68.0,3.0,2.0,0.5454545454545454
2024-03-09 08:45:00,486.0,22.8,67.5,2.0,2.5,1.5
2024-03-09 09:00:00,489.0,23.0,67.0,1.0,4.0,1.5977011494252873
2024-03-09 09:15:00,493.0,23.3,66.0,6.0,4.0,0.36363636363636365
2024-03-09 09:30:00,516.0,23.3,65.0,16.0,2.0,2.06140350877193
2024-03-09 09:45:00,531.0,23.5,64.0,21.0,2.0,1.8432835820895523
2024-03-09 10:00:00,544.0,24.3,63.0,14.0,3.0,2.4901960784313726
2024-03-09 10:15:00,549.0,24.5,62.0,1.0,5.0,2.618181818181818
2024-03-09 10:30:00,561.0,25.0,61.0,0.0,10.0,1.9538461538461538
2024-03-09 10:45:00,563.5,25.65,58.0,1.5,6.5,1.690909090909091
2024-03-09 11:00:00,533.0,25.8,55.0,0.0,6.0,1.2790697674418605
2024-03-09 11:15:00,484.0,26.0,54.0,0.0,3.0,2.0813008130081303
2024-03-09 11:30:00,462.0,25.5,54.0,0.0,6.0,2.7794117647058822
2024-03-09 11:45:00,470.0,25.3,54.0,0.0,6.0,3.190082644628099
2024-03-09 12:00:00,458.0,25.5,53.0,0.0,4.0,3.4232804232804233
2024-03-09 12:15:00,446.0,25.5,52.0,0.0,1.0,3.1971830985915495
2024-03-09 12:30:00,466.0,25.65,50.5,0.0,2.0,2.565891472868217
2024-03-09 12:45:00,475.0,26.0,50.0,0.0,2.0,2.7745098039215685
2024-03-09 13:00:00,455.0,26.3,50.0,0.0,3.0,2.5303030303030303
2024-03-09 13:15:00,466.0,26.3,50.0,0.0,5.0,2.7906976744186047
2024-03-09 13:30:00,470.0,26.5,50.0,0.0,2.0,1.7058823529411764
2024-03-09 13:45:00,448.0,26.8,49.0,0.0,3.0,2.150442477876106
2024-03-09 14:00:00,460.0,27.0,49.0,0.0,2.0,3.5
2024-03-09 14:15:00,444.0,27.3,48.0,0.0,3.5,3.4635761589403975
2024-03-09 14:30:00,450.0,27.5,47.0,0.0,1.0,2.9746835443037973
2024-03-09 14:45:00,443.0,27.8,47.0,0.0,2.0,3.195804195804196
2024-03-09 15:00:00,444.0,27.8,46.0,0.0,1.0,2.780701754385965
2024-03-09 15:15:00,423.0,27.8,46.0,0.0,2.0,2.8584070796460175
2024-03-09 15:30:00,438.0,28.0,46.0,0.0,1.0,1.7966101694915255
2024-03-09 15:45:00,446.0,28.0,45.0,0.0,1.0,1.45
2024-03-09 16:00:00,417.5,28.15,45.0,0.0,1.5,1.6833333333333333
2024-03-09 16:15:00,431.0,28.3,45.0,0.0,2.0,1.3559322033898304
2024-03-09 16:30:00,420.0,28.3,44.0,0.0,3.0,2.0350877192982457
2024-03-09 16:45:00,431.0,28.3,44.0,0.0,2.0,0.4166666666666667
2024-03-09 17:00:00,428.0,28.0,44.0,0.0,2.0,1.6122448979591837
2024-03-09 17:15:00,430.0,28.0,44.0,0.0,1.0,1.0
2024-03-09 17:30:00,425.0,27.8,44.0,0.0,3.0,1.65
2024-03-09 17:45:00,435.0,27.5,44.0,0.0,2.0,0.7222222222222222
2024-03-09 18:00:00,434.5,27.5,44.0,0.0,2.5,1.3333333333333333
2024-03-09 18:15:00,425.0,27.3,44.0,0.0,2.0,0.9166666666666666
2024-03-09 18:30:00,442.0,27.3,44.0,0.0,4.0,1.2903225806451613
2024-03-09 18:45:00,430.0,27.3,44.0,0.0,1.0,1.0
2024-03-09 19:00:00,455.0,27.3,45.0,0.0,2.0,0.9166666666666666
2024-03-09 19:15:00,439.0,27.0,45.0,0.0,2.0,2.6097560975609757
2024-03-09 19:30:00,428.0,27.0,45.0,0.0,1.0,0.6428571428571429
2024-03-09 19:45:00,432.0,26.8,45.0,0.0,2.0,0.8
2024-03-09 20:00:00,434.0,26.5,46.0,0.0,3.0,0.8571428571428571
2024-03-09 20:15:00,437.0,26.3,46.0,0.0,2.5,0.4444444444444444
2024-03-09 20:30:00,432.0,26.0,46.0,0.0,2.0,0.5714285714285714
2024-03-09 20:45:00,442.0,25.8,46.0,0.0,2.0,0.4
2024-03-09 21:00:00,440.0,25.8,47.0,0.0,2.0,0.6956521739130435
2024-03-09 21:15:00,424.0,25.5,47.0,0.0,5.0,0.95
2024-03-09 21:30:00,444.0,25.5,47.0,0.0,3.0,1.6153846153846154
2024-03-09 21:45:00,442.0,25.3,47.0,0.0,1.0,0.2
2024-03-09 22:00:00,445.0,25.3,47.0,0.0,1.0,1.1071428571428572
2024-03-09 22:15:00,435.0,25.0,47.0,0.0,2.0,0.3333333333333333
2024-03-09 22:30:00,430.0,24.9,47.0,0.0,4.5,0.5666666666666667
2024-03-09 22:45:00,420.0,24.8,47.0,0.0,2.0,0.8
2024-03-09 23:00:00,426.0,24.8,48.0,0.0,2.0,0.8166666666666667
2024-03-09 23:15:00,438.0,25.0,47.0,0.0,2.0,0.8333333333333334
2024-03-09 23:30:00,432.0,25.5,46.0,0.0,3.0,0.0
2024-03-09 23:45:00,435.0,25.8,46.0,0.0,3.0,0.3333333333333333
2024-03-10 00:00:00,429.0,26.0,45.0,0.0,4.0,0.3333333333333333
2024-03-10 00:15:00,436.0,26.5,45.0,0.0,6.0,1.0
2024-03-10 00:30:00,436.0,26.5,44.0,0.0,13.5,0.2
2024-03-10 00:45:00,425.0,26.8,44.0,0.0,11.0,0.8
2024-03-10 01:00:00,437.0,27.0,43.0,0.0,12.0,1.4
2024-03-10 01:15:00,450.0,27.0,43.0,0.0,16.0,0.0
2024-03-10 01:30:00,444.0,27.0,43.0,0.0,16.0,0.3333333333333333
2024-03-10 01:45:00,446.0,27.0,43.0,1.0,21.0,0.6666666666666666
2024-03-10 02:00:00,438.0,27.3,43.0,3.0,19.0,1.0
2024-03-10 02:15:00,437.0,27.3,43.0,3.0,31.0,0.2
2024-03-10 02:30:00,448.0,27.3,43.0,3.0,28.0,0.6333333333333333
2024-03-10 02:45:00,458.0,27.3,43.0,11.0,28.0,1.0666666666666667
2024-03-10 03:00:00,441.0,27.3,43.0,11.0,31.0,1.5
2024-03-10 03:15:00,453.0,27.3,43.0,14.0,30.0,0.6
2024-03-10 03:30:00,426.0,27.3,43.0,14.0,37.0,0.5333333333333333
2024-03-10 03:45:00,432.0,27.3,43.0,16.0,34.0,0.4666666666666667
2024-03-10 04:00:00,444.0,27.3,43.0,16.0,31.0,0.4
2024-03-10 04:15:00,431.0,27.3,43.0,19.0,41.0,0.3333333333333333
2024-03-10 04:30:00,444.0,27.3,43.0,21.0,42.0,0.375
2024-03-10 04:45:00,436.0,27.0,43.0,16.0,47.0,0.41666666666666663
2024-03-10 05:00:00,437.5,27.0,43.0,16.5,43.5,0.4583333333333333
2024-03-10 05:15:00,422.0,26.8,43.0,14.0,47.0,0.5
2024-03-10 05:30:00,428.0,26.8,43.0,16.0,56.0,0.5416666666666666
2024-03-10 05:45:00,442.0,26.8,43.0,16.0,56.0,0.5833333333333333
2024-03-10 06:00:00,438.0,26.8,43.0,14.0,52.0,0.625
2024-03-10 06:15:00,431.0,26.8,43.0,14.0,54.0,0.6666666666666667
2024-03-10 06:30:00,426.0,26.8,43.0,14.0,56.0,0.7083333333333334
2024-03-10 06:45:00,437.0,26.8,43.0,12.0,64.0,0.75
2024-03-10 07:00:00,437.0,26.5,42.0,11.0,53.0,0.7916666666666667
2024-03-10 07:15:00,433.5,26.0,41.5,5.5,20.5,0.8333333333333333
2024-03-10 07:30:00,429.0,25.0,41.0,0.0,3.0,0.875
2024-03-10 07:45:00,444.0,24.8,42.0,0.0,2.0,0.9166666666666667
2024-03-10 08:00:00,421.0,24.5,42.0,0.0,3.0,0.9583333333333335
2024-03-10 08:15:00,422.0,24.5,43.0,0.0,2.0,1.0
2024-03-10 08:30:00,430.0,24.5,43.0,0.0,3.0,1.1111111111111112
2024-03-10 08:45:00,427.0,24.5,44.0,0.0,2.0,0.875
2024-03-10 09:00:00,441.0,24.5,44.0,0.0,5.0,1.1875
2024-03-10 09:15:00,432.0,24.5,44.0,0.0,2.0,0.5
2024-03-10 09:30:00,431.5,24.5,44.0,0.0,3.0,0.8888888888888888
2024-03-10 09:45:00,455.0,24.8,44.0,0.0,7.0,0.36363636363636365
2024-03-10 10:00:00,462.0,25.0,44.0,0.0,10.0,0.3333333333333333
2024-03-10 10:15:00,449.0,25.3,43.0,0.0,8.0,0.3402777777777778
2024-03-10 10:30:00,452.0,25.8,42.0,0.0,5.0,0.3472222222222222
2024-03-10 10:45:00,431.0,26.0,42.0,0.0,4.0,0.35416666666666663
2024-03-10 11:00:00,419.0,26.3,42.0,0.0,2.0,0.3611111111111111
2024-03-10 11:15:00,438.0,26.8,41.0,0.0,1.0,0.3680555555555556
2024-03-10 11:30:00,426.5,26.8,41.0,0.0,2.5,0.375
2024-03-10 11:45:00,428.0,26.3,40.0,0.0,2.0,0.3333333333333333
2024-03-10 12:00:00,430.0,26.3,41.0,0.0,1.0,0.36666666666666664
2024-03-10 12:15:00,433.0,26.0,41.0,0.0,2.0,0.4
2024-03-10 12:30:00,419.0,26.3,40.0,0.0,3.0,0.43333333333333335
2024-03-10 12:45:00,421.0,26.5,40.0,0.0,2.0,0.4666666666666667
2024-03-10 13:00:00,417.0,26.5,40.0,0.0,2.0,0.5
2024-03-10 13:15:00,424.0,26.8,40.0,0.0,1.0,0.0
2024-03-10 13:30:00,436.0,26.8,40.0,0.0,3.0,0.2222222222222222
2024-03-10 13:45:00,434.5,27.15,39.0,0.0,1.5,0.4444444444444444
2024-03-10 14:00:00,441.0,27.3,39.0,0.0,2.0,0.6666666666666666
2024-03-10 14:15:00,420.0,27.5,38.0,0.0,1.0,0.734375
2024-03-10 14:30:00,425.0,27.8,37.0,0.0,2.0,0.8020833333333333
2024-03-10 14:45:00,423.0,27.8,37.0,0.0,1.0,0.8697916666666666
2024-03-10 15:00:00,445.0,28.0,37.0,0.0,2.0,0.9375
2024-03-10 15:15:00,437.0,28.0,37.0,0.0,1.0,0.7272727272727273
2024-03-10 15:30:00,430.0,28.0,37.0,0.0,1.0,0.25
2024-03-10 15:45:00,429.0,28.3,36.5,0.0,2.5,1.12
2024-03-10 16:00:00,450.0,28.3,36.0,0.0,1.0,1.037037037037037
2024-03-10 16:15:00,439.0,28.5,36.0,0.0,1.0,0.5
2024-03-10 16:30:00,437.0,28.5,36.0,0.0,1.0,1.530612244897959
2024-03-10 16:45:00,461.0,28.5,36.0,0.0,6.0,1.9489795918367347
2024-03-10 17:00:00,432.0,28.5,36.0,0.0,3.0,1.484375
2024-03-10 17:15:00,450.0,28.5,36.0,0.0,2.0,0.9523809523809523
2024-03-10 17:30:00,437.0,28.5,36.0,0.0,7.0,1.34375
2024-03-10 17:45:00,432.0,28.5,36.0,0.0,1.0,1.7272727272727273
2024-03-10 18:00:00,437.0,28.5,36.0,0.0,2.0,1.5689655172413792
2024-03-10 18:15:00,439.0,28.3,36.0,0.0,2.0,1.5
2024-03-10 18:30:00,437.0,28.3,36.0,0.0,2.0,1.5
2024-03-10 18:45:00,434.0,28.3,36.0,0.0,3.0,1.0
2024-03-10 19:00:00,438.0,28.0,37.0,0.0,4.0,0.7142857142857143
2024-03-10 19:15:00,427.0,28.0,37.0,0.0,3.0,1.6153846153846154
2024-03-10 19:30:00,439.0,27.8,38.0,0.0,2.0,1.9075630252100841
2024-03-10 19:45:00,435.0,27.5,39.0,0.0,2.0,1.8307692307692307
2024-03-10 20:00:00,437.0,27.3,39.0,0.0,4.0,2.0064102564102564
2024-03-10 20:15:00,433.0,27.05,39.5,0.0,1.5,1.5396825396825398
2024-03-10 20:30:00,461.0,26.8,41.0,0.0,1.0,1.4556962025316456
2024-03-10 20:45:00,440.0,26.5,42.0,0.0,8.0,1.4375
2024-03-10 21:00:00,442.0,26.3,43.0,0.0,1.0,1.2173913043478262
2024-03-10 21:15:00,440.0,26.0,43.0,0.0,2.0,0.2727272727272727
2024-03-10 21:30:00,444.0,25.8,44.0,0.0,2.0,1.0
2024-03-10 21:45:00,444.0,25.8,44.0,0.0,5.0,0.6923076923076923
2024-03-10 22:00:00,443.0,25.8,44.0,0.0,3.0,0.5294117647058824
2024-03-10 22:15:00,445.0,25.5,45.5,0.0,3.0,0.3076923076923077
2024-03-10 22:30:00,441.0,25.3,47.0,0.0,1.0,0.3333333333333333
2024-03-10 22:45:00,440.0,25.3,48.0,0.0,2.0,0.5
2024-03-10 23:00:00,440.0,25.3,48.0,0.0,3.0,1.0
2024-03-10 23:15:00,465.0,25.3,48.0,0.0,3.0,0.3684210526315789
2024-03-10 23:30:00,465.0,25.5,47.0,0.0,5.0,0.5
2024-03-10 23:45:00,480.0,26.0,46.0,0.0,3.0,0.8333333333333334
2024-03-11 00:00:00,472.0,26.0,46.0,0.0,6.0,0.2
2024-03-11 00:15:00,453.0,26.3,46.0,0.0,5.0,1.3
2024-03-11 00:30:00,446.0,26.5,46.0,0.0,4.0,1.2307692307692308
2024-03-11 00:45:00,472.0,26.5,47.0,1.0,7.0,1.5294117647058822
2024-03-11 01:00:00,490.0,26.5,47.0,1.0,5.0,0.46153846153846156
2024-03-11 01:15:00,472.0,26.5,47.0,3.0,8.0,0.39743589743589747
2024-03-11 01:30:00,472.0,26.5,48.0,9.0,7.0,0.3333333333333333
2024-03-11 01:45:00,484.0,26.5,49.0,7.0,8.0,0.3333333333333333
2024-03-11 02:00:00,467.0,26.5,49.0,14.0,5.0,0.75
2024-03-11 02:15:00,467.0,26.5,51.0,7.0,8.0,0.5416666666666666
2024-03-11 02:30:00,460.0,26.5,52.0,11.0,8.0,0.3333333333333333
2024-03-11 02:45:00,463.5,26.4,54.0,10.0,7.0,0.3333333333333333
2024-03-11 03:00:00,460.0,26.3,55.0,9.0,6.0,0.3333333333333333
2024-03-11 03:15:00,459.0,26.3,55.0,11.0,9.0,0.3333333333333333
2024-03-11 03:30:00,470.0,26.3,55.0,14.0,8.0,0.3333333333333333
2024-03-11 03:45:00,444.0,26.3,55.0,14.0,5.0,0.625
2024-03-11 04:00:00,465.0,26.3,55.0,16.0,6.0,0.5758928571428571
2024-03-11 04:15:00,463.0,26.3,55.0,16.0,5.0,0.5267857142857143
2024-03-11 04:30:00,461.0,26.3,54.0,24.0,6.0,0.4776785714285714
2024-03-11 04:45:00,472.0,26.0,54.0,24.0,6.5,0.42857142857142855
2024-03-11 05:00:00,460.0,26.0,54.0,27.0,6.0,0.0
2024-03-11 05:15:00,457.0,26.0,54.0,34.0,6.0,0.3333333333333333
2024-03-11 05:30:00,467.0,26.0,54.0,34.0,4.0,0.3333333333333333
2024-03-11 05:45:00,476.0,25.8,54.0,36.0,7.0,0.3333333333333333
2024-03-11 06:00:00,470.0,25.8,54.0,29.0,9.0,0.3333333333333333
2024-03-11 06:15:00,470.0,25.8,54.0,32.0,6.0,0.3333333333333333
2024-03-11 06:30:00,472.0,25.8,54.0,34.0,6.0,0.3333333333333333
2024-03-11 06:45:00,461.0,25.8,54.0,34.0,8.0,0.3333333333333333
2024-03-11 07:00:00,460.0,25.8,54.0,34.0,6.5,0.3333333333333333
2024-03-11 07:15:00,482.0,24.5,54.0,6.0,6.0,0.3333333333333333
2024-03-11 07:30:00,456.0,24.3,54.0,1.0,1.0,0.7222222222222223
2024-03-11 07:45:00,447.0,24.0,54.0,0.0,1.0,1.1111111111111112
2024-03-11 08:00:00,451.0,23.8,55.0,0.0,3.0,1.1428571428571428
2024-03-11 08:15:00,452.0,23.8,55.0,0.0,2.0,1.45
2024-03-11 08:30:00,464.0,23.5,55.0,0.0,1.0,1.391304347826087
2024-03-11 08:45:00,471.0,23.5,55.0,0.0,1.0,2.633663366336634
2024-03-11 09:00:00,470.0,23.5,55.0,3.0,1.0,2.1037735849056602
2024-03-11 09:15:00,467.0,23.4,54.5,0.0,3.0,2.2586206896551726
2024-03-11 09:30:00,476.0,23.5,54.0,0.0,3.0,1.375
2024-03-11 09:45:00,444.0,23.5,54.0,0.0,3.0,2.439655172413793
2024-03-11 10:00:00,462.0,23.3,54.0,0.0,1.0,2.690909090909091
2024-03-11 10:15:00,468.0,23.5,54.0,0.0,2.0,3.0
2024-03-11 10:30:00,474.0,23.5,53.0,0.0,5.0,2.48
2024-03-11 10:45:00,490.0,23.5,53.0,0.0,2.0,1.6774193548387097
2024-03-11 11:00:00,489.0,23.8,52.0,0.0,3.0,1.3214285714285714
2024-03-11 11:15:00,461.0,23.8,51.0,0.0,2.0,1.5
2024-03-11 11:30:00,457.0,23.9,48.5,0.0,2.5,2.103448275862069
2024-03-11 11:45:00,451.0,24.5,46.0,0.0,3.0,3.572649572649573
2024-03-11 12:00:00,456.0,24.8,46.0,0.0,2.0,2.5163398692810457
2024-03-11 12:15:00,463.0,25.0,45.0,0.0,1.0,4.1640625
2024-03-11 12:30:00,470.0,25.3,43.0,0.0,3.0,2.9397590361445785
2024-03-11 12:45:00,488.0,25.5,42.0,0.0,5.0,2.5755395683453237
2024-03-11 13:00:00,476.0,25.8,42.0,0.0,1.0,1.5217391304347827
2024-03-11 13:15:00,467.0,26.3,40.0,0.0,1.0,1.484375
2024-03-11 13:30:00,472.0,26.4,38.5,0.0,2.5,0.84
2024-03-11 13:45:00,495.0,26.8,38.0,0.0,1.0,1.6122448979591837
2024-03-11 14:00:00,475.0,27.0,38.0,0.0,2.0,2.085714285714286
2024-03-11 14:15:00,457.0,27.0,38.0,0.0,1.0,2.6354166666666665
2024-03-11 14:30:00,474.0,27.3,37.0,0.0,1.0,2.7333333333333334
2024-03-11 14:45:00,474.0,27.5,37.0,0.0,1.0,2.6864406779661016
2024-03-11 15:00:00,453.0,27.5,37.0,0.0,2.0,3.194244604316547
2024-03-11 15:15:00,463.0,27.8,36.0,0.0,2.0,2.7028985507246377
2024-03-11 15:30:00,455.0,27.8,36.0,0.0,1.0,1.9133858267716535
2024-03-11 15:45:00,458.0,27.8,35.5,0.0,2.5,1.4929577464788732
2024-03-11 16:00:00,442.0,27.8,34.0,0.0,2.0,4.4731707317073175
2024-03-11 16:15:00,487.0,28.0,34.0,0.0,3.0,1.5217391304347827
2024-03-11 16:30:00,462.0,27.8,34.0,6.0,2.0,1.964705882352941
2024-03-11 16:45:00,485.0,27.8,35.0,0.0,3.0,2.1130434782608694
2024-03-11 17:00:00,480.0,27.8,36.0,0.0,1.0,2.8230769230769233
2024-03-11 17:15:00,474.0,27.5,36.0,0.0,1.0,2.611111111111111
2024-03-11 17:30:00,460.0,27.5,36.0,0.0,1.0,3.2312925170068025
2024-03-11 17:45:00,481.0,27.5,36.0,0.0,2.0,2.9
2024-03-11 18:00:00,458.0,27.5,36.0,0.0,1.5,1.5217391304347827
2024-03-11 18:15:00,438.0,27.3,36.0,0.0,3.0,0.8333333333333334
2024-03-11 18:30:00,436.0,27.3,36.0,0.0,1.0,1.0
2024-03-11 18:45:00,430.0,27.0,36.0,37.0,2.0,0.4
2024-03-11 19:00:00,437.0,27.0,36.0,0.0,1.0,0.36363636363636365
2024-03-11 19:15:00,432.0,26.8,36.0,0.0,4.0,0.3333333333333333
2024-03-11 19:30:00,436.0,26.8,36.0,0.0,2.0,1.4137931034482758
2024-03-11 19:45:00,451.0,26.5,36.0,0.0,2.0,1.6666666666666667
2024-03-11 20:00:00,432.5,26.3,37.0,0.0,1.0,1.1764705882352942
2024-03-11 20:15:00,427.0,26.0,38.0,0.0,1.0,0.3333333333333333
2024-03-11 20:30:00,432.0,25.8,38.0,0.0,2.0,1.0625
2024-03-11 20:45:00,443.0,25.8,39.0,0.0,2.0,1.1794871794871795
2024-03-11 21:00:00,451.0,25.5,39.0,0.0,1.0,1.1714285714285715
2024-03-11 21:15:00,452.0,25.5,39.0,0.0,5.0,1.3636363636363635
2024-03-11 21:30:00,447.0,25.5,39.0,0.0,2.0,2.1443298969072164
2024-03-11 21:45:00,453.0,25.3,39.0,0.0,3.0,1.6933333333333334
2024-03-11 22:00:00,433.0,25.3,40.0,0.0,1.0,1.5180722891566265
2024-03-11 22:15:00,439.0,24.8,40.0,1.5,2.0,1.3529411764705883
2024-03-11 22:30:00,439.0,24.8,41.0,21.0,3.0,1.092436974789916
2024-03-11 22:45:00,441.0,24.5,41.0,0.0,1.0,0.8319327731092437
2024-03-11 23:00:00,450.0,24.5,41.0,11.0,2.0,0.5714285714285714
2024-03-11 23:15:00,437.0,24.8,41.0,3.0,2.0,0.5785714285714285
2024-03-11 23:30:00,437.0,25.3,40.0,19.0,9.0,0.5857142857142856
2024-03-11 23:45:00,436.0,25.5,40.0,27.0,5.0,0.5928571428571429
2024-03-12 00:00:00,455.0,25.5,40.0,24.0,11.0,0.6
2024-03-12 00:15:00,459.0,25.8,40.0,4.5,9.5,0.2
2024-03-12 00:30:00,453.0,26.0,40.0,3.0,12.0,0.4
2024-03-12 00:45:00,470.0,26.0,40.0,3.0,9.0,0.25
2024-03-12 01:00:00,452.0,26.0,40.0,1.0,15.0,0.375
2024-03-12 01:15:00,450.0,26.0,40.0,3.0,13.0,0.37083333333333335
2024-03-12 01:30:00,469.0,26.3,40.0,3.0,13.0,0.36666666666666664
2024-03-12 01:45:00,455.0,26.3,39.0,1.0,11.0,0.3625
2024-03-12 02:00:00,475.0,26.3,39.0,1.0,15.0,0.35833333333333334
2024-03-12 02:15:00,437.5,26.3,39.0,2.0,16.0,0.35416666666666663
2024-03-12 02:30:00,451.0,26.3,39.0,3.0,21.0,0.35
2024-03-12 02:45:00,443.0,26.3,39.0,0.0,14.0,0.3458333333333333
2024-03-12 03:00:00,457.0,26.3,39.0,0.0,12.0,0.3416666666666667
2024-03-12 03:15:00,452.0,26.3,39.0,0.0,20.0,0.33749999999999997
2024-03-12 03:30:00,455.0,26.3,39.0,0.0,22.0,0.3333333333333333
2024-03-12 03:45:00,441.0,26.3,39.0,0.0,17.0,0.3333333333333333
2024-03-12 04:00:00,443.0,26.3,39.0,0.0,21.0,0.3333333333333333
2024-03-12 04:15:00,420.0,26.3,39.0,0.0,17.0,0.3333333333333333
2024-03-12 04:30:00,438.0,26.4,39.0,0.0,16.5,0.3333333333333333
2024-03-12 04:45:00,445.0,26.5,39.0,0.0,16.0,0.33888888888888885
2024-03-12 05:00:00,444.0,26.3,39.0,0.0,19.0,0.34444444444444444
2024-03-12 05:15:00,446.0,26.3,39.0,0.0,16.0,0.35
2024-03-12 05:30:00,457.0,26.3,39.0,0.0,18.0,0.35555555555555557
2024-03-12 05:45:00,453.0,26.3,39.0,0.0,17.0,0.3611111111111111
2024-03-12 06:00:00,438.0,26.3,39.0,0.0,23.0,0.3666666666666667
2024-03-12 06:15:00,447.0,26.3,40.0,0.0,22.0,0.37222222222222223
2024-03-12 06:30:00,446.0,26.0,40.0,0.0,15.0,0.37777777777777777
2024-03-12 06:45:00,445.5,26.0,40.5,0.5,20.0,0.38333333333333336
2024-03-12 07:00:00,460.0,26.0,41.0,3.0,15.0,0.3888888888888889
2024-03-12 07:15:00,452.0,24.8,44.0,0.0,4.0,0.3944444444444445
2024-03-12 07:30:00,449.0,24.5,45.0,0.0,2.0,0.4
2024-03-12 07:45:00,450.0,24.3,45.0,0.0,4.0,0.6411764705882352
2024-03-12 08:00:00,455.0,24.0,46.0,0.0,5.0,0.8823529411764706
2024-03-12 08:15:00,456.0,23.8,47.0,0.0,2.0,0.55
2024-03-12 08:30:00,479.0,23.8,48.0,0.0,3.0,0.25
2024-03-12 08:45:00,469.0,23.8,52.0,0.0,1.0,1.2857142857142858
2024-03-12 09:00:00,449.5,23.8,57.0,0.0,2.0,1.5
2024-03-12 09:15:00,460.0,23.5,61.0,0.0,3.0,1.4761904761904763
2024-03-12 09:30:00,476.0,23.5,63.0,0.0,6.0,1.8125
2024-03-12 09:45:00,466.0,23.5,63.0,0.0,6.0,1.6136363636363635
2024-03-12 10:00:00,478.0,23.5,62.0,0.0,1.0,1.391304347826087
2024-03-12 10:15:00,516.0,23.5,62.0,0.0,1.0,1.3076923076923077
2024-03-12 10:30:00,505.0,23.3,62.0,0.0,2.0,2.53
2024-03-12 10:45:00,495.0,23.5,63.0,0.0,3.0,1.4444444444444444
2024-03-12 11:00:00,503.0,23.3,64.5,0.0,1.5,1.957142857142857
2024-03-12 11:15:00,512.0,23.3,66.0,0.0,2.0,0.9285714285714286
2024-03-12 11:30:00,501.0,23.5,66.0,0.0,1.0,1.2380952380952381
2024-03-12 11:45:00,499.0,23.3,66.0,0.0,2.0,0.9642857142857143
2024-03-12 12:00:00,527.0,23.3,67.0,0.0,1.0,0.9130434782608695
2024-03-12 12:15:00,537.0,23.3,67.0,0.0,1.0,1.705128205128205
2024-03-12 12:30:00,536.0,23.0,67.0,0.0,1.0,2.0
2024-03-12 12:45:00,547.0,23.0,67.0,3.0,2.0,1.5490196078431373
2024-03-12 13:00:00,560.0,23.0,67.0,45.0,1.0,1.9078947368421053
2024-03-12 13:15:00,571.0,23.0,67.0,74.0,1.5,2.4454545454545453
2024-03-12 13:30:00,563.0,23.0,66.0,82.0,1.0,2.820689655172414
2024-03-12 13:45:00,561.0,23.0,66.0,97.0,2.0,3.095744680851064
2024-03-12 14:00:00,573.0,23.0,66.0,108.0,1.0,2.3973509933774833
2024-03-12 14:15:00,574.0,23.0,66.0,133.0,1.0,2.233009708737864
2024-03-12 14:30:00,558.0,23.0,65.0,121.0,2.0,2.237704918032787
2024-03-12 14:45:00,562.0,23.0,65.0,74.0,4.0,1.6168224299065421
2024-03-12 15:00:00,553.0,23.0,65.0,47.0,3.0,1.0857142857142856
2024-03-12 15:15:00,562.0,23.0,64.0,14.0,2.0,1.5185185185185186
2024-03-12 15:30:00,560.0,23.0,63.0,3.5,3.0,3.2108843537414966
2024-03-12 15:45:00,578.0,23.0,60.0,0.0,1.0,2.5
2024-03-12 16:00:00,579.0,23.0,59.0,3.0,3.0,1.7345132743362832
2024-03-12 16:15:00,577.0,23.0,58.0,0.0,2.0,2.4730538922155687
2024-03-12 16:30:00,566.0,23.0,56.0,0.0,3.0,1.8843537414965987
2024-03-12 16:45:00,563.0,22.8,56.0,0.0,3.0,2.106382978723404
2024-03-12 17:00:00,560.0,22.8,55.0,321.0,3.0,2.4859154929577465
2024-03-12 17:15:00,561.0,22.8,55.0,78.0,2.0,3.7438423645320196
2024-03-12 17:30:00,586.0,22.8,55.0,39.5,2.0,2.788235294117647
2024-03-12 17:45:00,541.0,22.8,56.0,32.0,4.0,2.188679245283019
2024-03-12 18:00:00,557.0,22.8,56.0,21.0,2.0,2.5491803278688523
2024-03-12 18:15:00,539.0,22.8,57.0,24.0,1.0,2.5073529411764706
2024-03-12 18:30:00,543.0,22.8,57.0,1.0,5.0,2.1055900621118013
2024-03-12 18:45:00,564.0,22.8,57.0,1.0,1.0,1.7037037037037037
2024-03-12 19:00:00,531.0,22.8,57.0,0.0,3.0,1.7878787878787878
2024-03-12 19:15:00,528.0,22.5,58.0,0.0,3.0,1.721311475409836
2024-03-12 19:30:00,515.5,22.5,58.0,0.0,2.0,1.3673469387755102
2024-03-12 19:45:00,503.0,22.3,59.0,0.0,2.0,0.7647058823529411
2024-03-12 20:00:00,516.0,22.3,60.0,16.0,2.0,1.4805194805194806
2024-03-12 20:15:00,505.0,22.3,60.0,39.0,2.0,1.1578947368421053
2024-03-12 20:30:00,525.0,22.3,62.0,19.0,3.0,1.309090909090909
2024-03-12 20:45:00,496.0,22.3,62.0,45.0,1.0,1.0344827586206897
2024-03-12 21:00:00,496.0,22.3,62.0,21.0,2.0,0.35294117647058826
2024-03-12 21:15:00,487.5,22.65,60.5,0.0,1.5,1.2307692307692308
2024-03-12 21:30:00,486.0,22.8,60.0,0.0,8.0,1.3584905660377358
2024-03-12 21:45:00,476.0,22.8,60.0,0.0,1.0,1.1111111111111112
2024-03-12 22:00:00,492.0,23.0,59.0,0.0,4.0,0.3333333333333333
2024-03-12 22:15:00,488.0,23.0,58.0,0.0,3.0,0.5882352941176471
2024-03-12 22:30:00,491.0,23.0,58.0,0.0,2.0,0.9615384615384616
2024-03-12 22:45:00,474.0,23.0,58.0,0.0,1.0,0.3333333333333333
2024-03-12 23:00:00,471.5,23.3,59.0,0.0,2.0,0.3333333333333333
2024-03-12 23:15:00,501.0,23.5,58.0,17.0,2.0,0.375
2024-03-12 23:30:00,506.0,23.5,58.0,21.0,2.0,0.35294117647058826
2024-03-12 23:45:00,505.0,23.5,57.0,14.0,4.0,0.3333333333333333
2024-03-13 00:00:00,512.0,23.8,57.0,7.0,4.0,0.4
2024-03-13 00:15:00,505.0,23.8,57.0,5.0,15.0,0.3333333333333333
2024-03-13 00:30:00,504.0,23.8,56.0,3.0,5.0,1.0
2024-03-13 00:45:00,509.0,23.8,56.0,0.5,10.0,0.4666666666666667
2024-03-13 01:00:00,521.0,23.8,56.0,0.0,11.0,0.9090909090909091
2024-03-13 01:15:00,500.0,23.8,56.0,0.0,14.0,0.5
2024-03-13 01:30:00,504.0,23.8,56.0,0.0,8.0,0.3333333333333333
2024-03-13 01:45:00,479.0,23.8,56.0,0.0,8.0,0.3333333333333333
2024-03-13 02:00:00,490.0,23.8,55.0,0.0,13.0,0.3333333333333333
2024-03-13 02:15:00,469.0,23.8,55.0,0.0,9.0,0.3333333333333333
2024-03-13 02:30:00,486.0,23.8,55.0,0.0,9.0,0.3333333333333333
2024-03-13 02:45:00,483.5,23.65,55.0,0.0,10.5,0.6666666666666666
2024-03-13 03:00:00,463.0,23.5,55.0,0.0,11.0,0.2
2024-03-13 03:15:00,472.0,23.5,55.0,0.0,15.0,0.275
2024-03-13 03:30:00,477.0,23.5,55.0,0.0,8.0,0.35
2024-03-13 03:45:00,472.0,23.5,55.0,0.0,15.0,0.42500000000000004
2024-03-13 04:00:00,459.0,23.5,55.0,0.0,11.0,0.5
2024-03-13 04:15:00,466.0,23.5,55.0,0.0,9.0,0.5
2024-03-13 04:30:00,464.0,23.5,55.0,0.0,10.0,0.41666666666666663
2024-03-13 04:45:00,466.0,23.3,55.0,0.0,8.0,0.3333333333333333
2024-03-13 05:00:00,449.0,23.3,55.0,0.0,14.0,0.3333333333333333
2024-03-13 05:15:00,462.0,23.3,55.0,0.0,14.0,0.3333333333333333
2024-03-13 05:30:00,456.0,23.3,55.0,0.0,8.0,0.3333333333333333
2024-03-13 05:45:00,466.0,23.3,55.0,0.0,19.0,0.375
2024-03-13 06:00:00,455.0,23.3,55.0,0.0,12.0,1.0769230769230769
2024-03-13 06:15:00,461.5,23.3,55.0,0.0,15.5,0.6666666666666666
2024-03-13 06:30:00,465.0,23.3,56.0,0.0,12.0,0.75
2024-03-13 06:45:00,461.0,23.3,55.0,0.0,15.0,0.5
2024-03-13 07:00:00,453.0,23.3,56.0,6.0,6.0,1.4311926605504588
2024-03-13 07:15:00,447.0,23.0,57.0,1.0,6.0,1.5
2024-03-13 07:30:00,447.0,23.0,58.0,0.0,9.0,1.25
2024-03-13 07:45:00,438.0,23.0,58.0,0.0,1.0,1.6634615384615385
2024-03-13 08:00:00,443.0,23.0,59.0,0.0,4.0,2.076923076923077
2024-03-13 08:15:00,439.5,23.15,59.5,0.0,6.5,1.8795180722891567
2024-03-13 08:30:00,449.0,23.3,60.0,0.0,2.0,1.492537313432836
2024-03-13 08:45:00,453.0,23.3,60.0,0.0,3.0,1.1666666666666667
2024-03-13 09:00:00,473.0,23.3,61.0,0.0,2.0,1.5636363636363637
2024-03-13 09:15:00,442.0,23.3,61.0,0.0,3.0,1.6666666666666667
2024-03-13 09:30:00,465.0,23.3,61.0,0.0,2.0,1.4528301886792452
2024-03-13 09:45:00,465.0,23.3,61.0,0.0,3.0,0.75
2024-03-13 10:00:00,479.5,23.5,61.0,8.0,3.0,1.3448275862068966
2024-03-13 10:15:00,490.0,23.5,61.0,1.0,4.0,2.45
2024-03-13 10:30:00,507.0,23.3,61.0,34.0,1.0,2.623529411764706
2024-03-13 10:45:00,500.0,23.3,62.0,45.0,3.0,2.3734939759036147
2024-03-13 11:00:00,540.0,23.5,62.0,118.0,2.0,2.5572519083969465
2024-03-13 11:15:00,562.0,23.5,63.0,144.0,6.0,1.8115942028985508
2024-03-13 11:30:00,554.0,23.5,63.0,128.0,2.0,2.582474226804124
2024-03-13 11:45:00,560.0,23.5,62.0,479.5,5.5,3.014388489208633
2024-03-13 12:00:00,563.0,23.5,61.0,322.0,3.0,1.6203703703703705
2024-03-13 12:15:00,548.0,23.5,61.0,200.0,1.0,1.4
2024-03-13 12:30:00,535.0,23.8,61.0,55.0,3.0,1.4333333333333333
2024-03-13 12:45:00,548.0,23.8,62.0,37.0,1.0,2.401315789473684
2024-03-13 13:00:00,558.0,23.8,62.0,24.0,1.0,1.7272727272727273
2024-03-13 13:15:00,539.0,23.8,63.0,6.0,7.0,2.2083333333333335
2024-03-13 13:30:00,532.0,24.0,62.0,3.0,3.0,1.7671232876712328
2024-03-13 13:45:00,545.0,24.0,61.0,0.0,1.0,1.9423076923076923
2024-03-13 14:00:00,540.0,24.0,60.0,0.0,1.0,2.032258064516129
2024-03-13 14:15:00,556.0,24.0,60.0,0.0,3.0,1.8823529411764706
2024-03-13 14:30:00,545.0,24.0,59.0,0.0,1.0,0.5263157894736842
2024-03-13 14:45:00,546.0,24.0,58.0,0.0,1.0,1.4625
2024-03-13 15:00:00,543.0,24.0,59.0,0.0,5.0,2.0224719101123596
2024-03-13 15:15:00,548.0,24.3,58.0,0.0,1.0,1.578125
2024-03-13 15:30:00,546.5,24.3,58.0,0.5,1.0,1.8922155688622755
2024-03-13 15:45:00,553.0,24.3,57.0,87.0,2.0,1.783132530120482
2024-03-13 16:00:00,530.0,24.3,57.0,45.0,3.0,1.8504672897196262
2024-03-13 16:15:00,526.0,24.3,57.0,24.0,2.0,1.8651685393258426
2024-03-13 16:30:00,523.0,24.0,57.0,90.0,1.0,2.0122699386503067
2024-03-13 16:45:00,514.0,24.0,57.0,115.0,3.0,2.4017857142857144
2024-03-13 17:00:00,522.0,24.0,56.0,67.0,3.0,1.9787234042553192
2024-03-13 17:15:00,505.5,24.0,56.0,5.0,5.0,1.6470588235294117
2024-03-13 17:30:00,511.0,24.0,56.0,0.0,1.0,1.7878787878787878
2024-03-13 17:45:00,510.0,24.0,56.0,0.0,1.0,1.8017241379310345
2024-03-13 18:00:00,506.0,24.0,55.0,0.0,2.0,1.0416666666666667
2024-03-13 18:15:00,528.0,24.0,55.0,0.0,1.0,0.7857142857142857
2024-03-13 18:30:00,489.0,24.0,54.0,0.0,2.0,0.36
2024-03-13 18:45:00,498.0,24.0,54.0,0.0,2.0,0.5333333333333333
2024-03-13 19:00:00,479.0,24.0,54.0,0.0,2.0,0.6818181818181818
2024-03-13 19:15:00,491.0,23.8,54.0,0.0,5.5,0.2
2024-03-13 19:30:00,491.0,23.8,54.0,0.0,2.0,0.8888888888888888
2024-03-13 19:45:00,477.0,23.8,55.0,0.0,4.0,0.5
2024-03-13 20:00:00,484.0,23.5,56.0,0.0,3.0,0.76
2024-03-13 20:15:00,482.0,23.5,56.0,0.0,2.0,1.7403846153846154
2024-03-13 20:30:00,489.0,23.5,56.0,0.0,2.0,1.3783783783783783
2024-03-13 20:45:00,485.0,23.5,57.0,0.0,2.0,1.0476190476190477
2024-03-13 21:00:00,477.5,23.5,57.0,0.0,2.5,0.7058823529411765
2024-03-13 21:15:00,476.0,23.5,57.0,0.0,2.0,0.5
2024-03-13 21:30:00,489.0,23.5,58.0,0.0,6.0,0.3333333333333333
2024-03-13 21:45:00,494.0,23.5,58.0,14.0,4.0,0.3333333333333333
2024-03-13 22:00:00,538.0,23.5,58.0,14.0,5.0,0.7142857142857143
2024-03-13 22:15:00,514.0,23.5,58.0,6.0,2.0,1.721311475409836
2024-03-13 22:30:00,516.0,23.5,58.0,1.0,1.0,1.0
2024-03-13 22:45:00,488.0,23.5,58.0,0.0,2.0,0.3333333333333333
2024-03-13 23:00:00,478.0,23.3,58.0,0.0,9.0,0.36363636363636365
2024-03-13 23:15:00,492.0,23.5,57.0,0.0,17.0,0.4
2024-03-13 23:30:00,490.0,23.5,57.0,0.0,8.0,0.5
2024-03-13 23:45:00,494.0,23.8,57.0,1.0,10.0,0.38461538461538464
2024-03-14 00:00:00,489.0,23.8,57.0,1.0,11.0,0.45454545454545453
2024-03-14 00:15:00,498.0,23.8,56.0,1.0,17.0,0.35714285714285715
2024-03-14 00:30:00,485.0,23.8,56.0,1.0,17.0,1.0
2024-03-14 00:45:00,503.0,23.8,56.0,1.0,23.0,0.35714285714285715
2024-03-14 01:00:00,479.0,23.8,56.0,1.0,28.0,0.3333333333333333
2024-03-14 01:15:00,499.0,23.8,56.0,1.0,26.0,0.3617283950617284
2024-03-14 01:30:00,477.0,23.5,56.0,1.0,32.0,0.39012345679012345
2024-03-14 01:45:00,489.0,23.5,56.0,1.0,19.0,0.4185185185185185
2024-03-14 02:00:00,476.0,23.5,56.0,1.0,23.0,0.4469135802469136
2024-03-14 02:15:00,484.0,23.5,56.0,1.0,20.0,0.47530864197530864
2024-03-14 02:30:00,468.5,23.5,56.0,1.0,25.5,0.5037037037037038
2024-03-14 02:45:00,456.0,23.3,56.0,1.0,24.0,0.5320987654320988
2024-03-14 03:00:00,464.0,23.3,56.0,1.0,19.0,0.5604938271604938
2024-03-14 03:15:00,459.0,23.3,56.0,1.0,28.0,0.5888888888888889
2024-03-14 03:30:00,469.0,23.3,56.0,1.0,19.0,0.617283950617284
2024-03-14 03:45:00,466.0,23.0,56.0,1.0,25.0,0.645679012345679
2024-03-14 04:00:00,465.0,23.0,56.0,1.0,25.0,0.674074074074074
2024-03-14 04:15:00,459.5,23.0,56.0,2.0,24.5,0.7024691358024692
2024-03-14 04:30:00,469.0,23.0,56.0,1.0,27.0,0.7308641975308643
2024-03-14 04:45:00,464.0,23.0,56.0,1.0,21.0,0.7592592592592593
2024-03-14 05:00:00,465.0,23.0,56.0,1.0,18.0,0.7876543209876543
2024-03-14 05:15:00,456.0,23.0,56.0,1.0,29.0,0.8160493827160494
2024-03-14 05:30:00,466.0,23.0,56.0,1.0,19.0,0.8444444444444446
2024-03-14 05:45:00,474.0,23.0,56.0,1.0,19.0,0.8728395061728396
2024-03-14 06:00:00,453.0,23.0,56.0,1.0,23.0,0.9012345679012346
2024-03-14 06:15:00,459.0,23.0,56.5,1.0,22.0,0.9296296296296298
2024-03-14 06:30:00,469.0,23.0,57.0,1.0,19.0,0.9580246913580248
2024-03-14 06:45:00,454.0,23.0,57.0,0.0,20.0,0.9864197530864198
2024-03-14 07:00:00,472.0,23.0,57.0,1.0,13.0,1.0148148148148148
2024-03-14 07:15:00,451.0,22.8,58.0,0.0,6.0,1.04320987654321
2024-03-14 07:30:00,462.0,22.8,58.0,0.0,5.0,1.071604938271605
2024-03-14 07:45:00,467.0,23.0,58.0,0.0,1.0,1.1
2024-03-14 08:00:00,451.0,23.0,59.0,0.0,3.5,0.36363636363636365
2024-03-14 08:15:00,473.0,23.0,59.0,0.0,1.0,0.3125
2024-03-14 08:30:00,458.0,23.3,59.0,0.0,2.0,1.5909090909090908
2024-03-14 08:45:00,453.0,23.3,59.0,0.0,2.0,1.3
2024-03-14 09:00:00,470.0,23.3,60.0,0.0,4.0,1.1666666666666667
2024-03-14 09:15:00,461.0,23.3,60.0,0.0,3.0,1.3
2024-03-14 09:30:00,457.0,23.5,60.0,0.0,8.0,1.5217391304347827
2024-03-14 09:45:00,462.5,23.5,60.0,0.0,2.0,1.5714285714285714
2024-03-14 10:00:00,470.0,23.5,61.0,0.0,4.0,1.509090909090909
2024-03-14 10:15:00,469.0,23.5,61.0,0.0,8.0,2.5804195804195804
2024-03-14 10:30:00,493.0,23.5,61.0,0.0,1.0,1.6851851851851851
2024-03-14 10:45:00,479.0,23.8,61.0,0.0,1.0,1.650943396226415
2024-03-14 11:00:00,483.0,24.0,59.0,0.0,1.0,2.008130081300813
2024-03-14 11:15:00,483.0,24.0,59.0,0.0,1.0,2.013157894736842
2024-03-14 11:30:00,507.0,24.0,58.0,0.0,3.0,1.9861111111111112
2024-03-14 11:45:00,487.0,24.3,58.0,0.0,3.0,3.0526315789473686
2024-03-14 12:00:00,488.0,24.3,57.0,0.0,5.0,2.4893617021276597
2024-03-14 12:15:00,536.5,24.3,56.5,0.0,3.5,1.5869565217391304
2024-03-14 12:30:00,533.0,24.3,56.0,0.0,2.0,2.6343283582089554
2024-03-14 12:45:00,528.0,24.3,55.0,0.0,1.0,2.880952380952381
2024-03-14 13:00:00,517.0,24.3,54.0,0.0,3.5,2.3859649122807016
2024-03-14 13:15:00,503.0,24.3,54.0,0.0,2.0,3.0833333333333335
2024-03-14 13:30:00,530.0,24.0,54.0,0.0,2.0,2.0
2024-03-14 13:45:00,528.0,24.0,54.0,0.0,1.0,2.293233082706767
2024-03-14 14:00:00,497.0,24.0,54.0,82.0,3.0,1.8888888888888888
2024-03-14 14:15:00,497.5,23.8,54.0,22.5,2.5,1.1470588235294117
2024-03-14 14:30:00,465.0,24.0,53.0,0.0,3.0,1.4
2024-03-14 14:45:00,464.0,24.0,53.0,0.0,1.0,1.993103448275862
2024-03-14 15:00:00,485.5,23.8,54.0,0.0,3.5,1.8524590163934427
2024-03-14 15:15:00,538.0,23.8,57.0,0.0,8.0,2.0442477876106193
2024-03-14 15:30:00,533.0,23.8,57.0,0.0,2.0,1.490909090909091
2024-03-14 15:45:00,519.0,23.8,56.0,0.0,2.0,1.8225806451612903
2024-03-14 16:00:00,540.0,23.5,55.0,62.0,1.0,1.8442622950819672
2024-03-14 16:15:00,525.5,23.5,54.0,1.5,3.0,2.319634703196347
2024-03-14 16:30:00,512.0,23.5,54.0,0.0,1.0,1.36
2024-03-14 16:45:00,496.0,23.5,54.0,0.0,1.5,0.47619047619047616
2024-03-14 17:00:00,521.0,23.5,54.0,0.0,1.0,1.7261904761904763
2024-03-14 17:15:00,525.0,23.3,54.0,0.0,2.0,1.7012987012987013
2024-03-14 17:30:00,538.0,23.3,54.0,6.0,2.5,0.64
2024-03-14 17:45:00,525.0,23.3,54.0,0.0,1.0,2.5714285714285716
2024-03-14 18:00:00,525.5,23.3,54.0,0.0,2.5,2.351063829787234
2024-03-14 18:15:00,541.0,23.3,54.0,27.0,3.0,2.625
2024-03-14 18:30:00,537.0,23.3,53.0,0.0,1.0,2.642105263157895
2024-03-14 18:45:00,531.0,23.0,53.0,0.0,2.5,1.7516778523489933
2024-03-14 19:00:00,524.0,22.8,54.0,0.0,3.0,1.3421052631578947
2024-03-14 19:15:00,508.0,22.8,54.0,0.0,1.0,1.9351851851851851
2024-03-14 19:30:00,493.0,22.65,54.0,0.0,2.0,1.4696969696969697
2024-03-14 19:45:00,494.0,22.5,54.0,32.0,2.0,0.8064516129032258
2024-03-14 20:00:00,484.0,22.5,54.5,7.0,2.0,1.375
2024-03-14 20:15:00,491.0,22.5,55.0,0.0,3.0,1.5555555555555556
2024-03-14 20:30:00,476.0,22.5,55.0,0.0,3.0,1.7142857142857142
2024-03-14 20:45:00,477.5,22.5,55.0,0.0,1.5,0.75
2024-03-14 21:00:00,454.0,22.8,54.0,0.0,3.0,1.0714285714285714
2024-03-14 21:15:00,469.0,22.9,54.0,0.0,2.5,1.5454545454545454
2024-03-14 21:30:00,467.0,23.0,54.0,0.0,3.0,1.5
2024-03-14 21:45:00,463.0,23.0,54.0,0.0,7.0,0.8823529411764706
2024-03-14 22:00:00,454.0,23.0,55.0,0.0,1.5,0.8888888888888888
2024-03-14 22:15:00,463.0,23.3,55.0,0.0,4.0,0.7272727272727273
2024-03-14 22:30:00,468.0,23.15,55.5,0.0,2.0,1.2222222222222223
2024-03-14 22:45:00,459.0,23.3,56.0,0.0,9.0,0.9565217391304348
2024-03-14 23:00:00,471.0,23.3,56.0,0.0,1.0,2.0365853658536586
2024-03-14 23:15:00,487.5,23.3,56.0,0.0,2.0,2.0925925925925926
2024-03-14 23:30:00,491.0,23.5,55.0,0.0,2.0,0.5333333333333333
2024-03-14 23:45:00,479.0,23.5,55.0,0.0,1.0,1.425531914893617
2024-03-15 00:00:00,494.0,23.5,55.0,0.0,6.0,1.1666666666666667
2024-03-15 00:15:00,490.0,23.5,55.0,0.0,5.0,1.5810810810810811
2024-03-15 00:30:00,502.0,23.5,55.0,0.0,5.0,0.9565217391304348
2024-03-15 00:45:00,496.0,23.5,55.0,0.0,16.0,1.5
2024-03-15 01:00:00,512.0,23.5,55.0,0.0,3.0,0.42105263157894735
2024-03-15 01:15:00,492.5,23.5,55.0,0.0,3.0,0.3333333333333333
2024-03-15 01:30:00,478.0,23.5,55.0,0.0,3.0,1.0
2024-03-15 01:45:00,485.0,23.5,55.0,0.0,5.0,0.375
2024-03-15 02:00:00,491.0,23.5,55.0,0.0,2.0,0.42857142857142855
2024-03-15 02:15:00,502.0,23.5,55.0,0.0,5.0,0.375
2024-03-15 02:30:00,495.5,23.4,55.0,0.0,3.0,0.7916666666666666
2024-03-15 02:45:00,485.0,23.3,55.0,0.0,7.0,0.8
2024-03-15 03:00:00,479.0,23.3,55.0,0.0,4.0,0.3333333333333333
2024-03-15 03:15:00,474.0,23.3,55.0,0.0,3.0,0.3333333333333333
2024-03-15 03:30:00,475.0,23.3,55.0,0.0,2.0,0.3333333333333333
2024-03-15 03:45:00,477.5,23.0,55.0,0.0,3.5,0.6
2024-03-15 04:00:00,471.0,23.0,55.0,0.0,4.0,0.0
2024-03-15 04:15:00,462.0,23.0,55.0,0.0,6.0,0.1111111111111111
2024-03-15 04:30:00,457.0,23.0,55.0,0.0,5.0,0.2222222222222222
2024-03-15 04:45:00,462.0,23.0,56.0,0.0,2.0,0.3333333333333333
2024-03-15 05:00:00,465.5,22.8,56.0,0.0,5.0,0.3888888888888889
2024-03-15 05:15:00,472.0,22.8,56.0,0.0,5.0,0.4444444444444444
2024-03-15 05:30:00,472.0,22.8,56.0,0.0,8.0,0.5
2024-03-15 05:45:00,467.0,22.8,56.0,0.0,3.5,0.25
2024-03-15 06:00:00,472.0,22.8,56.0,0.0,8.0,0.29166666666666663
2024-03-15 06:15:00,463.0,22.5,56.0,0.0,4.0,0.3333333333333333
2024-03-15 06:30:00,474.0,22.5,56.0,0.0,4.0,0.3333333333333333
2024-03-15 06:45:00,468.0,22.5,57.0,0.0,5.0,0.3333333333333333
2024-03-15 07:00:00,472.0,22.5,57.0,0.0,4.5,0.3333333333333333
2024-03-15 07:15:00,459.0,22.3,58.0,0.0,1.0,0.3333333333333333
2024-03-15 07:30:00,455.5,22.65,57.5,0.0,2.5,0.6111111111111112
2024-03-15 07:45:00,454.0,23.3,56.0,0.0,2.0,0.8888888888888888
2024-03-15 08:00:00,460.0,23.3,56.0,0.0,2.0,1.7
2024-03-15 08:15:00,477.0,23.3,57.0,0.0,1.5,1.3846153846153846
2024-03-15 08:30:00,459.0,23.5,57.0,0.0,3.0,1.054054054054054
2024-03-15 08:45:00,469.0,23.3,57.0,0.0,2.0,1.7391304347826086
2024-03-15 09:00:00,475.0,23.3,57.5,0.0,1.5,0.7272727272727273
2024-03-15 09:15:00,485.0,23.3,58.0,0.0,3.0,0.9047619047619048
2024-03-15 09:30:00,477.5,23.3,58.0,6.0,2.0,2.3043478260869565
2024-03-15 09:45:00,476.0,23.3,58.0,85.0,2.0,2.012987012987013
2024-03-15 10:00:00,510.0,23.3,58.0,60.0,1.0,1.7647058823529411
2024-03-15 10:15:00,511.0,23.4,58.0,0.0,5.0,3.7560975609756095
2024-03-15 10:30:00,511.0,23.5,57.0,0.0,3.0,2.4358974358974357
2024-03-15 10:45:00,507.5,23.8,56.5,0.0,3.0,0.7333333333333333
2024-03-15 11:00:00,527.0,24.0,56.0,3.0,2.0,1.04
2024-03-15 11:15:00,512.0,24.3,56.0,14.0,1.0,1.186046511627907
2024-03-15 11:30:00,542.0,24.3,55.0,38.0,1.5,2.0729166666666665
2024-03-15 11:45:00,552.0,24.5,54.0,62.0,2.0,1.7878787878787878
2024-03-15 12:00:00,544.5,24.5,54.0,29.5,3.0,1.7142857142857142
2024-03-15 12:15:00,513.0,24.5,53.0,3.0,7.0,1.9166666666666667
2024-03-15 12:30:00,508.0,24.3,53.0,0.0,1.0,0.42857142857142855
2024-03-15 12:45:00,533.5,24.3,54.0,0.0,1.5,2.341463414634146
2024-03-15 13:00:00,524.0,24.0,54.0,0.0,2.0,2.0795454545454546
2024-03-15 13:15:00,523.0,24.0,54.0,0.0,1.0,1.9896907216494846
2024-03-15 13:30:00,517.0,23.8,54.0,5.5,2.5,1.75
2024-03-15 13:45:00,512.0,23.8,54.0,1.0,2.0,2.0915032679738563
2024-03-15 14:00:00,486.0,23.9,54.0,0.0,2.5,2.0792079207920793
2024-03-15 14:15:00,471.0,24.0,53.0,0.0,1.0,2.4554455445544554
2024-03-15 14:30:00,444.0,24.3,53.0,0.0,2.0,2.30188679245283
2024-03-15 14:45:00,453.0,24.5,53.0,0.0,1.0,1.9805825242718447
2024-03-15 15:00:00,447.0,24.5,52.0,0.0,7.0,1.6615384615384616
2024-03-15 15:15:00,451.5,24.9,51.5,0.0,1.5,1.40625
2024-03-15 15:30:00,452.0,25.0,50.0,0.0,4.0,1.8181818181818181
2024-03-15 15:45:00,454.0,25.0,50.0,0.0,1.0,1.9142857142857144
2024-03-15 16:00:00,450.0,25.3,49.0,0.0,1.0,2.9146341463414633
2024-03-15 16:15:00,484.0,25.3,49.0,0.0,1.0,2.3838383838383836
2024-03-15 16:30:00,449.5,25.0,49.0,0.0,3.5,2.5060240963855422
2024-03-15 16:45:00,447.0,24.8,48.0,0.0,2.0,1.5172413793103448
2024-03-15 17:00:00,453.0,24.5,48.0,0.0,3.0,1.52
2024-03-15 17:15:00,449.5,24.5,49.0,0.0,2.0,2.008771929824561
2024-03-15 17:30:00,448.0,24.5,50.0,0.0,1.0,1.59375
2024-03-15 17:45:00,454.0,24.3,50.0,0.0,1.0,2.4011627906976742
2024-03-15 18:00:00,461.5,24.15,50.0,0.0,1.5,3.010204081632653
2024-03-15 18:15:00,457.0,24.0,50.0,0.0,1.0,2.036697247706422
2024-03-15 18:30:00,452.5,23.8,51.0,0.0,1.5,2.550632911392405
2024-03-15 18:45:00,443.0,23.5,51.0,0.0,1.0,2.065359477124183
2024-03-15 19:00:00,443.0,23.3,52.0,0.0,2.0,2.6548672566371683
2024-03-15 19:15:00,447.0,23.0,53.0,0.0,3.0,2.288135593220339
2024-03-15 19:30:00,471.0,22.8,53.0,0.0,2.0,1.9673913043478262
2024-03-15 19:45:00,459.0,22.65,54.0,0.0,2.0,1.4444444444444444
2024-03-15 20:00:00,462.0,22.5,54.0,0.0,2.0,2.241758241758242
2024-03-15 20:15:00,470.0,22.3,55.0,0.0,1.0,2.2777777777777777
2024-03-15 20:30:00,465.0,22.3,55.5,0.0,2.5,2.0901639344262297
2024-03-15 20:45:00,467.0,22.0,56.0,0.0,5.0,2.2704918032786887
2024-03-15 21:00:00,472.0,22.0,57.0,0.0,1.5,1.1
2024-03-15 21:15:00,482.0,22.3,57.0,0.0,1.0,1.1578947368421053
2024-03-15 21:30:00,476.0,22.3,57.0,0.0,3.0,0.6818181818181818
2024-03-15 21:45:00,474.0,22.4,56.0,0.0,1.5,1.8125
2024-03-15 22:00:00,466.0,22.5,56.0,0.0,1.0,1.3928571428571428
2024-03-15 22:15:00,459.0,22.5,56.0,0.0,2.0,1.4912280701754386
2024-03-15 22:30:00,463.0,22.8,56.0,0.0,2.0,0.8571428571428571
2024-03-15 22:45:00,467.0,22.8,56.0,0.0,3.0,0.3333333333333333
2024-03-15 23:00:00,461.0,22.9,55.0,0.0,2.5,1.0
2024-03-15 23:15:00,456.0,23.3,55.0,0.0,2.0,0.75
2024-03-15 23:30:00,459.0,23.3,54.0,0.0,1.0,0.25
2024-03-15 23:45:00,456.5,23.3,54.0,0.0,2.0,0.36363636363636365
2024-03-16 00:00:00,451.0,23.3,53.0,0.0,2.0,0.42857142857142855
2024-03-16 00:15:00,457.5,23.3,53.0,0.0,3.0,0.9230769230769231
2024-03-16 00:30:00,460.0,23.3,53.0,0.0,2.0,1.125
2024-03-16 00:45:00,455.0,23.3,53.0,0.0,3.0,1.489795918367347
2024-03-16 01:00:00,464.5,23.3,53.0,0.0,3.5,1.3793103448275863
2024-03-16 01:15:00,454.0,23.3,53.0,0.0,5.0,1.0
2024-03-16 01:30:00,455.5,23.3,53.0,0.0,4.0,0.75
2024-03-16 01:45:00,462.0,23.3,53.0,0.0,1.0,0.7777777777777778
2024-03-16 02:00:00,447.0,23.3,53.0,0.0,2.0,1.2727272727272727
2024-03-16 02:15:00,462.5,23.3,52.5,0.0,1.5,1.4411764705882353
2024-03-16 02:30:00,456.0,23.3,52.0,0.0,3.0,1.0
2024-03-16 02:45:00,438.0,23.3,52.0,0.0,2.0,0.8235294117647058
2024-03-16 03:00:00,454.0,23.3,52.0,0.0,2.0,0.7272727272727273
2024-03-16 03:15:00,455.0,23.3,52.0,0.0,5.0,0.3333333333333333
2024-03-16 03:30:00,451.0,23.3,52.0,0.0,1.0,0.35416666666666663
2024-03-16 03:45:00,465.0,23.3,52.0,0.0,1.0,0.375
2024-03-16 04:00:00,459.0,23.3,52.0,0.0,4.0,1.1428571428571428
2024-03-16 04:15:00,466.5,23.3,52.0,0.0,1.5,1.1538461538461537
2024-03-16 04:30:00,465.0,23.3,52.0,0.0,3.0,0.0
2024-03-16 04:45:00,457.0,23.3,52.0,0.0,3.5,0.3333333333333333
2024-03-16 05:00:00,460.0,23.3,52.0,0.0,5.0,0.3333333333333333
2024-03-16 05:15:00,459.0,23.3,52.0,0.0,2.0,0.3333333333333333
2024-03-16 05:30:00,457.0,23.3,52.0,0.0,3.0,0.3333333333333333
2024-03-16 05:45:00,452.0,23.0,52.0,0.0,4.0,0.3333333333333333
2024-03-16 06:00:00,453.5,23.0,52.0,0.0,3.5,0.3333333333333333
2024-03-16 06:15:00,454.0,23.3,52.0,0.0,1.0,0.4126984126984127
2024-03-16 06:30:00,443.0,23.5,51.0,0.0,2.0,0.49206349206349204
2024-03-16 06:45:00,460.5,23.3,51.0,0.0,1.5,0.5714285714285714
2024-03-16 07:00:00,472.0,23.3,51.0,0.0,1.0,1.3709677419354838
2024-03-16 07:15:00,455.0,23.3,52.0,0.0,1.0,0.3333333333333333
2024-03-16 07:30:00,456.5,23.0,52.0,0.0,2.0,1.2857142857142858
2024-03-16 07:45:00,468.0,23.3,52.0,0.0,2.0,0.75
2024-03-16 08:00:00,475.0,23.3,52.0,0.0,4.5,0.2857142857142857
2024-03-16 08:15:00,462.0,23.5,52.0,0.0,2.0,0.3333333333333333
2024-03-16 08:30:00,463.0,23.5,52.0,0.0,2.0,0.3333333333333333
2024-03-16 08:45:00,460.5,23.4,53.5,0.0,3.0,1.5
2024-03-16 09:00:00,460.0,23.3,55.0,0.0,2.0,1.5846153846153845
2024-03-16 09:15:00,468.5,23.0,56.0,0.0,1.0,1.5161290322580645
2024-03-16 09:30:00,484.0,23.0,56.0,0.0,4.0,1.4893617021276595
2024-03-16 09:45:00,478.0,23.3,56.0,0.0,1.0,1.4090909090909092
2024-03-16 10:00:00,484.5,23.4,55.5,0.0,3.5,0.5333333333333333
2024-03-16 10:15:00,476.0,23.8,54.0,0.0,2.0,1.4655172413793103
2024-03-16 10:30:00,483.5,23.9,53.0,0.0,2.0,1.1111111111111112
2024-03-16 10:45:00,464.0,24.5,52.0,0.0,3.0,0.9854497354497356
2024-03-16 11:00:00,470.0,24.5,51.0,0.0,2.0,0.8597883597883599
2024-03-16 11:15:00,463.0,24.65,50.5,0.0,1.5,0.7341269841269842
2024-03-16 11:30:00,443.0,24.3,50.0,0.0,8.0,0.6084656084656086
2024-03-16 11:45:00,445.0,24.3,50.0,0.0,2.0,0.4828042328042329
2024-03-16 12:00:00,440.5,24.3,49.0,0.0,1.0,0.35714285714285715
2024-03-16 12:15:00,459.0,24.0,49.0,0.0,1.0,0.8214285714285714
2024-03-16 12:30:00,464.0,24.0,49.0,0.0,1.5,0.625
2024-03-16 12:45:00,479.0,24.0,49.0,0.0,3.0,1.0
2024-03-16 13:00:00,475.0,24.0,49.0,0.0,1.0,1.3793103448275863
2024-03-16 13:15:00,462.5,24.0,49.0,0.0,1.0,1.6206896551724137
2024-03-16 13:30:00,439.0,24.0,48.0,0.0,2.0,0.2
2024-03-16 13:45:00,434.5,24.3,46.5,0.0,2.5,0.26666666666666666
2024-03-16 14:00:00,447.0,24.3,46.0,0.0,1.0,0.3333333333333333
2024-03-16 14:15:00,435.0,24.5,46.0,0.0,2.0,0.4
2024-03-16 14:30:00,433.5,24.5,45.5,0.0,4.0,0.375
2024-03-16 14:45:00,433.0,24.5,45.0,0.0,3.0,0.3333333333333333
2024-03-16 15:00:00,431.5,24.5,44.5,0.0,3.0,1.48
2024-03-16 15:15:00,442.0,24.5,42.0,0.0,2.0,1.0625
2024-03-16 15:30:00,427.0,24.8,41.0,0.0,1.0,0.2
2024-03-16 15:45:00,433.0,24.8,41.0,0.0,2.0,0.3333333333333333
2024-03-16 16:00:00,435.0,24.5,42.0,0.0,4.0,0.75
2024-03-16 16:15:00,429.0,24.5,41.0,0.0,4.0,0.3333333333333333
2024-03-16 16:30:00,429.5,24.65,44.5,0.0,1.0,0.4
2024-03-16 16:45:00,438.0,24.8,45.0,0.0,2.0,0.5
2024-03-16 17:00:00,436.5,24.8,45.5,0.0,3.0,0.35714285714285715
2024-03-16 17:15:00,428.0,24.5,46.0,0.0,2.0,0.8
2024-03-16 17:30:00,432.0,24.5,46.0,0.0,1.0,0.5
2024-03-16 17:45:00,436.5,24.5,46.0,0.0,2.5,0.5384615384615384
2024-03-16 18:00:00,428.0,24.3,46.0,0.0,1.0,0.5
2024-03-16 18:15:00,438.5,24.3,46.0,0.0,1.5,0.4
2024-03-16 18:30:00,427.0,24.3,46.0,0.0,2.0,1.7096774193548387
2024-03-16 18:45:00,440.0,24.3,46.0,0.0,5.0,1.5675675675675675
2024-03-16 19:00:00,430.0,24.15,45.0,0.0,2.5,1.471698113207547
2024-03-16 19:15:00,449.0,24.0,44.0,0.0,9.0,1.7272727272727273
2024-03-16 19:30:00,456.5,24.0,43.5,3.0,2.0,1.7096774193548387
2024-03-16 19:45:00,457.0,23.8,44.0,0.0,2.0,0.8709677419354839
2024-03-16 20:00:00,437.0,23.8,46.0,0.0,4.0,0.7894736842105263
2024-03-16 20:15:00,438.5,23.5,46.0,0.0,4.0,1.0454545454545454
2024-03-16 20:30:00,438.0,23.5,45.0,0.0,3.0,0.3333333333333333
2024-03-16 20:45:00,438.0,23.5,46.0,0.0,1.0,1.6666666666666667
2024-03-16 21:00:00,439.5,23.3,46.5,0.0,5.0,1.5
2024-03-16 21:15:00,444.0,23.3,47.0,0.0,1.0,1.125
2024-03-16 21:30:00,451.5,23.0,48.0,0.0,1.5,1.2142857142857142
2024-03-16 21:45:00,459.0,22.8,49.0,0.0,2.0,1.45
2024-03-16 22:00:00,462.0,22.8,49.0,0.0,2.0,0.8823529411764706
2024-03-16 22:15:00,454.5,22.65,50.0,0.0,1.5,0.5
2024-03-16 22:30:00,450.0,22.5,50.0,0.0,1.0,0.5
2024-03-16 22:45:00,443.5,22.4,50.0,0.0,1.0,0.46153846153846156
2024-03-16 23:00:00,448.0,22.3,50.0,0.0,2.0,0.35714285714285715
2024-03-16 23:15:00,436.0,22.5,50.0,0.0,3.0,0.3333333333333333
2024-03-16 23:30:00,445.5,22.8,49.5,0.0,2.0,0.3333333333333333
2024-03-16 23:45:00,456.0,23.0,49.0,0.0,1.0,0.4
2024-03-17 00:00:00,450.0,23.0,48.5,3.0,2.5,0.3333333333333333
2024-03-17 00:15:00,455.0,23.0,48.0,0.0,1.0,0.3333333333333333
2024-03-17 00:30:00,459.0,23.3,48.0,0.0,2.0,0.3333333333333333
2024-03-17 00:45:00,451.0,23.3,48.0,0.0,1.5,0.3333333333333333
2024-03-17 01:00:00,469.0,23.3,48.0,0.0,2.0,0.42857142857142855
2024-03-17 01:15:00,453.0,23.3,48.0,0.0,1.0,0.3142857142857143
2024-03-17 01:30:00,455.0,23.0,48.0,5.5,2.0,0.2
2024-03-17 01:45:00,460.0,23.0,48.0,3.0,1.0,0.3333333333333333
2024-03-17 02:00:00,455.0,23.0,48.0,0.0,2.0,1.0
2024-03-17 02:15:00,452.0,23.0,48.0,21.0,2.0,0.0
2024-03-17 02:30:00,469.0,23.0,48.0,34.0,1.0,0.5
2024-03-17 02:45:00,466.5,22.8,48.0,4.5,2.0,0.0
2024-03-17 03:00:00,445.0,22.8,48.0,27.0,3.0,0.3333333333333333
2024-03-17 03:15:00,468.5,22.8,48.0,19.0,1.0,0.3333333333333333
2024-03-17 03:30:00,455.0,22.8,48.0,11.0,1.0,0.375
2024-03-17 03:45:00,468.0,22.8,48.0,6.0,2.0,0.2
2024-03-17 04:00:00,464.5,22.8,49.0,6.0,2.5,0.23333333333333334
2024-03-17 04:15:00,456.0,22.8,49.0,3.0,3.0,0.26666666666666666
2024-03-17 04:30:00,456.5,22.8,49.0,2.0,3.5,0.3
2024-03-17 04:45:00,448.0,22.8,49.0,0.0,5.0,0.3333333333333333
2024-03-17 05:00:00,459.0,22.8,49.0,0.0,5.0,0.34307992202729043
2024-03-17 05:15:00,455.0,22.65,49.0,0.0,7.0,0.35282651072124754
2024-03-17 05:30:00,452.0,22.5,49.0,0.0,8.0,0.36257309941520466
2024-03-17 05:45:00,447.0,22.5,50.0,0.0,6.0,0.3723196881091618
2024-03-17 06:00:00,446.5,22.5,50.0,0.0,7.5,0.3820662768031189
2024-03-17 06:15:00,441.0,22.5,50.0,0.0,6.0,0.391812865497076
2024-03-17 06:30:00,451.0,22.5,50.0,0.5,9.0,0.4015594541910331
2024-03-17 06:45:00,442.0,22.5,50.0,0.0,9.0,0.41130604288499023
2024-03-17 07:00:00,459.0,22.5,50.0,0.0,7.0,0.42105263157894735
2024-03-17 07:15:00,442.5,22.3,51.0,0.0,3.0,0.391304347826087
2024-03-17 07:30:00,434.0,22.5,51.0,0.0,2.0,0.42857142857142855
2024-03-17 07:45:00,440.0,22.65,50.0,0.0,1.0,0.4444444444444444
2024-03-17 08:00:00,427.0,22.8,50.0,0.0,1.0,0.4444444444444444
2024-03-17 08:15:00,432.0,22.8,51.0,0.0,1.0,0.36363636363636365
2024-03-17 08:30:00,435.0,22.8,51.0,0.0,1.5,0.38095238095238093
2024-03-17 08:45:00,433.0,23.0,51.0,0.0,1.0,0.35714285714285715
2024-03-17 09:00:00,439.5,23.0,51.0,0.0,1.0,0.5714285714285714
2024-03-17 09:15:00,439.0,23.0,51.0,0.0,1.0,0.42857142857142855
2024-03-17 09:30:00,448.0,23.3,51.0,0.0,1.0,0.5
2024-03-17 09:45:00,442.5,23.3,51.0,0.0,1.5,0.3333333333333333
2024-03-17 10:00:00,456.0,23.3,51.0,0.0,1.0,0.3333333333333333
2024-03-17 10:15:00,468.0,23.5,51.0,0.0,1.0,0.75
2024-03-17 10:30:00,466.0,23.65,50.5,0.0,1.0,1.0
2024-03-17 10:45:00,472.0,24.0,50.0,0.0,2.0,0.0
2024-03-17 11:00:00,451.0,24.4,49.0,0.0,2.0,0.2222222222222222
2024-03-17 11:15:00,442.0,24.8,48.0,0.0,2.0,0.4444444444444444
2024-03-17 11:30:00,442.0,24.8,48.0,0.0,2.0,0.6666666666666666
2024-03-17 11:45:00,434.5,24.4,49.0,0.0,2.0,0.75
2024-03-17 12:00:00,433.0,24.3,49.0,0.0,1.0,0.875
2024-03-17 12:15:00,429.5,24.3,49.0,0.0,1.5,1.0
2024-03-17 12:30:00,421.0,24.3,48.0,0.0,1.0,0.0
2024-03-17 12:45:00,423.0,24.3,48.0,0.0,3.0,0.11904761904761905
2024-03-17 13:00:00,431.0,24.5,46.5,0.0,1.5,0.2380952380952381
2024-03-17 13:15:00,421.0,24.5,46.0,0.0,4.0,0.35714285714285715
2024-03-17 13:30:00,421.0,24.65,44.5,0.0,4.0,0.4761904761904762
2024-03-17 13:45:00,421.0,24.5,44.0,0.0,1.0,0.5952380952380952
2024-03-17 14:00:00,415.0,24.5,43.0,0.0,2.0,0.7142857142857143
2024-03-17 14:15:00,430.0,24.9,43.0,0.0,1.5,0.746031746031746
2024-03-17 14:30:00,413.0,25.0,44.0,0.0,4.0,0.7777777777777778
2024-03-17 14:45:00,433.0,25.3,45.0,0.0,2.0,0.5555555555555556
2024-03-17 15:00:00,416.5,25.3,44.5,0.0,4.0,0.3333333333333333
2024-03-17 15:15:00,425.0,25.3,42.0,0.0,2.0,0.3333333333333333
2024-03-17 15:30:00,434.0,25.3,42.0,0.0,2.5,0.3333333333333333
2024-03-17 15:45:00,427.0,25.3,42.0,0.0,3.0,0.3333333333333333
2024-03-17 16:00:00,437.0,25.3,42.0,0.0,3.0,0.3333333333333333
2024-03-17 16:15:00,426.0,25.3,40.5,0.0,2.5,0.3333333333333333
2024-03-17 16:30:00,421.0,25.3,41.0,0.0,3.0,0.3333333333333333
2024-03-17 16:45:00,423.0,25.15,41.0,0.0,1.5,0.5666666666666667
2024-03-17 17:00:00,421.0,25.0,41.0,0.0,2.0,0.8
2024-03-17 17:15:00,425.0,25.0,42.0,0.0,3.0,0.5
2024-03-17 17:30:00,427.5,25.0,41.0,0.0,3.0,0.7857142857142857
2024-03-17 17:45:00,415.0,25.0,42.0,0.0,1.0,0.6428571428571428
2024-03-17 18:00:00,431.5,24.9,45.5,0.0,4.0,0.5
2024-03-17 18:15:00,441.0,24.8,46.0,0.0,1.0,0.0
2024-03-17 18:30:00,424.0,24.5,47.0,0.0,1.0,0.16666666666666666
2024-03-17 18:45:00,437.0,24.15,47.0,0.0,1.5,0.3333333333333333
2024-03-17 19:00:00,434.0,23.8,47.0,0.0,2.0,0.3333333333333333
2024-03-17 19:15:00,430.0,23.8,47.0,0.0,3.0,0.3333333333333333
2024-03-17 19:30:00,436.0,23.5,47.5,0.0,2.0,0.3333333333333333
2024-03-17 19:45:00,439.0,23.5,49.0,0.0,5.0,0.8
2024-03-17 20:00:00,435.5,23.4,49.5,0.0,2.5,0.3333333333333333
2024-03-17 20:15:00,439.0,23.3,50.0,0.0,2.0,1.15
2024-03-17 20:30:00,440.0,23.3,51.0,0.0,2.0,0.3333333333333333
2024-03-17 20:45:00,449.5,23.0,51.0,0.0,1.5,0.5
2024-03-17 21:00:00,459.0,22.8,51.0,0.0,1.0,0.4
2024-03-17 21:15:00,466.0,22.8,51.5,0.0,3.5,0.6842105263157895
2024-03-17 21:30:00,455.0,22.8,51.0,0.0,1.0,0.6451612903225806
2024-03-17 21:45:00,455.0,22.8,51.0,0.0,1.0,1.2777777777777777
2024-03-17 22:00:00,458.0,22.8,51.0,0.0,1.0,1.5211267605633803
2024-03-17 22:15:00,460.0,22.5,51.0,0.0,1.0,1.6203703703703705
2024-03-17 22:30:00,465.5,22.5,52.0,0.0,5.0,1.0
2024-03-17 22:45:00,463.0,22.5,52.0,0.0,15.0,1.5
2024-03-17 23:00:00,474.0,22.5,52.0,0.0,2.0,0.5714285714285714
2024-03-17 23:15:00,475.0,22.8,52.0,0.0,4.5,0.5285714285714286
2024-03-17 23:30:00,478.0,23.0,51.0,0.0,4.0,0.4857142857142857
2024-03-17 23:45:00,482.0,23.3,51.0,0.0,5.0,0.44285714285714284
2024-03-18 00:00:00,475.5,23.3,50.0,0.0,3.5,0.4
2024-03-18 00:15:00,477.0,23.3,50.0,0.0,3.0,0.25
2024-03-18 00:30:00,471.5,23.5,50.0,0.0,3.5,0.3333333333333333
2024-03-18 00:45:00,474.0,23.5,50.0,0.0,3.0,0.3563218390804598
2024-03-18 01:00:00,460.0,23.5,50.0,0.0,3.0,0.3793103448275862
2024-03-18 01:15:00,461.5,23.5,50.0,0.0,4.0,0.40229885057471265
2024-03-18 01:30:00,461.0,23.3,50.0,0.0,4.0,0.42528735632183906
2024-03-18 01:45:00,468.0,23.3,50.0,0.0,3.5,0.4482758620689655
2024-03-18 02:00:00,466.0,23.3,50.0,0.0,4.0,0.47126436781609193
2024-03-18 02:15:00,441.0,23.0,50.0,0.0,4.0,0.4942528735632184
2024-03-18 02:30:00,460.0,23.0,50.0,0.0,5.0,0.5172413793103449
2024-03-18 02:45:00,468.0,23.0,50.0,0.0,4.0,0.5402298850574713
2024-03-18 03:00:00,457.0,23.0,50.0,0.0,4.5,0.5632183908045977
2024-03-18 03:15:00,450.0,22.8,50.0,0.0,3.0,0.5862068965517242
2024-03-18 03:30:00,451.0,22.8,50.0,0.0,5.0,0.6091954022988506
2024-03-18 03:45:00,467.0,22.8,50.0,0.0,3.0,0.632183908045977
2024-03-18 04:00:00,454.0,22.8,50.0,0.0,3.0,0.6551724137931034
2024-03-18 04:15:00,455.0,22.8,51.0,0.0,6.0,0.67816091954023
2024-03-18 04:30:00,453.0,22.8,51.0,0.0,4.5,0.7011494252873564
2024-03-18 04:45:00,455.0,22.8,51.0,0.0,6.0,0.7241379310344829
2024-03-18 05:00:00,446.0,22.65,51.0,0.0,4.0,0.7471264367816093
2024-03-18 05:15:00,459.0,22.5,51.0,0.0,6.0,0.7701149425287357
2024-03-18 05:30:00,452.0,22.5,51.0,0.0,7.0,0.7931034482758621
2024-03-18 05:45:00,463.0,22.5,52.0,0.0,6.5,0.8160919540229885
2024-03-18 06:00:00,443.0,22.5,52.0,0.0,5.0,0.8390804597701149
2024-03-18 06:15:00,452.0,22.5,52.0,0.0,5.0,0.8620689655172415
2024-03-18 06:30:00,452.0,22.5,52.0,0.0,3.0,0.885057471264368
2024-03-18 06:45:00,458.0,22.5,52.0,0.0,5.0,0.9080459770114944
2024-03-18 07:00:00,466.0,22.5,52.5,0.0,2.5,0.9310344827586208
2024-03-18 07:15:00,457.0,22.5,53.0,0.0,3.0,0.9540229885057472
2024-03-18 07:30:00,453.0,22.65,53.0,0.0,1.5,0.9770114942528736
2024-03-18 07:45:00,457.0,22.8,53.0,0.0,2.0,1.0
2024-03-18 08:00:00,468.0,22.8,53.0,0.0,1.0,0.0
2024-03-18 08:15:00,478.5,22.9,53.0,0.0,2.5,0.5
2024-03-18 08:30:00,473.0,23.0,53.0,0.0,2.0,1.0
2024-03-18 08:45:00,473.0,23.0,54.0,0.0,3.0,0.2
2024-03-18 09:00:00,483.5,23.0,54.0,0.0,2.0,1.0
2024-03-18 09:15:00,474.0,23.0,54.0,0.0,2.0,0.8888888888888888
2024-03-18 09:30:00,502.0,23.15,54.0,0.0,2.5,1.9285714285714286
2024-03-18 09:45:00,522.0,23.3,54.0,0.0,3.0,1.0
2024-03-18 10:00:00,536.0,23.3,54.0,1.0,1.0,0.5714285714285714
2024-03-18 10:15:00,573.0,23.9,53.0,9.5,4.0,0.4
2024-03-18 10:30:00,582.0,24.3,52.0,16.0,3.0,1.6666666666666667
2024-03-18 10:45:00,596.0,24.65,51.5,16.0,4.0,2.25
2024-03-18 11:00:00,550.0,24.8,50.0,0.0,5.0,1.6111111111111112
2024-03-18 11:15:00,517.0,24.5,51.0,0.0,3.0,0.8148148148148148
2024-03-18 11:30:00,517.0,24.15,51.5,0.0,3.0,2.4105263157894736
2024-03-18 11:45:00,510.0,24.0,52.0,0.0,2.0,2.954198473282443
2024-03-18 12:00:00,501.0,24.0,52.0,0.0,1.5,1.7887323943661972
2024-03-18 12:15:00,501.0,24.0,52.0,0.0,4.0,1.9333333333333333
2024-03-18 12:30:00,489.0,24.5,52.0,0.0,5.0,1.8392857142857142
2024-03-18 12:45:00,476.0,24.8,50.5,0.0,3.5,1.170731707317073
2024-03-18 13:00:00,468.0,25.0,50.0,0.0,3.0,1.7882352941176471
2024-03-18 13:15:00,459.0,25.3,49.0,0.0,8.0,3.3496503496503496
2024-03-18 13:30:00,459.0,25.3,48.0,0.0,2.5,2.5
2024-03-18 13:45:00,462.0,25.3,49.0,0.0,3.0,3.520618556701031
2024-03-18 14:00:00,462.0,25.65,47.5,0.0,4.5,2.5269461077844313
2024-03-18 14:15:00,463.0,25.8,46.0,0.0,4.0,3.19375
2024-03-18 14:30:00,494.0,25.8,46.0,0.0,6.0,2.977653631284916
2024-03-18 14:45:00,470.0,26.15,44.5,0.0,2.5,3.1782178217821784
2024-03-18 15:00:00,469.0,26.3,43.0,0.0,2.0,2.295918367346939
2024-03-18 15:15:00,465.5,26.15,43.0,0.0,3.5,3.102272727272727
2024-03-18 15:30:00,474.0,26.0,43.0,104.0,5.0,2.5806451612903225
2024-03-18 15:45:00,468.0,26.0,43.0,14.0,3.0,3.1257861635220126
2024-03-18 16:00:00,468.5,26.0,42.0,0.0,2.5,2.0
2024-03-18 16:15:00,480.0,26.0,42.0,87.0,1.0,2.2745098039215685
2024-03-18 16:30:00,478.0,26.0,42.0,13.5,2.0,1.9339622641509433
2024-03-18 16:45:00,464.0,26.0,42.0,0.0,2.0,1.5
2024-03-18 17:00:00,482.0,26.0,41.0,0.0,2.0,1.5972222222222223
2024-03-18 17:15:00,474.0,26.0,42.0,0.0,2.0,1.3214285714285714
2024-03-18 17:30:00,474.0,25.8,42.0,0.0,3.0,1.127659574468085
2024-03-18 17:45:00,479.0,25.8,42.0,0.0,3.0,1.7734375
2024-03-18 18:00:00,476.0,25.8,42.0,0.0,3.0,2.489795918367347
2024-03-18 18:15:00,474.0,25.8,42.0,0.0,3.0,0.6071428571428571
2024-03-18 18:30:00,460.0,25.65,42.0,0.0,2.0,2.172932330827068
2024-03-18 18:45:00,493.0,25.5,43.0,0.0,3.0,2.1941747572815533
2024-03-18 19:00:00,496.0,25.5,43.0,0.0,4.0,1.925
2024-03-18 19:15:00,490.5,25.3,44.0,0.0,2.0,1.8
2024-03-18 19:30:00,472.0,25.0,44.0,0.0,6.0,0.8064516129032258
2024-03-18 19:45:00,463.5,24.9,45.0,0.0,2.5,1.28125
2024-03-18 20:00:00,447.0,24.8,46.0,0.0,4.0,0.375
2024-03-18 20:15:00,462.0,24.5,47.0,0.0,2.0,0.7727272727272727
2024-03-18 20:30:00,446.0,24.5,48.0,0.0,3.5,1.0666666666666667
2024-03-18 20:45:00,456.0,24.3,50.0,0.0,3.0,0.5
2024-03-18 21:00:00,442.0,24.3,51.0,0.0,3.0,0.6666666666666666
2024-03-18 21:15:00,464.0,24.0,52.0,0.0,1.0,0.5882352941176471
2024-03-18 21:30:00,449.0,23.8,53.0,0.0,2.0,0.38461538461538464
2024-03-18 21:45:00,447.0,23.8,53.0,0.0,3.5,0.3333333333333333
2024-03-18 22:00:00,438.0,23.5,54.0,0.0,2.0,0.4
2024-03-18 22:15:00,443.0,23.5,54.0,0.0,2.0,0.3333333333333333
2024-03-18 22:30:00,451.5,23.4,54.5,0.0,2.0,0.3333333333333333
2024-03-18 22:45:00,455.0,23.3,55.0,0.0,2.0,0.4652777777777778
2024-03-18 23:00:00,443.0,23.15,55.0,0.0,2.5,0.5972222222222222
2024-03-18 23:15:00,443.0,23.3,55.0,0.0,3.0,0.7291666666666667
2024-03-18 23:30:00,455.0,23.5,55.0,0.0,7.0,0.8611111111111112
2024-03-18 23:45:00,452.5,23.8,53.5,0.0,4.5,0.9930555555555556
2024-03-19 00:00:00,456.0,23.8,53.0,0.0,5.0,1.125
2024-03-19 00:15:00,461.0,24.0,53.0,0.0,7.5,1.0920138888888888
2024-03-19 00:30:00,442.0,24.0,53.0,0.0,6.0,1.0590277777777777
2024-03-19 00:45:00,447.0,24.0,52.0,0.0,5.0,1.0260416666666667
2024-03-19 01:00:00,446.5,24.0,52.0,0.0,9.5,0.9930555555555556
2024-03-19 01:15:00,475.0,24.0,52.0,0.0,8.0,0.9600694444444444
2024-03-19 01:30:00,450.0,24.0,52.0,0.0,7.0,0.9270833333333333
2024-03-19 01:45:00,462.0,24.0,52.0,0.0,9.0,0.8940972222222222
2024-03-19 02:00:00,444.0,24.0,52.0,0.0,10.0,0.8611111111111112
2024-03-19 02:15:00,448.0,24.0,52.0,0.0,13.0,0.828125
2024-03-19 02:30:00,430.0,24.0,52.0,0.0,12.0,0.7951388888888888
2024-03-19 02:45:00,443.0,24.0,51.0,0.0,12.0,0.7621527777777778
2024-03-19 03:00:00,442.5,24.0,51.0,0.0,13.5,0.7291666666666666
2024-03-19 03:15:00,450.0,24.0,51.0,2.0,12.0,0.6961805555555556
2024-03-19 03:30:00,441.0,24.0,51.0,2.0,14.5,0.6631944444444444
2024-03-19 03:45:00,443.0,24.0,51.0,3.0,13.0,0.6302083333333333
2024-03-19 04:00:00,446.0,24.0,51.0,1.0,11.0,0.5972222222222222
2024-03-19 04:15:00,441.5,23.9,51.0,6.0,10.0,0.564236111111111
2024-03-19 04:30:00,446.0,23.8,51.0,6.0,8.0,0.53125
2024-03-19 04:45:00,439.5,23.9,51.0,1.5,10.5,0.49826388888888884
2024-03-19 05:00:00,442.0,23.8,50.0,0.0,13.0,0.4652777777777778
2024-03-19 05:15:00,450.0,24.0,50.0,3.0,12.0,0.43229166666666663
2024-03-19 05:30:00,441.5,24.0,50.0,1.0,11.0,0.3993055555555556
2024-03-19 05:45:00,442.0,24.0,50.0,3.0,11.0,0.3663194444444444
2024-03-19 06:00:00,435.0,24.0,50.0,4.5,9.5,0.3333333333333333
2024-03-19 06:15:00,450.0,24.0,51.0,3.0,10.0,0.38636363636363635
2024-03-19 06:30:00,459.0,24.3,51.0,9.0,10.0,0.43939393939393934
2024-03-19 06:45:00,439.5,24.3,51.0,8.5,8.0,0.4924242424242424
2024-03-19 07:00:00,445.0,24.3,51.0,14.0,7.0,0.5454545454545454
2024-03-19 07:15:00,454.0,23.8,52.0,6.0,2.0,0.3076923076923077
2024-03-19 07:30:00,475.0,23.65,53.5,0.0,2.5,0.5454545454545454
2024-03-19 07:45:00,473.0,23.5,54.0,0.0,4.0,0.375
2024-03-19 08:00:00,455.0,23.5,55.0,0.0,1.0,0.7647058823529411
2024-03-19 08:15:00,450.0,23.5,56.0,0.0,1.0,0.2857142857142857
2024-03-19 08:30:00,445.0,23.5,56.0,0.0,1.0,0.3333333333333333
2024-03-19 08:45:00,450.0,23.5,57.5,0.0,3.0,1.4933333333333334
2024-03-19 09:00:00,443.0,23.5,58.0,0.0,1.0,1.8518518518518519
2024-03-19 09:15:00,445.5,23.5,59.0,0.0,1.5,1.875
2024-03-19 09:30:00,433.0,23.5,60.0,0.0,2.0,1.1818181818181819
2024-03-19 09:45:00,459.0,23.8,60.0,0.0,3.0,1.4090909090909092
2024-03-19 10:00:00,460.0,23.8,59.5,0.0,3.0,0.7916666666666666
2024-03-19 10:15:00,463.0,23.8,60.0,0.0,2.0,1.3414634146341464
2024-03-19 10:30:00,464.0,23.5,61.0,0.0,3.5,1.4857142857142858
2024-03-19 10:45:00,469.0,23.5,62.0,0.0,2.0,1.4
2024-03-19 11:00:00,462.0,23.5,62.0,0.0,4.0,2.095744680851064
2024-03-19 11:15:00,457.5,23.8,62.0,0.0,3.0,1.9047619047619047
2024-03-19 11:30:00,446.0,24.0,62.0,0.0,5.0,1.7
2024-03-19 11:45:00,457.0,24.3,62.0,0.0,4.0,1.135135135135135
2024-03-19 12:00:00,460.5,24.3,62.0,0.0,4.0,0.7058823529411765
2024-03-19 12:15:00,458.0,24.3,62.0,0.0,3.0,0.5789473684210527
2024-03-19 12:30:00,446.5,24.65,60.5,51.5,2.5,2.0727272727272728
2024-03-19 12:45:00,454.0,25.0,60.0,0.0,3.0,0.625
2024-03-19 13:00:00,438.0,25.3,59.0,0.0,3.0,2.1470588235294117
2024-03-19 13:15:00,459.0,25.0,60.5,0.0,4.5,1.8350515463917525
2024-03-19 13:30:00,454.0,24.8,61.0,0.0,2.0,2.347457627118644
2024-03-19 13:45:00,448.5,24.65,62.0,0.0,5.5,1.6533333333333333
2024-03-19 14:00:00,452.0,24.5,62.0,0.0,2.0,1.647887323943662
2024-03-19 14:15:00,452.0,24.3,63.0,0.0,3.0,1.3157894736842106
2024-03-19 14:30:00,448.5,24.15,63.0,0.0,2.0,0.8
2024-03-19 14:45:00,467.0,24.0,64.0,0.0,2.0,1.4259259259259258
2024-03-19 15:00:00,452.5,24.0,65.5,0.0,3.0,0.9375
2024-03-19 15:15:00,447.0,24.0,67.0,0.0,4.0,0.4444444444444444
2024-03-19 15:30:00,448.0,24.0,67.0,0.0,3.0,0.7142857142857143
2024-03-19 15:45:00,450.0,23.9,67.0,0.0,2.0,0.8947368421052632
2024-03-19 16:00:00,452.0,23.8,67.0,3.0,1.0,0.56
2024-03-19 16:15:00,472.0,23.8,67.0,0.0,4.0,0.75
2024-03-19 16:30:00,461.0,23.4,66.0,0.0,2.5,1.7272727272727273
2024-03-19 16:45:00,490.0,23.3,67.0,0.0,3.0,1.8133333333333332
2024-03-19 17:00:00,515.5,23.3,68.5,0.0,3.0,3.0977011494252875
2024-03-19 17:15:00,550.0,23.3,69.0,0.0,3.0,1.868421052631579
2024-03-19 17:30:00,549.0,23.3,69.0,0.0,2.0,1.6759259259259258
2024-03-19 17:45:00,518.0,23.0,69.0,0.0,1.5,1.8691588785046729
2024-03-19 18:00:00,520.0,22.8,69.0,0.0,1.0,1.5849056603773586
2024-03-19 18:15:00,552.5,22.8,69.0,0.0,2.0,2.5878378378378377
2024-03-19 18:30:00,551.0,22.5,68.0,0.0,2.0,1.553191489361702
2024-03-19 18:45:00,547.0,22.5,67.0,0.0,3.0,0.25
2024-03-19 19:00:00,520.5,22.5,67.0,0.0,1.5,0.6818181818181818
2024-03-19 19:15:00,522.0,22.3,67.0,34.0,2.0,0.7857142857142857
2024-03-19 19:30:00,499.5,22.3,67.0,119.0,4.5,0.6
2024-03-19 19:45:00,478.0,22.3,67.0,45.0,2.0,0.36363636363636365
2024-03-19 20:00:00,477.0,22.0,67.0,16.0,1.0,0.2857142857142857
2024-03-19 20:15:00,474.0,22.0,67.0,0.5,2.0,0.3333333333333333
2024-03-19 20:30:00,445.0,22.0,67.0,0.0,2.0,0.3333333333333333
2024-03-19 20:45:00,449.0,22.0,67.0,0.0,4.0,0.3333333333333333
2024-03-19 21:00:00,457.5,22.0,67.0,0.0,1.5,0.3333333333333333
2024-03-19 21:15:00,453.0,22.0,67.0,0.0,2.0,0.3333333333333333
2024-03-19 21:30:00,445.0,22.0,67.0,0.0,3.0,0.3333333333333333
2024-03-19 21:45:00,457.0,21.8,65.0,0.0,4.0,0.3333333333333333
2024-03-19 22:00:00,439.0,21.8,64.0,0.0,1.0,0.3333333333333333
2024-03-19 22:15:00,445.5,21.8,61.0,0.0,1.5,0.3333333333333333
2024-03-19 22:30:00,438.0,21.8,60.0,0.0,1.0,0.3333333333333333
2024-03-19 22:45:00,438.5,21.8,59.0,0.0,1.0,0.3333333333333333
2024-03-19 23:00:00,430.0,21.5,59.0,0.0,1.0,0.3333333333333333
2024-03-19 23:15:00,419.0,21.8,59.0,0.0,1.0,0.3333333333333333
2024-03-19 23:30:00,431.5,22.15,59.0,0.0,2.0,0.3333333333333333
2024-03-19 23:45:00,451.0,22.3,59.0,0.0,4.0,0.3333333333333333
2024-03-20 00:00:00,435.0,22.3,59.0,0.0,2.0,0.3333333333333333
2024-03-20 00:15:00,433.5,22.5,59.0,0.0,2.5,0.3333333333333333
2024-03-20 00:30:00,442.0,22.5,59.0,0.0,2.0,0.3333333333333333
2024-03-20 00:45:00,441.0,22.5,59.0,0.0,3.0,0.3333333333333333
2024-03-20 01:00:00,436.0,22.3,59.0,0.0,2.0,0.3333333333333333
2024-03-20 01:15:00,431.0,22.3,59.0,0.0,3.0,0.3333333333333333
2024-03-20 01:30:00,436.5,22.3,59.0,0.0,2.0,0.3333333333333333
2024-03-20 01:45:00,432.0,22.3,59.0,0.0,2.0,0.3333333333333333
2024-03-20 02:00:00,440.5,22.3,58.0,0.0,3.5,0.3333333333333333
2024-03-20 02:15:00,432.0,22.3,58.0,0.0,1.0,0.3333333333333333
2024-03-20 02:30:00,434.0,22.0,58.0,0.0,2.0,0.3333333333333333
2024-03-20 02:45:00,433.0,22.0,58.0,0.0,3.0,0.3333333333333333
2024-03-20 03:00:00,435.0,22.0,58.0,0.0,11.0,0.3333333333333333
2024-03-20 03:15:00,427.0,22.0,58.0,0.0,5.0,0.3333333333333333
2024-03-20 03:30:00,438.0,22.0,58.0,0.0,1.0,0.3333333333333333
2024-03-20 03:45:00,429.0,22.0,57.0,3.0,5.0,0.3333333333333333
2024-03-20 04:00:00,440.0,21.8,57.0,0.0,3.5,0.3333333333333333
2024-03-20 04:15:00,435.0,21.8,56.0,0.0,2.0,0.3333333333333333
2024-03-20 04:30:00,427.0,21.8,56.0,1.0,1.0,0.3333333333333333
2024-03-20 04:45:00,433.0,21.65,55.5,0.5,7.0,0.3333333333333333
2024-03-20 05:00:00,441.0,21.5,55.0,0.0,1.0,0.3333333333333333
2024-03-20 05:15:00,433.0,21.5,54.0,0.5,5.0,0.33928571428571425
2024-03-20 05:30:00,432.0,21.5,54.0,0.0,1.0,0.34523809523809523
2024-03-20 05:45:00,431.0,21.3,54.0,0.0,8.0,0.35119047619047616
2024-03-20 06:00:00,430.0,21.3,54.0,0.0,1.0,0.35714285714285715
2024-03-20 06:15:00,429.0,21.3,54.0,0.0,2.0,0.3630952380952381
2024-03-20 06:30:00,435.5,21.3,54.0,0.0,5.0,0.36904761904761907
2024-03-20 06:45:00,441.0,21.3,53.0,0.0,1.0,0.375
2024-03-20 07:00:00,438.0,21.0,54.0,0.0,3.0,0.4
2024-03-20 07:15:00,435.5,21.55,52.5,0.0,2.0,0.6363636363636364
2024-03-20 07:30:00,442.0,22.3,50.0,0.0,3.0,0.6363636363636364
2024-03-20 07:45:00,428.0,22.8,48.0,0.0,3.0,0.5
2024-03-20 08:00:00,444.0,22.8,47.0,0.0,0.0,0.38095238095238093
2024-03-20 08:15:00,435.0,22.8,46.0,0.0,1.0,0.625
2024-03-20 08:30:00,434.5,23.15,44.5,0.0,2.0,0.4
2024-03-20 08:45:00,442.0,23.3,43.0,0.0,4.0,0.36363636363636365
2024-03-20 09:00:00,448.0,23.3,42.0,0.0,8.0,0.9
2024-03-20 09:15:00,457.0,23.3,42.0,0.0,2.0,1.0
2024-03-20 09:30:00,459.0,23.3,42.0,47.0,3.0,1.4523809523809523
2024-03-20 09:45:00,461.0,23.3,42.0,3.0,2.5,0.35294117647058826
2024-03-20 10:00:00,449.0,23.3,41.0,0.0,2.0,1.6842105263157894
2024-03-20 10:15:00,459.0,23.3,41.0,0.0,3.0,1.8695652173913044
2024-03-20 10:30:00,455.5,23.3,39.5,0.0,3.0,1.2058823529411764
2024-03-20 10:45:00,462.0,23.3,39.0,0.0,4.0,2.5625
2024-03-20 11:00:00,475.0,23.3,38.5,0.0,3.5,1.5454545454545454
2024-03-20 11:15:00,478.0,23.5,38.0,0.0,3.0,0.5333333333333333
2024-03-20 11:30:00,472.0,23.5,37.0,0.0,2.0,2.074468085106383
2024-03-20 11:45:00,483.5,23.5,39.5,0.0,2.0,1.8983050847457628
2024-03-20 12:00:00,502.0,23.5,41.0,0.0,2.0,2.206611570247934
2024-03-20 12:15:00,488.5,23.65,42.0,0.0,1.5,1.6229508196721312
2024-03-20 12:30:00,498.0,23.8,40.0,0.0,1.0,1.5932203389830508
2024-03-20 12:45:00,501.0,23.8,39.0,6.0,1.0,1.8630136986301369
2024-03-20 13:00:00,491.5,23.8,39.5,17.5,4.5,1.6833333333333333
2024-03-20 13:15:00,503.0,23.8,40.0,3.0,0.0,1.2972972972972974
2024-03-20 13:30:00,518.0,23.8,39.0,0.0,2.0,1.7571428571428571
2024-03-20 13:45:00,518.0,23.8,37.5,0.0,3.5,2.8142857142857145
2024-03-20 14:00:00,517.0,23.8,35.0,0.0,0.0,1.509433962264151
2024-03-20 14:15:00,508.0,23.8,36.0,0.0,4.5,1.1071428571428572
2024-03-20 14:30:00,504.0,23.8,36.0,0.0,4.0,0.5454545454545454
2024-03-20 14:45:00,521.0,23.8,36.0,0.0,5.0,1.7
2024-03-20 15:00:00,531.5,23.8,36.0,1.5,2.0,1.6666666666666667
2024-03-20 15:15:00,532.0,23.8,36.0,1.0,6.0,1.9285714285714286
2024-03-20 15:30:00,537.0,23.8,35.5,0.0,2.0,2.0365853658536586
2024-03-20 15:45:00,537.0,23.8,35.0,0.0,4.0,1.6296296296296295
2024-03-20 16:00:00,516.0,23.8,34.0,42.0,2.0,1.303030303030303
2024-03-20 16:15:00,526.0,23.8,34.5,41.5,3.5,1.1428571428571428
2024-03-20 16:30:00,508.0,23.8,33.0,11.0,1.0,0.9444444444444444
2024-03-20 16:45:00,503.5,23.8,33.0,0.0,2.0,0.375
2024-03-20 17:00:00,496.0,23.8,33.0,1.0,6.0,0.5384615384615384
2024-03-20 17:15:00,518.0,23.8,34.0,0.0,9.0,1.6753246753246753
2024-03-20 17:30:00,509.5,23.8,34.0,0.0,3.0,0.5789473684210527
2024-03-20 17:45:00,503.0,23.5,34.0,0.0,2.0,1.5932203389830508
2024-03-20 18:00:00,498.0,23.5,35.0,0.0,4.0,1.205128205128205
2024-03-20 18:15:00,491.5,23.5,35.5,0.0,2.0,0.5555555555555556
2024-03-20 18:30:00,473.0,23.5,35.0,0.0,2.0,0.3333333333333333
2024-03-20 18:45:00,470.0,23.4,34.5,0.0,1.0,0.0
2024-03-20 19:00:00,464.0,23.3,34.0,0.0,1.0,0.42857142857142855
2024-03-20 19:15:00,471.0,23.3,34.0,0.0,0.0,0.25
2024-03-20 19:30:00,469.5,23.3,34.0,0.0,1.5,0.425
2024-03-20 19:45:00,447.0,23.3,33.0,0.0,4.0,0.6
2024-03-20 20:00:00,446.0,23.3,34.0,0.0,3.5,0.3333333333333333
2024-03-20 20:15:00,442.0,23.3,34.0,0.0,3.0,0.625
2024-03-20 20:30:00,448.0,23.3,34.0,0.0,2.0,0.5
2024-03-20 20:45:00,446.5,23.3,34.0,0.0,2.5,0.6
2024-03-20 21:00:00,445.0,23.3,34.0,0.0,1.0,0.7
2024-03-20 21:15:00,436.0,23.4,33.0,0.0,2.5,0.8
2024-03-20 21:30:00,439.0,23.5,32.0,0.0,0.0,0.9
2024-03-20 21:45:00,429.0,23.5,32.0,0.0,1.0,1.0
2024-03-20 22:00:00,432.0,23.5,32.0,0.0,2.0,0.2
2024-03-20 22:15:00,431.0,23.8,32.0,0.0,0.0,0.335
2024-03-20 22:30:00,441.0,23.8,31.0,0.0,4.0,0.47000000000000003
2024-03-20 22:45:00,433.0,23.8,31.0,0.0,1.0,0.605
2024-03-20 23:00:00,444.0,23.8,31.0,0.0,2.0,0.74
2024-03-20 23:15:00,427.5,23.5,31.5,0.0,1.5,0.875
2024-03-20 23:30:00,439.0,23.3,32.0,0.0,4.0,0.75625
2024-03-20 23:45:00,433.0,23.3,32.0,0.0,4.0,0.6375
2024-03-21 00:00:00,439.5,23.0,33.0,0.0,2.0,0.51875
2024-03-21 00:15:00,450.0,22.8,33.0,0.0,2.0,0.4
2024-03-21 00:30:00,442.5,22.8,34.0,0.0,1.5,0.3952380952380953
2024-03-21 00:45:00,445.0,22.5,34.0,0.0,10.0,0.3904761904761905
2024-03-21 01:00:00,450.0,22.3,34.0,0.0,1.0,0.38571428571428573
2024-03-21 01:15:00,440.0,22.3,35.0,0.0,2.5,0.380952380952381
2024-03-21 01:30:00,440.0,22.3,35.0,0.0,1.0,0.3761904761904762
2024-03-21 01:45:00,438.0,22.0,35.0,0.0,2.0,0.37142857142857144
2024-03-21 02:00:00,452.0,22.0,35.0,0.0,4.5,0.3666666666666667
2024-03-21 02:15:00,442.0,22.0,35.0,0.0,1.0,0.3619047619047619
2024-03-21 02:30:00,449.5,21.9,35.5,0.0,2.5,0.35714285714285715
2024-03-21 02:45:00,453.0,21.8,36.0,0.0,2.0,0.35238095238095235
2024-03-21 03:00:00,431.0,21.8,36.0,0.0,2.0,0.3476190476190476
2024-03-21 03:15:00,439.5,21.5,36.0,0.0,5.0,0.34285714285714286
2024-03-21 03:30:00,451.0,21.5,36.0,0.0,2.0,0.33809523809523806
2024-03-21 03:45:00,452.5,21.5,37.0,0.0,3.5,0.3333333333333333
2024-03-21 04:00:00,442.0,21.3,37.0,0.0,1.0,0.3333333333333333
2024-03-21 04:15:00,452.0,21.3,37.0,0.0,2.0,0.3333333333333333
2024-03-21 04:30:00,439.0,21.3,37.0,0.0,2.5,0.3333333333333333
2024-03-21 04:45:00,438.0,21.3,37.0,0.0,3.0,0.3333333333333333
2024-03-21 05:00:00,433.0,21.3,38.0,0.0,4.0,0.3333333333333333
2024-03-21 05:15:00,437.0,21.3,38.0,0.0,1.0,0.3333333333333333
2024-03-21 05:30:00,443.0,21.3,38.0,0.0,1.0,0.3333333333333333
2024-03-21 05:45:00,433.0,21.3,38.5,0.0,3.5,0.3333333333333333
2024-03-21 06:00:00,437.0,21.3,39.0,0.0,2.0,0.3333333333333333
2024-03-21 06:15:00,446.0,21.3,39.0,0.0,1.0,0.3333333333333333
2024-03-21 06:30:00,440.0,21.15,39.0,0.0,3.0,0.3333333333333333
2024-03-21 06:45:00,433.0,21.0,39.0,0.0,2.0,0.8
2024-03-21 07:00:00,438.5,21.0,39.0,0.0,3.0,0.6444444444444445
2024-03-21 07:15:00,449.0,21.0,39.0,0.0,4.0,0.4888888888888889
2024-03-21 07:30:00,459.0,21.5,39.0,0.0,0.0,0.3333333333333333
2024-03-21 07:45:00,461.0,22.5,36.0,0.0,3.0,0.3333333333333333
2024-03-21 08:00:00,477.0,22.5,36.0,0.0,2.0,0.3333333333333333
2024-03-21 08:15:00,467.5,23.15,35.5,0.0,2.5,0.3333333333333333
2024-03-21 08:30:00,460.0,23.5,35.0,0.0,4.0,0.3333333333333333
2024-03-21 08:45:00,466.0,23.8,34.0,0.0,4.0,0.3333333333333333
2024-03-21 09:00:00,463.0,24.0,34.0,0.0,1.0,0.625
2024-03-21 09:15:00,453.0,23.8,34.0,0.0,3.0,0.5
2024-03-21 09:30:00,453.0,23.8,33.0,0.0,6.0,0.2857142857142857
2024-03-21 09:45:00,452.0,23.8,33.0,0.0,2.0,0.5
2024-03-21 10:00:00,476.0,23.8,33.0,0.0,3.0,0.6875
2024-03-21 10:15:00,485.5,23.8,33.0,0.0,3.5,0.375
2024-03-21 10:30:00,515.0,23.8,33.0,0.0,1.0,1.7733333333333334
2024-03-21 10:45:00,509.0,23.8,33.0,0.0,2.0,2.25531914893617
2024-03-21 11:00:00,507.0,23.8,34.0,0.0,0.5,2.0597014925373136
2024-03-21 11:15:00,516.0,23.8,34.0,0.0,1.0,1.564102564102564
2024-03-21 11:30:00,492.0,23.8,34.0,0.0,2.0,1.558139534883721
2024-03-21 11:45:00,498.0,24.0,34.0,0.0,4.0,1.4833333333333334
2024-03-21 12:00:00,484.0,24.0,34.0,0.0,0.0,3.515625
2024-03-21 12:15:00,514.0,23.9,34.0,0.0,1.0,1.4067796610169492
2024-03-21 12:30:00,521.0,24.0,34.0,0.0,0.0,1.2903225806451613
2024-03-21 12:45:00,515.5,24.0,34.0,20.0,3.0,1.2093023255813953
2024-03-21 13:00:00,522.0,24.3,34.0,3.0,1.0,1.8175182481751824
2024-03-21 13:15:00,537.0,24.3,34.0,0.0,0.0,2.5670103092783507
2024-03-21 13:30:00,525.0,24.3,33.5,0.0,2.0,2.549019607843137
2024-03-21 13:45:00,516.0,24.3,33.0,0.0,4.0,1.9285714285714286
2024-03-21 14:00:00,519.0,24.3,33.0,0.0,2.0,0.6818181818181818
2024-03-21 14:15:00,497.0,24.0,33.0,0.0,1.0,0.75
2024-03-21 14:30:00,485.0,24.0,33.0,0.0,2.0,0.8235294117647058
2024-03-21 14:45:00,494.5,23.9,33.0,0.0,1.0,1.7966101694915255
2024-03-21 15:00:00,477.0,23.5,33.0,72.0,4.0,1.4782608695652173
2024-03-21 15:15:00,467.0,23.4,33.0,51.0,3.0,1.690909090909091
2024-03-21 15:30:00,484.0,23.3,34.0,103.0,2.0,1.8791946308724832
2024-03-21 15:45:00,474.0,23.0,34.0,34.0,2.0,2.4591836734693877
2024-03-21 16:00:00,486.5,23.0,34.0,0.0,7.5,1.8205128205128205
2024-03-21 16:15:00,472.0,23.0,34.0,0.0,7.0,0.7419354838709677
2024-03-21 16:30:00,460.0,22.8,34.0,0.0,1.0,0.7692307692307693
2024-03-21 16:45:00,486.5,22.8,36.0,0.5,1.0,1.5245901639344261
2024-03-21 17:00:00,489.0,22.8,38.0,0.0,3.0,1.2727272727272727
2024-03-21 17:15:00,498.0,22.8,40.0,0.0,2.5,1.2954545454545454
2024-03-21 17:30:00,502.0,22.8,40.0,0.0,3.0,2.716666666666667
2024-03-21 17:45:00,518.0,22.8,41.0,0.0,3.0,2.593220338983051
2024-03-21 18:00:00,499.5,22.8,41.5,0.0,4.0,2.6721311475409837
2024-03-21 18:15:00,507.0,22.8,42.0,0.0,1.0,1.5510204081632653
2024-03-21 18:30:00,491.5,22.5,42.0,0.0,2.5,1.2285714285714286
2024-03-21 18:45:00,501.0,22.5,42.0,0.0,2.0,1.6744186046511629
2024-03-21 19:00:00,486.0,22.3,43.0,0.0,4.0,0.68
2024-03-21 19:15:00,472.0,22.5,43.0,0.0,2.5,0.5454545454545454
2024-03-21 19:30:00,467.0,22.8,42.0,0.0,2.0,0.5
2024-03-21 19:45:00,448.0,22.8,42.5,0.5,1.5,0.4
2024-03-21 20:00:00,449.0,22.8,42.0,0.0,2.0,0.3333333333333333
2024-03-21 20:15:00,473.0,22.8,42.0,0.0,3.0,0.7272727272727273
2024-03-21 20:30:00,455.0,22.9,42.0,0.0,3.5,0.5303030303030303
2024-03-21 20:45:00,456.0,23.0,42.0,0.0,2.0,0.3333333333333333
2024-03-21 21:00:00,448.0,23.0,42.0,0.0,0.0,0.3333333333333333
2024-03-21 21:15:00,440.0,23.0,42.0,0.0,1.5,0.8666666666666667
2024-03-21 21:30:00,439.0,23.3,42.0,0.0,3.0,0.8074074074074075
2024-03-21 21:45:00,433.5,23.3,41.5,0.0,1.0,0.7481481481481481
2024-03-21 22:00:00,422.0,23.3,41.0,0.0,4.0,0.6888888888888889
2024-03-21 22:15:00,435.0,23.3,42.0,0.0,2.0,0.6296296296296295
2024-03-21 22:30:00,430.5,23.3,41.0,0.0,2.0,0.5703703703703703
2024-03-21 22:45:00,431.0,23.3,42.0,0.0,0.0,0.5111111111111111
2024-03-21 23:00:00,428.0,23.3,41.5,0.0,2.0,0.4518518518518518
2024-03-21 23:15:00,428.0,23.3,41.0,0.0,1.0,0.3925925925925925
2024-03-21 23:30:00,439.0,23.3,41.0,0.0,4.0,0.3333333333333333
2024-03-21 23:45:00,430.5,23.0,42.0,0.0,3.0,0.3390804597701149
2024-03-22 00:00:00,433.0,22.8,42.0,0.0,1.0,0.3448275862068965
2024-03-22 00:15:00,440.0,22.8,42.0,0.0,2.5,0.3505747126436781
2024-03-22 00:30:00,443.0,22.5,42.0,0.0,1.0,0.3563218390804598
2024-03-22 00:45:00,441.0,22.5,42.0,0.0,1.0,0.3620689655172414
2024-03-22 01:00:00,441.5,22.4,42.0,0.0,1.0,0.367816091954023
2024-03-22 01:15:00,436.0,22.3,42.0,0.0,2.0,0.3735632183908046
2024-03-22 01:30:00,439.0,22.3,42.0,0.0,4.0,0.3793103448275862
2024-03-22 01:45:00,436.0,22.0,42.0,0.0,1.0,0.3850574712643678
2024-03-22 02:00:00,453.0,22.0,42.0,0.0,1.0,0.3908045977011494
2024-03-22 02:15:00,441.0,21.8,42.0,0.0,2.0,0.39655172413793105
2024-03-22 02:30:00,441.0,21.8,42.0,0.0,2.0,0.40229885057471265
2024-03-22 02:45:00,447.0,21.5,42.0,0.0,2.0,0.40804597701149425
2024-03-22 03:00:00,437.5,21.5,42.0,0.0,1.0,0.41379310344827586
2024-03-22 03:15:00,456.0,21.3,42.0,0.0,2.0,0.41954022988505746
2024-03-22 03:30:00,443.0,21.15,42.0,0.0,1.5,0.42528735632183906
2024-03-22 03:45:00,447.0,21.0,42.0,0.0,1.0,0.43103448275862066
2024-03-22 04:00:00,446.0,21.0,42.0,0.0,1.0,0.4367816091954023
2024-03-22 04:15:00,444.0,20.8,43.0,0.0,2.0,0.4425287356321839
2024-03-22 04:30:00,453.0,20.8,43.0,0.0,2.0,0.4482758620689655
2024-03-22 04:45:00,445.0,20.8,43.0,0.0,2.0,0.4540229885057471
2024-03-22 05:00:00,454.0,20.5,43.0,0.0,2.0,0.45977011494252873
2024-03-22 05:15:00,447.0,20.5,43.0,0.0,1.0,0.4655172413793104
2024-03-22 05:30:00,449.0,20.5,43.0,0.0,1.5,0.47126436781609193
2024-03-22 05:45:00,447.0,20.5,43.0,0.0,1.0,0.4770114942528736
2024-03-22 06:00:00,440.0,20.5,43.0,0.0,2.0,0.48275862068965514
2024-03-22 06:15:00,442.5,20.5,43.0,0.0,1.5,0.4885057471264368
2024-03-22 06:30:00,448.0,20.5,44.0,0.0,1.0,0.4942528735632184
2024-03-22 06:45:00,458.0,20.5,44.0,0.0,1.0,0.5
2024-03-22 07:00:00,449.0,20.3,44.0,0.0,4.0,0.5
2024-03-22 07:15:00,449.0,20.5,45.0,0.0,1.0,0.5
2024-03-22 07:30:00,447.5,21.55,43.5,0.0,5.5,0.5
2024-03-22 07:45:00,441.0,22.5,42.0,0.0,2.0,1.1538461538461537
2024-03-22 08:00:00,449.0,23.25,40.5,0.0,2.5,0.75
2024-03-22 08:15:00,455.0,23.8,40.0,0.0,2.0,1.7903225806451613
2024-03-22 08:30:00,449.0,24.5,38.0,0.0,2.0,1.4722222222222223
2024-03-22 08:45:00,451.5,25.0,38.0,0.0,4.5,1.3157894736842106
2024-03-22 09:00:00,476.0,25.3,38.0,0.0,1.0,0.2857142857142857
2024-03-22 09:15:00,470.5,24.9,39.0,0.0,1.5,0.6
2024-03-22 09:30:00,459.0,24.8,40.0,0.0,3.0,0.3333333333333333
2024-03-22 09:45:00,461.0,24.5,40.0,0.0,2.0,1.4615384615384615
2024-03-22 10:00:00,492.0,24.3,41.0,0.0,2.5,2.130434782608696
2024-03-22 10:15:00,492.0,24.3,41.0,0.0,1.0,1.7704918032786885
2024-03-22 10:30:00,502.0,24.3,42.0,0.0,3.0,1.725
2024-03-22 10:45:00,514.5,24.3,42.0,0.0,1.0,1.5526315789473684
2024-03-22 11:00:00,501.0,24.3,42.0,0.0,1.0,1.1290322580645162
2024-03-22 11:15:00,506.5,24.3,41.5,0.0,3.0,1.4615384615384615
2024-03-22 11:30:00,521.0,24.3,41.0,0.0,1.0,1.6229508196721312
2024-03-22 11:45:00,525.0,24.3,41.0,0.0,1.0,1.3333333333333333
2024-03-22 12:00:00,521.0,24.3,41.5,0.0,1.0,1.5172413793103448
2024-03-22 12:15:00,529.0,24.3,41.0,0.0,1.0,1.6363636363636365
2024-03-22 12:30:00,527.0,24.3,41.0,0.0,1.0,1.5961538461538463
2024-03-22 12:45:00,540.0,24.5,41.0,0.0,3.0,0.6956521739130435
2024-03-22 13:00:00,506.0,24.5,43.0,0.0,5.0,1.641025641025641
2024-03-22 13:15:00,519.0,24.5,44.0,0.0,1.0,2.1267605633802815
2024-03-22 13:30:00,505.0,24.5,45.0,0.0,1.0,1.8790322580645162
2024-03-22 13:45:00,494.5,24.3,45.0,0.0,1.0,2.5546218487394956
2024-03-22 14:00:00,471.0,24.3,44.0,0.0,1.0,2.354330708661417
2024-03-22 14:15:00,496.0,24.0,43.0,0.0,1.0,2.3552631578947367
2024-03-22 14:30:00,467.5,24.0,41.5,0.0,2.0,2.1446540880503147
2024-03-22 14:45:00,474.0,24.0,41.0,0.0,1.0,1.1111111111111112
2024-03-22 15:00:00,471.0,23.8,41.0,0.0,1.0,1.303030303030303
2024-03-22 15:15:00,464.0,23.4,41.5,0.0,2.5,0.4
2024-03-22 15:30:00,464.0,23.3,42.0,0.0,1.0,2.4691358024691357
2024-03-22 15:45:00,466.0,23.15,43.0,0.0,2.0,0.7777777777777778
2024-03-22 16:00:00,473.0,23.0,44.0,0.0,2.0,1.5862068965517242
2024-03-22 16:15:00,453.0,23.0,45.0,0.0,3.0,1.6153846153846154
2024-03-22 16:30:00,453.0,23.0,45.0,9.5,1.0,1.2
2024-03-22 16:45:00,451.0,22.8,44.0,0.0,4.0,1.4814814814814814
2024-03-22 17:00:00,456.0,22.8,44.0,0.0,2.0,1.0
2024-03-22 17:15:00,455.0,22.8,44.0,0.0,1.0,0.8695652173913043
2024-03-22 17:30:00,473.0,22.8,44.0,0.0,3.0,0.5
2024-03-22 17:45:00,462.5,22.8,44.5,0.0,4.0,0.7857142857142857
2024-03-22 18:00:00,461.0,22.5,45.0,0.0,4.0,0.76
2024-03-22 18:15:00,474.0,22.4,45.5,0.0,4.5,0.5
2024-03-22 18:30:00,471.0,22.5,46.0,0.0,7.0,0.3333333333333333
2024-03-22 18:45:00,468.0,22.5,46.0,0.0,4.0,0.3333333333333333
2024-03-22 19:00:00,468.5,22.3,47.0,0.0,2.0,0.3333333333333333
2024-03-22 19:15:00,454.0,22.3,47.0,0.0,2.0,0.3333333333333333
2024-03-22 19:30:00,475.0,22.5,47.0,0.0,3.0,0.3333333333333333
2024-03-22 19:45:00,467.0,22.5,47.0,0.0,2.0,0.3333333333333333
2024-03-22 20:00:00,461.0,22.8,47.0,0.0,2.0,0.3333333333333333
2024-03-22 20:15:00,457.0,22.8,47.0,0.0,1.0,0.3333333333333333
2024-03-22 20:30:00,443.0,22.8,47.0,0.0,3.0,0.3333333333333333
2024-03-22 20:45:00,444.0,22.8,47.0,0.0,2.0,0.625
2024-03-22 21:00:00,427.0,22.8,47.0,0.0,2.5,0.3333333333333333
2024-03-22 21:15:00,439.0,23.0,47.0,0.0,5.0,0.3333333333333333
2024-03-22 21:30:00,427.0,23.0,47.0,0.0,4.0,0.3333333333333333
2024-03-22 21:45:00,441.0,23.0,47.0,0.0,3.0,0.34375
2024-03-22 22:00:00,436.0,23.0,47.0,0.0,4.0,0.35416666666666663
2024-03-22 22:15:00,426.0,23.0,47.0,0.0,3.0,0.3645833333333333
2024-03-22 22:30:00,438.0,23.0,46.0,0.0,9.0,0.375
2024-03-22 22:45:00,441.0,23.0,46.0,0.0,4.0,0.38541666666666663
2024-03-22 23:00:00,436.0,23.0,46.0,0.0,3.0,0.3958333333333333
2024-03-22 23:15:00,434.0,23.3,46.0,0.0,6.0,0.40625
2024-03-22 23:30:00,439.5,23.0,46.0,0.0,4.5,0.41666666666666663
2024-03-22 23:45:00,458.0,23.0,46.0,0.0,4.0,0.4270833333333333
2024-03-23 00:00:00,444.0,23.0,46.0,0.0,6.0,0.4375
2024-03-23 00:15:00,442.5,22.8,46.0,0.0,6.5,0.44791666666666663
2024-03-23 00:30:00,439.0,22.8,46.0,0.0,12.0,0.4583333333333333
2024-03-23 00:45:00,444.0,22.65,46.0,0.0,9.5,0.46875
2024-03-23 01:00:00,440.0,22.5,46.0,0.0,15.0,0.47916666666666663
2024-03-23 01:15:00,431.0,22.5,46.0,0.0,7.0,0.48958333333333337
2024-03-23 01:30:00,453.0,22.4,46.0,0.0,7.0,0.5
2024-03-23 01:45:00,448.0,22.3,46.0,0.0,6.0,0.0
2024-03-23 02:00:00,432.5,22.3,46.0,0.0,5.0,0.012121212121212123
2024-03-23 02:15:00,456.0,22.0,46.0,0.0,4.0,0.024242424242424246
2024-03-23 02:30:00,453.0,22.0,46.0,0.0,5.0,0.03636363636363637
2024-03-23 02:45:00,444.5,22.0,46.0,0.0,5.0,0.04848484848484849
2024-03-23 03:00:00,452.0,21.8,46.0,0.0,3.0,0.060606060606060615
2024-03-23 03:15:00,451.5,21.8,46.0,0.0,6.5,0.07272727272727274
2024-03-23 03:30:00,443.0,21.5,46.0,0.0,4.0,0.08484848484848485
2024-03-23 03:45:00,438.0,21.5,46.0,0.0,5.0,0.09696969696969698
2024-03-23 04:00:00,449.0,21.4,47.0,0.0,5.0,0.1090909090909091
2024-03-23 04:15:00,443.0,21.3,47.0,0.0,4.0,0.12121212121212123
2024-03-23 04:30:00,440.0,21.3,47.0,0.0,5.0,0.13333333333333336
2024-03-23 04:45:00,452.5,21.15,47.0,0.0,2.0,0.14545454545454548
2024-03-23 05:00:00,457.0,21.0,47.0,0.0,2.0,0.1575757575757576
2024-03-23 05:15:00,447.0,21.0,47.0,0.0,4.0,0.1696969696969697
2024-03-23 05:30:00,438.0,21.0,47.0,0.0,2.0,0.18181818181818185
2024-03-23 05:45:00,441.0,20.8,47.0,0.0,3.0,0.19393939393939397
2024-03-23 06:00:00,445.0,20.8,47.0,0.0,4.0,0.20606060606060608
2024-03-23 06:15:00,442.0,20.8,47.0,0.0,2.0,0.2181818181818182
2024-03-23 06:30:00,446.5,20.65,47.0,0.0,3.5,0.23030303030303031
2024-03-23 06:45:00,444.0,20.5,47.0,0.0,3.0,0.24242424242424246
2024-03-23 07:00:00,448.0,20.5,48.0,0.0,4.0,0.2545454545454546
2024-03-23 07:15:00,440.5,20.9,48.5,0.0,4.0,0.2666666666666667
2024-03-23 07:30:00,430.0,21.8,47.0,0.0,3.0,0.2787878787878788
2024-03-23 07:45:00,445.5,22.65,46.0,0.0,1.5,0.29090909090909095
2024-03-23 08:00:00,443.0,23.5,46.0,0.0,1.0,0.30303030303030304
2024-03-23 08:15:00,440.0,24.0,46.0,0.0,1.0,0.3151515151515152
2024-03-23 08:30:00,444.5,24.65,46.0,0.0,2.5,0.3272727272727273
2024-03-23 08:45:00,457.0,24.8,46.0,0.0,2.0,0.3393939393939394
2024-03-23 09:00:00,470.0,24.8,47.0,0.0,4.0,0.35151515151515156
2024-03-23 09:15:00,428.0,24.4,49.5,0.0,1.0,0.3636363636363637
2024-03-23 09:30:00,454.0,24.0,50.0,0.0,1.0,0.3757575757575758
2024-03-23 09:45:00,439.5,23.9,51.0,0.0,2.0,0.38787878787878793
2024-03-23 10:00:00,448.0,23.8,51.0,0.0,1.0,0.4
2024-03-23 10:15:00,443.0,23.5,51.0,0.0,2.0,0.5291666666666667
2024-03-23 10:30:00,429.5,23.5,50.5,0.0,2.0,0.6583333333333333
2024-03-23 10:45:00,432.0,23.5,50.0,0.0,3.0,0.7875
2024-03-23 11:00:00,428.0,23.5,49.5,0.0,1.5,0.9166666666666666
2024-03-23 11:15:00,430.0,23.5,49.0,16.0,1.0,0.75
2024-03-23 11:30:00,439.0,23.3,49.0,14.0,0.0,0.5416666666666666
2024-03-23 11:45:00,451.5,23.3,49.0,3.0,4.0,0.3333333333333333
2024-03-23 12:00:00,467.0,23.3,49.0,0.0,1.0,0.3333333333333333
2024-03-23 12:15:00,455.0,23.3,48.0,0.0,3.0,0.3333333333333333
2024-03-23 12:30:00,464.0,23.3,47.0,0.0,2.0,0.3333333333333333
2024-03-23 12:45:00,460.0,23.5,47.0,0.0,2.0,0.5
2024-03-23 13:00:00,467.0,23.5,46.5,0.0,3.0,0.2857142857142857
2024-03-23 13:15:00,464.0,23.5,45.0,0.0,4.0,0.30952380952380953
2024-03-23 13:30:00,467.0,23.8,45.0,0.0,4.0,0.3333333333333333
2024-03-23 13:45:00,450.0,23.9,43.5,0.0,0.5,0.3333333333333333
2024-03-23 14:00:00,455.0,24.0,42.0,0.0,3.0,0.3333333333333333
2024-03-23 14:15:00,454.0,24.0,42.0,0.0,2.0,0.3333333333333333
2024-03-23 14:30:00,466.0,24.0,42.0,0.0,1.0,0.3333333333333333
2024-03-23 14:45:00,453.0,24.0,42.0,0.0,3.0,0.3333333333333333
2024-03-23 15:00:00,450.0,24.0,42.0,0.0,1.5,0.5714285714285714
2024-03-23 15:15:00,450.0,24.0,42.0,0.0,2.0,0.4
2024-03-23 15:30:00,435.0,24.0,42.0,0.0,1.5,0.3666666666666667
2024-03-23 15:45:00,437.0,24.0,41.0,0.0,3.0,0.3333333333333333
2024-03-23 16:00:00,429.0,24.0,41.0,0.0,8.0,0.6666666666666667
2024-03-23 16:15:00,435.5,23.9,41.0,0.0,1.5,1.0
2024-03-23 16:30:00,437.0,23.8,41.0,0.0,3.0,0.8333333333333333
2024-03-23 16:45:00,436.5,23.8,41.0,0.0,3.0,0.6666666666666666
2024-03-23 17:00:00,421.0,23.8,41.0,0.0,3.0,0.5
2024-03-23 17:15:00,436.0,23.8,41.0,0.0,2.0,0.3333333333333333
2024-03-23 17:30:00,433.5,23.8,41.0,0.0,1.0,0.7987987987987988
2024-03-23 17:45:00,436.0,23.5,41.0,0.0,1.0,1.2642642642642643
2024-03-23 18:00:00,435.0,23.5,41.0,0.0,1.0,1.7297297297297298
2024-03-23 18:15:00,435.0,23.5,40.0,0.0,1.0,1.0315315315315314
2024-03-23 18:30:00,432.0,23.5,40.0,0.0,1.0,0.3333333333333333
2024-03-23 18:45:00,440.5,23.4,40.0,0.0,2.0,0.4375
2024-03-23 19:00:00,435.0,23.3,40.0,0.0,2.0,0.5416666666666667
2024-03-23 19:15:00,432.0,23.3,40.0,0.0,2.0,0.6458333333333334
2024-03-23 19:30:00,431.5,23.15,40.5,0.0,1.5,0.75
2024-03-23 19:45:00,445.0,23.0,41.0,0.0,6.0,0.7916666666666666
2024-03-23 20:00:00,439.5,23.0,41.0,0.0,5.0,0.8333333333333334
2024-03-23 20:15:00,451.0,23.0,41.0,3.0,5.0,0.875
2024-03-23 20:30:00,462.0,23.3,40.0,1.0,1.0,0.9166666666666667
2024-03-23 20:45:00,443.0,23.3,39.5,7.5,4.0,0.9583333333333334
2024-03-23 21:00:00,427.0,23.3,40.0,0.0,5.0,1.0
2024-03-23 21:15:00,434.5,23.15,39.5,0.0,1.5,1.0416666666666667
2024-03-23 21:30:00,436.0,23.3,39.0,0.0,1.0,1.0833333333333335
2024-03-23 21:45:00,432.0,23.3,39.0,0.0,1.0,1.125
2024-03-23 22:00:00,424.0,23.4,39.0,0.0,2.5,1.1666666666666667
2024-03-23 22:15:00,439.0,23.5,39.0,0.0,5.0,1.1522198731501059
2024-03-23 22:30:00,420.0,23.5,38.0,0.0,3.0,1.1377730796335448
2024-03-23 22:45:00,439.5,23.5,38.0,0.0,2.5,1.123326286116984
2024-03-23 23:00:00,434.0,23.5,38.0,0.0,1.0,1.1088794926004228
2024-03-23 23:15:00,423.5,23.5,38.0,0.0,7.0,1.094432699083862
2024-03-23 23:30:00,432.0,23.3,38.0,0.0,9.0,1.079985905567301
2024-03-23 23:45:00,427.0,23.3,39.0,0.0,8.0,1.06553911205074
2024-03-24 00:00:00,434.5,23.3,39.0,0.0,16.0,1.051092318534179
2024-03-24 00:15:00,436.0,23.0,39.0,0.0,16.0,1.036645525017618
2024-03-24 00:30:00,448.5,23.0,39.0,0.0,17.0,1.0221987315010572
2024-03-24 00:45:00,433.0,23.0,39.0,0.0,17.0,1.0077519379844961
2024-03-24 01:00:00,426.0,23.0,40.0,0.0,18.0,0.9933051444679353
2024-03-24 01:15:00,439.5,22.9,40.0,0.0,21.5,0.9788583509513742
2024-03-24 01:30:00,449.0,22.8,40.0,0.0,30.0,0.9644115574348133
2024-03-24 01:45:00,445.5,22.8,40.0,0.0,27.0,0.9499647639182524
2024-03-24 02:00:00,435.0,22.5,40.0,0.0,27.0,0.9355179704016914
2024-03-24 02:15:00,450.0,22.5,40.0,0.0,35.0,0.9210711768851304
2024-03-24 02:30:00,438.5,22.5,41.0,0.0,35.0,0.9066243833685694
2024-03-24 02:45:00,437.0,22.5,41.0,0.0,26.0,0.8921775898520085
2024-03-24 03:00:00,437.0,22.3,41.0,0.0,29.0,0.8777307963354475
2024-03-24 03:15:00,434.5,22.3,41.0,0.0,37.5,0.8632840028188866
2024-03-24 03:30:00,437.0,22.3,41.0,0.0,37.0,0.8488372093023255
2024-03-24 03:45:00,435.0,22.3,41.0,0.0,40.5,0.8343904157857647
2024-03-24 04:00:00,442.0,22.3,41.0,0.0,37.0,0.8199436222692037
2024-03-24 04:15:00,442.0,22.3,41.0,0.0,39.0,0.8054968287526427
2024-03-24 04:30:00,433.0,22.15,42.0,0.0,39.0,0.7910500352360817
2024-03-24 04:45:00,439.0,22.0,42.0,0.0,44.0,0.7766032417195208
2024-03-24 05:00:00,433.0,22.0,42.0,0.0,34.0,0.7621564482029599
2024-03-24 05:15:00,441.0,22.0,42.0,0.0,33.0,0.7477096546863988
2024-03-24 05:30:00,431.0,22.0,43.0,0.0,34.0,0.733262861169838
2024-03-24 05:45:00,436.0,21.9,43.0,0.0,35.5,0.7188160676532769
2024-03-24 06:00:00,426.0,21.8,43.0,0.0,41.0,0.704369274136716
2024-03-24 06:15:00,437.0,21.8,43.0,0.0,36.5,0.689922480620155
2024-03-24 06:30:00,435.0,21.8,43.0,0.0,38.0,0.6754756871035941
2024-03-24 06:45:00,434.0,21.8,43.0,0.0,37.0,0.6610288935870331
2024-03-24 07:00:00,432.0,21.8,43.0,0.0,32.5,0.6465821000704721
2024-03-24 07:15:00,452.0,21.8,43.0,0.0,12.0,0.6321353065539111
2024-03-24 07:30:00,416.0,22.0,42.0,0.0,7.0,0.6176885130373502
2024-03-24 07:45:00,426.5,22.9,40.0,0.0,4.5,0.6032417195207893
2024-03-24 08:00:00,428.0,23.8,38.0,0.0,3.0,0.5887949260042283
2024-03-24 08:15:00,430.0,24.15,37.5,0.0,5.5,0.5743481324876674
2024-03-24 08:30:00,426.0,23.8,38.0,0.0,2.0,0.5599013389711064
2024-03-24 08:45:00,443.0,23.5,38.0,0.0,2.0,0.5454545454545454
2024-03-24 09:00:00,428.0,23.5,38.0,0.0,4.5,0.43939393939393934
2024-03-24 09:15:00,443.0,23.5,38.0,0.0,2.0,0.3333333333333333
2024-03-24 09:30:00,424.5,23.5,38.0,0.0,3.5,0.3839285714285714
2024-03-24 09:45:00,428.0,23.5,38.0,0.0,2.0,0.43452380952380953
2024-03-24 10:00:00,428.0,23.3,38.0,0.0,2.0,0.48511904761904756
2024-03-24 10:15:00,427.0,23.3,38.0,0.0,3.0,0.5357142857142857
2024-03-24 10:30:00,423.0,23.3,38.0,0.0,1.0,0.5863095238095237
2024-03-24 10:45:00,424.5,23.5,38.0,0.0,2.5,0.6369047619047619
2024-03-24 11:00:00,427.0,23.3,38.0,0.0,1.0,0.6875
2024-03-24 11:15:00,424.0,23.3,38.0,0.0,2.0,0.8
2024-03-24 11:30:00,431.5,23.5,38.0,0.0,5.0,0.2857142857142857
2024-03-24 11:45:00,433.0,23.5,39.0,0.0,1.0,0.375
2024-03-24 12:00:00,429.0,23.5,39.0,0.0,1.0,0.4
2024-03-24 12:15:00,427.0,23.5,39.5,0.0,2.5,0.36363636363636365
2024-03-24 12:30:00,431.0,23.5,40.0,0.0,3.0,1.1176470588235294
2024-03-24 12:45:00,434.5,23.5,40.0,0.0,1.5,0.7142857142857143
2024-03-24 13:00:00,441.0,23.5,41.0,0.0,4.0,0.6470588235294118
2024-03-24 13:15:00,437.0,23.5,41.0,0.0,2.0,0.3076923076923077
2024-03-24 13:30:00,441.5,23.5,41.0,0.0,2.5,0.5384615384615384
2024-03-24 13:45:00,440.0,23.5,41.0,0.0,4.0,0.6978021978021978
2024-03-24 14:00:00,437.0,23.65,40.0,0.0,1.0,0.8571428571428571
2024-03-24 14:15:00,453.0,23.8,40.0,0.0,2.0,0.375
2024-03-24 14:30:00,449.0,23.8,39.0,0.0,2.0,0.4166666666666667
2024-03-24 14:45:00,436.0,23.8,39.0,0.0,2.5,0.4
2024-03-24 15:00:00,451.0,23.8,39.0,0.0,1.0,1.0
2024-03-24 15:15:00,444.0,23.8,39.0,0.0,2.0,0.375
2024-03-24 15:30:00,439.0,23.8,39.0,0.0,1.0,0.4166666666666667
2024-03-24 15:45:00,431.0,23.8,40.0,0.0,4.0,0.4166666666666667
2024-03-24 16:00:00,424.0,23.8,40.0,0.0,2.0,0.6842105263157895
2024-03-24 16:15:00,427.0,23.8,40.0,0.0,4.0,1.4545454545454546
2024-03-24 16:30:00,454.0,23.8,40.0,0.0,0.0,0.75
2024-03-24 16:45:00,428.0,23.65,40.5,0.0,3.0,0.8888888888888888
2024-03-24 17:00:00,435.0,23.5,42.0,0.0,1.0,0.3333333333333333
2024-03-24 17:15:00,430.5,23.5,42.5,0.0,2.5,0.45833333333333337
2024-03-24 17:30:00,438.0,23.5,43.0,0.0,1.0,0.5833333333333334
2024-03-24 17:45:00,445.0,23.5,44.0,0.0,4.0,0.5
2024-03-24 18:00:00,430.0,23.4,45.0,0.0,4.0,0.8181818181818182
2024-03-24 18:15:00,430.0,23.3,46.0,0.0,4.0,1.125
2024-03-24 18:30:00,429.5,23.3,47.0,0.0,1.0,0.9666666666666667
2024-03-24 18:45:00,448.0,23.0,48.0,0.0,0.0,0.8083333333333333
2024-03-24 19:00:00,428.0,22.8,49.0,0.0,1.0,0.6499999999999999
2024-03-24 19:15:00,425.0,22.9,49.0,0.0,1.5,0.4916666666666666
2024-03-24 19:30:00,427.0,23.0,49.0,0.0,2.0,0.3333333333333333
2024-03-24 19:45:00,428.5,23.3,48.0,0.0,1.5,0.8
2024-03-24 20:00:00,431.0,23.0,49.0,0.0,2.0,0.0
2024-03-24 20:15:00,435.0,23.0,49.0,0.0,1.0,0.05
2024-03-24 20:30:00,428.5,23.0,50.0,0.0,2.0,0.1
2024-03-24 20:45:00,440.0,23.0,50.0,0.0,1.0,0.15000000000000002
2024-03-24 21:00:00,433.0,23.0,50.0,0.0,2.0,0.2
2024-03-24 21:15:00,430.0,23.15,49.0,0.0,4.5,0.25
2024-03-24 21:30:00,434.0,23.0,48.0,0.0,2.0,0.30000000000000004
2024-03-24 21:45:00,435.0,23.0,48.0,0.0,5.0,0.35000000000000003
2024-03-24 22:00:00,432.0,23.0,47.0,0.0,0.0,0.4
2024-03-24 22:15:00,434.0,23.0,47.0,0.0,4.0,0.3333333333333333
2024-03-24 22:30:00,437.5,23.0,47.0,0.0,0.5,0.3333333333333333
2024-03-24 22:45:00,425.0,23.0,48.0,0.0,4.0,0.3333333333333333
2024-03-24 23:00:00,430.0,23.0,48.0,0.0,2.5,0.3333333333333333
2024-03-24 23:15:00,432.0,23.0,48.0,0.0,3.0,0.3333333333333333
2024-03-24 23:30:00,430.0,23.3,47.0,0.0,1.0,0.3333333333333333
2024-03-24 23:45:00,429.5,23.0,47.0,0.0,3.5,0.3333333333333333
2024-03-25 00:00:00,426.0,23.0,47.0,0.0,3.0,0.3333333333333333
2024-03-25 00:15:00,434.0,23.0,47.0,0.0,4.0,0.3333333333333333
2024-03-25 00:30:00,431.0,23.0,47.0,0.0,1.0,0.3333333333333333
2024-03-25 00:45:00,426.0,23.0,47.0,0.0,2.0,0.3333333333333333
2024-03-25 01:00:00,436.0,22.8,47.0,0.0,2.5,0.3333333333333333
2024-03-25 01:15:00,447.0,22.8,47.0,0.0,6.0,0.3333333333333333
2024-03-25 01:30:00,438.0,22.8,47.0,0.0,3.0,0.3333333333333333
2024-03-25 01:45:00,441.0,22.8,47.0,0.0,2.0,0.3333333333333333
2024-03-25 02:00:00,450.0,22.8,47.0,0.0,3.0,0.3333333333333333
2024-03-25 02:15:00,437.0,22.5,47.0,0.0,3.0,0.3333333333333333
2024-03-25 02:30:00,445.0,22.5,47.0,0.0,1.0,0.3333333333333333
2024-03-25 02:45:00,445.0,22.5,47.0,0.0,1.0,0.3333333333333333
2024-03-25 03:00:00,434.0,22.4,47.0,0.0,2.0,0.3333333333333333
2024-03-25 03:15:00,437.0,22.3,47.0,0.0,2.0,0.3333333333333333
2024-03-25 03:30:00,438.0,22.3,47.0,0.0,6.0,0.3333333333333333
2024-03-25 03:45:00,428.0,22.3,47.0,0.0,3.0,0.3333333333333333
2024-03-25 04:00:00,432.0,22.3,47.0,0.0,3.0,0.3333333333333333
2024-03-25 04:15:00,433.5,22.3,47.0,0.0,3.0,0.3333333333333333
2024-03-25 04:30:00,442.0,22.3,47.0,0.0,6.0,0.3333333333333333
2024-03-25 04:45:00,441.5,22.0,47.0,0.0,3.0,0.35921325051759834
2024-03-25 05:00:00,438.0,22.0,47.0,0.0,4.0,0.38509316770186336
2024-03-25 05:15:00,431.0,22.0,47.0,0.0,3.0,0.4109730848861283
2024-03-25 05:30:00,432.5,22.3,47.0,0.0,3.0,0.43685300207039335
2024-03-25 05:45:00,440.0,22.3,47.0,0.0,3.0,0.46273291925465837
2024-03-25 06:00:00,450.0,22.3,47.0,0.0,2.5,0.4886128364389234
2024-03-25 06:15:00,420.0,22.3,47.0,0.0,5.0,0.5144927536231884
2024-03-25 06:30:00,432.0,22.3,47.0,0.0,3.0,0.5403726708074534
2024-03-25 06:45:00,436.0,22.3,47.0,0.0,5.0,0.5662525879917184
2024-03-25 07:00:00,439.0,22.3,47.0,0.0,2.0,0.5921325051759834
2024-03-25 07:15:00,424.0,22.3,47.0,0.0,3.0,0.6180124223602484
2024-03-25 07:30:00,429.0,22.9,45.5,0.0,2.5,0.6438923395445134
2024-03-25 07:45:00,433.0,23.3,45.0,0.0,2.0,0.6697722567287785
2024-03-25 08:00:00,446.0,23.4,44.0,0.0,1.0,0.6956521739130435
2024-03-25 08:15:00,442.0,23.3,44.0,0.0,2.0,0.5
2024-03-25 08:30:00,465.0,23.3,44.0,0.0,0.0,2.35
2024-03-25 08:45:00,454.0,23.0,45.0,0.0,2.0,1.9666666666666666
2024-03-25 09:00:00,445.0,23.0,45.0,0.0,1.0,0.7368421052631579
2024-03-25 09:15:00,477.0,23.0,45.0,0.0,1.0,1.2407407407407407
2024-03-25 09:30:00,488.0,23.0,45.0,0.0,1.0,1.89
2024-03-25 09:45:00,480.0,23.0,45.0,0.0,1.0,1.3829787234042554
2024-03-25 10:00:00,486.5,23.0,45.0,0.0,1.0,2.956896551724138
2024-03-25 10:15:00,504.0,23.3,45.0,0.0,1.0,1.7826086956521738
2024-03-25 10:30:00,504.0,23.3,45.0,0.0,0.0,1.6829268292682926
2024-03-25 10:45:00,513.0,23.3,45.0,0.0,0.0,2.0442477876106193
2024-03-25 11:00:00,502.0,23.5,45.0,0.0,0.0,1.725
2024-03-25 11:15:00,503.0,23.5,45.0,0.0,2.0,1.2413793103448276
2024-03-25 11:30:00,488.0,23.5,45.0,0.0,0.0,3.2596685082872927
2024-03-25 11:45:00,508.0,23.5,45.0,0.0,1.0,3.25
2024-03-25 12:00:00,504.0,23.5,45.0,0.0,3.5,2.365079365079365
2024-03-25 12:15:00,499.0,23.8,45.0,0.0,3.0,1.728813559322034
2024-03-25 12:30:00,498.5,23.8,45.0,0.0,1.5,2.6204819277108435
2024-03-25 12:45:00,500.0,23.8,45.0,0.0,2.0,4.1330049261083746
2024-03-25 13:00:00,510.0,24.0,45.0,0.0,3.0,3.1486486486486487
2024-03-25 13:15:00,513.5,24.0,45.0,0.0,2.5,2.6459627329192545
2024-03-25 13:30:00,524.0,24.0,45.0,0.0,5.0,2.7872340425531914
2024-03-25 13:45:00,507.5,24.3,45.0,0.0,2.0,1.837837837837838
2024-03-25 14:00:00,473.0,24.3,45.0,0.0,1.0,4.007246376811594
2024-03-25 14:15:00,492.0,24.3,45.0,0.0,3.0,2.12
2024-03-25 14:30:00,497.0,24.3,45.5,0.0,2.5,2.9603174603174605
2024-03-25 14:45:00,511.0,24.3,46.0,0.0,1.0,2.7468354430379747
2024-03-25 15:00:00,498.5,24.15,46.0,0.0,1.0,3.5240641711229945
2024-03-25 15:15:00,478.0,23.8,46.0,0.0,1.0,3.023529411764706
2024-03-25 15:30:00,490.0,23.5,47.0,0.0,1.0,1.8938053097345133
2024-03-25 15:45:00,482.5,23.4,46.5,0.0,3.0,2.9585798816568047
2024-03-25 16:00:00,503.0,23.3,46.0,0.0,2.0,3.3795180722891565
2024-03-25 16:15:00,496.0,23.3,46.0,0.0,1.0,2.848684210526316
2024-03-25 16:30:00,494.0,23.3,46.0,0.0,2.5,3.8385093167701863
2024-03-25 16:45:00,509.0,23.3,46.0,0.0,2.0,3.1133333333333333
2024-03-25 17:00:00,502.5,23.0,46.5,0.0,3.0,2.0804597701149423
2024-03-25 17:15:00,510.0,23.0,48.0,0.0,1.0,1.8620689655172413
2024-03-25 17:30:00,509.0,23.0,48.0,0.0,4.0,1.515625
2024-03-25 17:45:00,516.5,22.9,49.0,14.0,2.0,1.1428571428571428
2024-03-25 18:00:00,501.0,22.8,49.0,0.0,2.0,0.75
2024-03-25 18:15:00,475.5,22.65,50.0,0.0,2.5,0.4
2024-03-25 18:30:00,477.0,22.5,50.0,0.0,2.0,0.3333333333333333
2024-03-25 18:45:00,472.0,22.3,51.0,0.0,1.0,2.9814814814814814
2024-03-25 19:00:00,489.0,22.3,51.0,0.0,2.0,1.56
2024-03-25 19:15:00,493.0,22.0,52.0,0.0,1.0,3.860215053763441
2024-03-25 19:30:00,496.5,22.0,52.0,0.0,2.5,1.0740740740740742
2024-03-25 19:45:00,499.0,22.3,52.0,0.0,1.0,1.958762886597938
2024-03-25 20:00:00,499.0,22.5,53.0,0.0,3.0,1.38
2024-03-25 20:15:00,501.0,22.65,53.5,0.0,2.5,0.5555555555555556
2024-03-25 20:30:00,498.0,22.8,53.0,0.0,3.0,0.6521739130434783
2024-03-25 20:45:00,479.0,23.0,53.0,0.0,1.0,1.2666666666666666
2024-03-25 21:00:00,459.5,23.0,53.0,0.0,3.5,0.4166666666666667
2024-03-25 21:15:00,451.0,23.0,52.0,0.0,1.0,0.6
2024-03-25 21:30:00,456.0,23.0,52.0,0.0,3.0,0.5
2024-03-25 21:45:00,444.0,23.0,52.0,0.0,4.0,0.625
2024-03-25 22:00:00,443.0,23.0,51.0,0.0,6.0,0.75
2024-03-25 22:15:00,439.5,23.0,51.0,0.0,1.0,0.875
2024-03-25 22:30:00,440.0,23.0,50.0,0.0,3.0,1.0
2024-03-25 22:45:00,442.5,23.0,50.0,0.0,2.0,0.375
2024-03-25 23:00:00,441.0,23.0,50.0,0.0,2.0,0.3680555555555555
2024-03-25 23:15:00,446.0,23.0,50.0,0.0,2.0,0.3611111111111111
2024-03-25 23:30:00,446.5,23.0,50.0,0.0,1.0,0.35416666666666663
2024-03-25 23:45:00,454.0,23.0,50.0,0.0,2.0,0.3472222222222222
2024-03-26 00:00:00,446.0,22.9,49.5,0.0,1.5,0.3402777777777778
2024-03-26 00:15:00,455.0,22.8,50.0,0.0,3.0,0.3333333333333333
2024-03-26 00:30:00,454.0,22.8,50.0,0.0,1.0,0.3548387096774193
2024-03-26 00:45:00,454.5,22.8,50.0,0.0,3.0,0.3763440860215054
2024-03-26 01:00:00,445.0,22.8,50.0,0.0,4.0,0.3978494623655914
2024-03-26 01:15:00,459.5,22.8,50.0,0.0,3.0,0.4193548387096774
2024-03-26 01:30:00,448.0,22.8,50.0,0.0,4.0,0.44086021505376344
2024-03-26 01:45:00,443.0,22.8,50.0,0.0,2.0,0.46236559139784944
2024-03-26 02:00:00,445.5,22.8,50.0,0.0,2.5,0.4838709677419355
2024-03-26 02:15:00,464.0,22.5,50.0,0.0,2.0,0.5053763440860215
2024-03-26 02:30:00,456.0,22.5,50.0,0.0,1.0,0.5268817204301075
2024-03-26 02:45:00,443.0,22.5,50.0,0.0,2.0,0.5483870967741935
2024-03-26 03:00:00,442.0,22.5,50.0,0.0,3.0,0.5698924731182795
2024-03-26 03:15:00,451.0,22.5,50.0,0.0,1.5,0.5913978494623655
2024-03-26 03:30:00,431.0,22.5,50.0,0.0,1.0,0.6129032258064516
2024-03-26 03:45:00,439.0,22.5,50.0,0.0,1.0,0.6344086021505376
2024-03-26 04:00:00,440.0,22.5,50.0,0.0,2.0,0.6559139784946237
2024-03-26 04:15:00,440.0,22.5,50.0,0.0,1.0,0.6774193548387097
2024-03-26 04:30:00,440.0,22.5,50.0,0.0,2.0,0.6989247311827957
2024-03-26 04:45:00,439.0,22.5,50.0,0.0,3.0,0.7204301075268817
2024-03-26 05:00:00,446.0,22.5,50.0,0.0,1.0,0.7419354838709677
2024-03-26 05:15:00,436.0,22.5,50.0,0.0,5.0,0.7634408602150538
2024-03-26 05:30:00,450.0,22.5,50.0,0.0,1.0,0.7849462365591398
2024-03-26 05:45:00,438.0,22.4,50.0,0.0,2.0,0.8064516129032258
2024-03-26 06:00:00,448.0,22.3,50.0,0.0,2.0,0.8279569892473118
2024-03-26 06:15:00,435.0,22.3,50.0,0.0,2.0,0.8494623655913978
2024-03-26 06:30:00,448.0,22.3,50.0,0.0,3.0,0.870967741935484
2024-03-26 06:45:00,435.0,22.3,50.0,0.0,1.0,0.89247311827957
2024-03-26 07:00:00,441.0,22.3,50.0,0.0,5.0,0.913978494623656
2024-03-26 07:15:00,439.0,22.4,51.0,0.0,1.5,0.935483870967742
2024-03-26 07:30:00,438.0,22.8,51.0,0.0,1.0,0.956989247311828
2024-03-26 07:45:00,430.0,23.15,49.5,0.0,1.5,0.978494623655914
2024-03-26 08:00:00,448.0,23.5,49.0,0.0,2.0,1.0
2024-03-26 08:15:00,449.0,23.5,49.0,0.0,2.0,0.6666666666666666
2024-03-26 08:30:00,446.0,23.5,49.0,0.0,2.0,0.625
2024-03-26 08:45:00,454.0,23.5,49.0,0.0,2.0,0.5833333333333334
2024-03-26 09:00:00,459.0,23.4,49.0,0.0,2.5,1.5
2024-03-26 09:15:00,448.0,23.3,49.0,0.0,4.0,1.6337209302325582
2024-03-26 09:30:00,468.0,23.3,50.0,0.0,2.0,1.7674418604651163
2024-03-26 09:45:00,485.0,23.3,51.0,0.0,2.0,1.2380952380952381
2024-03-26 10:00:00,473.0,23.3,52.0,0.0,1.0,1.25
2024-03-26 10:15:00,504.5,23.3,52.5,0.0,1.5,2.5454545454545454
2024-03-26 10:30:00,507.0,23.3,53.0,0.0,2.0,1.4651162790697674
2024-03-26 10:45:00,490.0,23.5,52.0,0.0,4.0,1.5675675675675675
2024-03-26 11:00:00,506.5,23.5,51.5,0.0,1.5,2.4473684210526314
2024-03-26 11:15:00,500.0,23.5,50.0,0.0,1.0,3.1027397260273974
2024-03-26 11:30:00,519.0,23.8,50.0,0.0,1.0,2.1717171717171717
2024-03-26 11:45:00,512.0,23.8,48.5,0.0,2.0,2.4649122807017543
2024-03-26 12:00:00,536.0,23.8,47.0,0.0,2.0,2.320388349514563
2024-03-26 12:15:00,565.5,23.9,46.5,28.5,2.0,2.8189300411522633
2024-03-26 12:30:00,556.0,24.0,46.0,52.0,2.0,2.6834170854271355
2024-03-26 12:45:00,555.0,24.0,46.0,12.0,1.0,2.1641791044776117
2024-03-26 13:00:00,548.5,24.0,45.0,0.0,2.5,2.0709677419354837
2024-03-26 13:15:00,539.0,24.0,44.0,0.0,1.0,2.053435114503817
2024-03-26 13:30:00,542.5,24.15,44.0,0.0,2.5,2.7586206896551726
2024-03-26 13:45:00,515.0,24.3,43.0,0.0,1.0,3.35678391959799
2024-03-26 14:00:00,540.0,24.3,42.0,0.0,3.0,1.9145299145299146
2024-03-26 14:15:00,516.5,24.3,42.5,0.0,1.0,1.8804347826086956
2024-03-26 14:30:00,492.0,24.0,42.0,1.0,3.0,2.5375
2024-03-26 14:45:00,506.0,24.0,42.0,0.0,1.0,2.814207650273224
2024-03-26 15:00:00,507.0,24.0,42.0,0.0,1.0,1.9763779527559056
2024-03-26 15:15:00,497.0,24.0,42.0,0.0,1.0,2.674641148325359
2024-03-26 15:30:00,500.5,24.0,42.5,0.0,2.5,3.815950920245399
2024-03-26 15:45:00,500.0,24.0,43.0,0.0,9.0,4.170329670329671
2024-03-26 16:00:00,496.5,24.0,43.0,1.5,3.5,3.5
2024-03-26 16:15:00,509.0,24.0,44.0,0.0,2.0,2.466666666666667
2024-03-26 16:30:00,513.0,24.0,44.0,0.0,1.0,2.6159420289855073
2024-03-26 16:45:00,533.5,24.0,44.0,0.0,5.0,1.7049180327868851
2024-03-26 17:00:00,520.0,24.0,44.0,0.0,1.0,4.3247863247863245
2024-03-26 17:15:00,560.0,24.0,44.0,0.0,2.0,2.893805309734513
2024-03-26 17:30:00,566.0,24.0,44.0,0.0,2.0,3.65
2024-03-26 17:45:00,552.0,24.0,44.0,0.0,2.0,2.435483870967742
2024-03-26 18:00:00,524.0,24.0,44.0,0.0,2.0,2.488095238095238
2024-03-26 18:15:00,546.0,23.8,44.0,0.0,2.0,3.064935064935065
2024-03-26 18:30:00,541.0,23.8,45.0,0.0,1.0,4.1891891891891895
2024-03-26 18:45:00,563.0,23.8,46.5,0.0,1.0,1.611764705882353
2024-03-26 19:00:00,567.0,23.8,47.0,0.0,2.0,1.3272727272727274
2024-03-26 19:15:00,532.0,23.65,47.0,0.0,3.5,0.46153846153846156
2024-03-26 19:30:00,521.0,23.5,48.0,0.0,3.0,0.88
2024-03-26 19:45:00,490.0,23.5,48.0,0.0,4.0,0.36363636363636365
2024-03-26 20:00:00,483.0,23.4,48.0,0.0,2.0,0.3333333333333333
2024-03-26 20:15:00,480.0,23.5,48.0,0.0,1.0,0.5714285714285714
2024-03-26 20:30:00,474.5,23.5,47.0,0.0,2.5,0.2
2024-03-26 20:45:00,464.0,23.3,48.0,0.0,1.0,0.3333333333333333
2024-03-26 21:00:00,458.0,23.3,48.0,0.0,2.0,0.3888888888888889
2024-03-26 21:15:00,444.5,23.4,48.0,0.0,2.0,0.4444444444444444
2024-03-26 21:30:00,463.0,23.5,48.0,0.0,1.0,0.5
2024-03-26 21:45:00,451.0,23.5,48.0,0.0,7.0,0.3333333333333333
2024-03-26 22:00:00,459.0,23.4,48.5,0.0,1.5,0.6666666666666666
2024-03-26 22:15:00,457.0,23.0,49.0,0.0,2.0,0.5
2024-03-26 22:30:00,462.5,23.0,49.0,0.0,1.0,0.2
2024-03-26 22:45:00,459.0,23.3,50.0,0.0,0.0,0.26666666666666666
2024-03-26 23:00:00,458.0,23.3,50.0,0.0,3.0,0.3333333333333333
2024-03-26 23:15:00,453.0,23.3,49.0,0.0,4.0,0.8
2024-03-26 23:30:00,467.0,23.3,49.0,0.0,3.0,0.5666666666666667
2024-03-26 23:45:00,461.0,23.3,49.0,0.0,3.0,0.3333333333333333
2024-03-27 00:00:00,468.0,23.3,49.0,0.0,7.0,0.33620689655172414
2024-03-27 00:15:00,467.0,23.3,49.0,0.0,3.0,0.3390804597701149
2024-03-27 00:30:00,459.0,23.3,49.0,0.0,3.0,0.34195402298850575
2024-03-27 00:45:00,463.0,23.3,49.0,0.0,3.0,0.3448275862068965
2024-03-27 01:00:00,462.0,23.3,49.0,0.0,1.0,0.34770114942528735
2024-03-27 01:15:00,448.0,23.0,49.0,0.0,2.0,0.3505747126436781
2024-03-27 01:30:00,465.0,23.0,49.0,0.0,1.0,0.35344827586206895
2024-03-27 01:45:00,463.0,23.0,49.0,0.0,2.0,0.3563218390804598
2024-03-27 02:00:00,464.0,23.0,49.0,0.0,3.0,0.35919540229885055
2024-03-27 02:15:00,452.0,22.8,49.0,0.0,3.0,0.3620689655172414
2024-03-27 02:30:00,450.0,22.8,50.0,0.0,2.0,0.36494252873563215
2024-03-27 02:45:00,459.0,22.8,50.0,0.0,2.0,0.367816091954023
2024-03-27 03:00:00,447.0,22.65,50.0,0.5,1.5,0.3706896551724138
2024-03-27 03:15:00,445.0,22.5,50.0,1.0,4.0,0.3735632183908046
2024-03-27 03:30:00,452.0,22.5,50.0,0.0,6.0,0.3764367816091954
2024-03-27 03:45:00,455.0,22.5,50.0,1.0,2.5,0.3793103448275862
2024-03-27 04:00:00,463.0,22.5,50.0,3.0,3.0,0.382183908045977
2024-03-27 04:15:00,442.5,22.5,50.0,3.0,1.0,0.38505747126436785
2024-03-27 04:30:00,446.0,22.5,50.0,1.0,1.0,0.3879310344827586
2024-03-27 04:45:00,448.0,22.5,50.0,3.0,2.0,0.39080459770114945
2024-03-27 05:00:00,440.5,22.5,50.0,2.0,2.0,0.3936781609195402
2024-03-27 05:15:00,446.0,22.3,50.0,1.0,1.0,0.39655172413793105
2024-03-27 05:30:00,448.0,22.3,50.0,2.5,1.0,0.3994252873563219
2024-03-27 05:45:00,445.0,22.3,50.0,3.0,5.0,0.40229885057471265
2024-03-27 06:00:00,451.0,22.3,51.0,1.0,3.0,0.4051724137931034
2024-03-27 06:15:00,438.5,22.4,51.0,1.0,2.5,0.40804597701149425
2024-03-27 06:30:00,437.0,22.5,51.0,1.0,4.0,0.4109195402298851
2024-03-27 06:45:00,442.0,22.5,51.0,2.0,2.5,0.41379310344827586
2024-03-27 07:00:00,428.0,22.3,51.0,0.0,2.0,0.4166666666666667
2024-03-27 07:15:00,435.0,22.3,51.0,0.0,1.0,0.7708333333333333
2024-03-27 07:30:00,440.5,22.65,51.0,0.0,1.0,1.125
2024-03-27 07:45:00,443.0,23.0,50.0,0.0,1.0,1.6666666666666667
2024-03-27 08:00:00,447.0,23.0,50.0,0.0,1.0,1.4411764705882353
2024-03-27 08:15:00,455.5,23.3,49.0,0.0,1.0,2.8714285714285714
2024-03-27 08:30:00,454.0,23.3,49.0,0.0,1.0,2.0
2024-03-27 08:45:00,472.5,23.3,49.0,0.0,1.5,2.2295081967213113
2024-03-27 09:00:00,468.0,23.3,49.0,0.0,4.0,1.5
2024-03-27 09:15:00,474.0,23.3,49.0,0.0,3.0,1.935483870967742
2024-03-27 09:30:00,485.5,23.3,50.0,0.0,2.0,2.0
2024-03-27 09:45:00,515.0,23.3,50.0,0.0,4.0,1.3
2024-03-27 10:00:00,499.0,23.3,49.5,0.0,1.5,2.669642857142857
2024-03-27 10:15:00,511.0,23.5,49.0,0.0,2.0,4.258064516129032
2024-03-27 10:30:00,529.0,23.5,49.0,0.0,5.0,2.378787878787879
2024-03-27 10:45:00,539.5,23.5,49.5,0.0,2.5,1.763157894736842
2024-03-27 11:00:00,533.0,23.5,51.0,0.0,1.0,1.953125
2024-03-27 11:15:00,532.5,23.5,50.5,0.0,1.5,1.6923076923076923
2024-03-27 11:30:00,546.0,23.8,50.0,0.0,1.0,1.4222222222222223
2024-03-27 11:45:00,547.0,23.8,50.0,0.0,2.0,1.175
2024-03-27 12:00:00,559.5,23.9,49.0,3.5,2.0,1.1956521739130435
2024-03-27 12:15:00,553.0,24.0,48.0,0.0,3.0,3.9390243902439024
2024-03-27 12:30:00,561.0,24.0,48.0,1.0,2.5,1.9558823529411764
2024-03-27 12:45:00,550.0,24.3,48.0,0.0,2.0,2.169811320754717
2024-03-27 13:00:00,535.0,24.3,48.0,0.0,3.0,0.4375
2024-03-27 13:15:00,534.0,24.3,48.0,0.0,1.0,2.096774193548387
2024-03-27 13:30:00,533.0,24.3,48.0,0.0,1.0,1.2380952380952381
2024-03-27 13:45:00,517.0,24.3,49.0,0.0,4.0,1.6607142857142858
2024-03-27 14:00:00,512.5,24.3,49.0,0.0,1.0,1.4901960784313726
2024-03-27 14:15:00,537.0,24.3,49.0,0.0,4.0,1.4634146341463414
2024-03-27 14:30:00,493.0,24.3,48.5,0.0,3.0,1.0526315789473684
2024-03-27 14:45:00,476.0,24.0,48.0,0.0,1.0,1.9137931034482758
2024-03-27 15:00:00,497.0,24.0,48.0,0.0,1.0,2.11340206185567
2024-03-27 15:15:00,487.5,24.0,48.0,0.0,4.5,1.8888888888888888
2024-03-27 15:30:00,487.0,24.0,48.0,0.0,1.0,1.5535714285714286
2024-03-27 15:45:00,488.0,24.0,46.5,0.0,2.5,1.8488372093023255
2024-03-27 16:00:00,494.0,24.0,46.0,0.0,3.0,2.3444444444444446
2024-03-27 16:15:00,481.0,23.8,47.0,105.0,3.0,0.875
2024-03-27 16:30:00,486.0,23.8,47.0,9.5,3.5,0.5454545454545454
2024-03-27 16:45:00,499.0,23.5,48.0,0.0,3.0,0.5714285714285714
2024-03-27 17:00:00,503.0,23.5,48.0,0.0,1.5,0.5833333333333334
2024-03-27 17:15:00,496.0,23.5,47.0,0.0,1.0,0.8235294117647058
2024-03-27 17:30:00,495.0,23.5,47.0,0.0,1.0,0.3333333333333333
2024-03-27 17:45:00,490.0,23.5,47.0,0.0,2.5,1.09375
2024-03-27 18:00:00,485.0,23.5,47.0,0.0,2.0,1.1142857142857143
2024-03-27 18:15:00,502.0,23.3,47.0,0.0,3.0,0.5
2024-03-27 18:30:00,483.5,23.5,46.5,0.0,1.5,0.3333333333333333
2024-03-27 18:45:00,481.0,23.3,47.0,0.0,3.0,0.6470588235294118
2024-03-27 19:00:00,487.5,23.3,47.0,0.0,2.0,0.375
2024-03-27 19:15:00,486.0,23.3,47.0,0.0,4.0,0.3333333333333333
2024-03-27 19:30:00,471.0,23.3,47.0,0.0,1.0,0.46153846153846156
2024-03-27 19:45:00,472.5,23.3,47.0,0.0,3.0,0.4
2024-03-27 20:00:00,482.0,23.3,48.0,0.0,2.0,0.3333333333333333
2024-03-27 20:15:00,483.5,23.0,49.0,0.0,4.5,0.3333333333333333
2024-03-27 20:30:00,484.0,23.0,49.0,0.0,2.0,0.3333333333333333
2024-03-27 20:45:00,481.0,23.0,49.0,0.0,3.0,0.75
2024-03-27 21:00:00,505.5,23.0,49.0,0.0,2.5,0.9166666666666666
2024-03-27 21:15:00,475.0,23.0,48.0,0.0,3.0,1.0833333333333333
2024-03-27 21:30:00,464.0,23.0,48.0,0.0,2.0,0.4444444444444444
2024-03-27 21:45:00,454.0,23.0,48.0,0.0,7.0,0.3333333333333333
2024-03-27 22:00:00,450.0,23.3,47.0,0.0,3.0,0.3333333333333333
2024-03-27 22:15:00,440.5,23.15,48.0,0.0,1.0,0.3333333333333333
2024-03-27 22:30:00,436.0,23.0,48.0,0.0,3.0,0.3333333333333333
2024-03-27 22:45:00,449.0,23.0,48.0,0.0,5.0,0.3333333333333333
2024-03-27 23:00:00,436.0,23.0,47.0,0.0,2.0,0.3333333333333333
2024-03-27 23:15:00,434.0,23.3,47.0,0.0,7.0,0.3333333333333333
2024-03-27 23:30:00,429.5,23.3,47.0,0.0,5.5,0.3333333333333333
2024-03-27 23:45:00,444.0,23.3,47.0,0.0,1.0,0.3333333333333333
2024-03-28 00:00:00,431.0,23.3,47.0,0.0,2.0,0.3333333333333333
2024-03-28 00:15:00,431.5,23.3,47.0,0.0,2.5,0.3333333333333333
2024-03-28 00:30:00,436.0,23.0,47.0,0.0,2.0,0.3333333333333333
2024-03-28 00:45:00,423.5,23.0,47.0,0.0,3.5,0.3333333333333333
2024-03-28 01:00:00,434.0,23.0,47.0,0.0,5.0,0.3333333333333333
2024-03-28 01:15:00,444.0,23.0,47.0,0.0,1.0,0.3333333333333333
2024-03-28 01:30:00,432.5,22.9,48.0,0.0,5.5,0.3333333333333333
2024-03-28 01:45:00,445.0,22.8,48.0,0.0,1.0,0.3333333333333333
2024-03-28 02:00:00,430.0,22.8,48.0,0.0,3.0,0.3333333333333333
2024-03-28 02:15:00,425.0,22.8,48.0,0.0,1.0,0.3333333333333333
2024-03-28 02:30:00,435.0,22.8,48.0,0.0,2.0,0.3333333333333333
2024-03-28 02:45:00,435.0,22.5,47.5,0.0,1.5,0.3333333333333333
2024-03-28 03:00:00,431.0,22.5,47.0,0.0,3.0,0.3333333333333333
2024-03-28 03:15:00,437.0,22.5,47.0,0.0,2.5,0.3333333333333333
2024-03-28 03:30:00,426.0,22.5,47.0,0.0,2.0,0.3333333333333333
2024-03-28 03:45:00,431.0,22.5,47.0,0.0,1.0,0.3333333333333333
2024-03-28 04:00:00,431.0,22.5,47.0,0.0,3.0,0.3333333333333333
2024-03-28 04:15:00,422.0,22.3,46.0,0.0,2.0,0.4126984126984127
2024-03-28 04:30:00,441.0,22.3,46.0,0.0,4.0,0.49206349206349204
2024-03-28 04:45:00,432.0,22.3,47.0,0.0,3.5,0.5714285714285714
2024-03-28 05:00:00,439.0,22.3,47.0,0.0,3.0,0.6507936507936507
2024-03-28 05:15:00,428.0,22.3,47.0,3.0,2.5,0.7301587301587302
2024-03-28 05:30:00,422.0,22.3,47.0,1.0,1.0,0.8095238095238095
2024-03-28 05:45:00,437.0,22.3,47.0,0.0,1.0,0.8888888888888888
2024-03-28 06:00:00,439.5,22.3,47.0,0.0,1.5,0.9682539682539681
2024-03-28 06:15:00,426.0,22.3,47.0,0.0,2.0,1.0476190476190477
2024-03-28 06:30:00,434.0,22.3,47.0,0.0,2.0,1.126984126984127
2024-03-28 06:45:00,427.0,22.3,47.0,0.0,2.0,1.2063492063492063
2024-03-28 07:00:00,432.0,22.3,47.0,0.0,2.0,1.2857142857142858
2024-03-28 07:15:00,425.5,22.25,46.5,0.0,3.0,1.3650793650793651
2024-03-28 07:30:00,429.0,22.8,45.0,0.0,5.0,1.4444444444444444
2024-03-28 07:45:00,432.0,23.15,44.5,0.0,2.0,0.5
2024-03-28 08:00:00,433.0,23.3,44.0,0.0,1.0,0.9230769230769231
2024-03-28 08:15:00,435.0,23.3,44.0,0.0,3.0,1.1666666666666667
2024-03-28 08:30:00,445.0,23.0,44.0,0.0,1.0,1.5
2024-03-28 08:45:00,459.0,23.0,44.0,0.0,2.0,0.875
2024-03-28 09:00:00,448.0,23.0,44.0,0.0,0.0,1.0555555555555556
2024-03-28 09:15:00,468.5,23.0,44.0,0.0,2.5,0.38461538461538464
2024-03-28 09:30:00,480.0,23.0,44.0,0.0,4.0,0.5
2024-03-28 09:45:00,482.5,23.0,44.0,0.0,1.5,0.8695652173913043
2024-03-28 10:00:00,489.0,23.0,44.0,0.0,8.0,1.8653846153846154
2024-03-28 10:15:00,495.0,23.0,43.0,0.0,1.0,3.361111111111111
2024-03-28 10:30:00,515.5,23.3,43.0,0.0,1.5,1.3958333333333333
2024-03-28 10:45:00,551.0,23.3,43.0,0.0,2.0,3.7972350230414746
2024-03-28 11:00:00,563.0,23.3,44.0,0.0,1.5,2.0105263157894737
2024-03-28 11:15:00,556.0,23.3,43.0,0.0,1.0,2.317241379310345
2024-03-28 11:30:00,548.0,23.5,43.0,0.0,2.0,2.37888198757764
2024-03-28 11:45:00,532.0,23.5,43.0,0.0,2.5,1.2127659574468086
2024-03-28 12:00:00,515.0,23.5,42.0,0.0,1.0,1.9135802469135803
2024-03-28 12:15:00,521.0,23.8,42.0,0.0,1.0,1.7258064516129032
2024-03-28 12:30:00,522.0,23.8,42.0,0.0,1.0,2.092857142857143
2024-03-28 12:45:00,526.0,23.8,42.0,0.0,0.0,1.9504950495049505
2024-03-28 13:00:00,537.5,24.0,42.0,0.0,1.0,3.6578947368421053
2024-03-28 13:15:00,554.0,24.0,42.0,0.0,8.0,2.3146067415730336
2024-03-28 13:30:00,541.0,24.0,42.0,0.0,6.0,1.6875
2024-03-28 13:45:00,532.5,23.9,42.5,0.0,2.0,1.7549019607843137
2024-03-28 14:00:00,549.0,23.8,43.0,0.0,4.0,2.0526315789473686
2024-03-28 14:15:00,531.0,23.9,43.0,0.0,2.0,2.297872340425532
2024-03-28 14:30:00,501.0,23.8,43.0,0.0,3.0,1.6708860759493671
2024-03-28 14:45:00,515.0,24.0,44.0,0.0,4.0,1.89010989010989
2024-03-28 15:00:00,510.5,24.0,44.0,0.0,1.5,2.433333333333333
2024-03-28 15:15:00,521.0,23.8,44.0,0.0,3.0,2.9565217391304346
2024-03-28 15:30:00,502.0,23.8,45.0,17.0,1.0,2.675
2024-03-28 15:45:00,515.0,23.8,45.0,0.0,3.0,2.7904761904761903
2024-03-28 16:00:00,494.0,23.8,45.0,0.0,1.0,2.536842105263158
2024-03-28 16:15:00,500.5,23.8,46.0,0.0,2.5,2.3636363636363638
2024-03-28 16:30:00,502.0,23.8,46.0,0.0,1.0,2.013888888888889
2024-03-28 16:45:00,509.5,23.8,46.0,0.0,2.0,1.6031746031746033
2024-03-28 17:00:00,508.0,23.8,46.0,0.0,8.0,1.4482758620689655
2024-03-28 17:15:00,508.0,24.0,46.0,0.0,4.0,2.1769911504424777
2024-03-28 17:30:00,526.5,23.8,46.0,0.0,4.5,2.388888888888889
2024-03-28 17:45:00,508.0,23.8,46.0,0.0,4.0,3.042105263157895
2024-03-28 18:00:00,498.0,23.8,46.0,0.0,1.0,2.130434782608696
2024-03-28 18:15:00,505.5,23.55,47.0,0.0,2.5,1.8148148148148149
2024-03-28 18:30:00,518.0,23.3,48.0,0.0,2.0,2.608695652173913
2024-03-28 18:45:00,502.0,23.15,49.0,0.0,1.5,1.6666666666666667
2024-03-28 19:00:00,496.0,23.0,50.0,0.0,3.0,1.8780487804878048
2024-03-28 19:15:00,484.0,23.0,50.0,0.0,4.0,3.032258064516129
2024-03-28 19:30:00,487.0,23.15,50.0,0.0,3.5,1.3333333333333333
2024-03-28 19:45:00,477.0,23.3,50.0,0.0,1.0,1.5
2024-03-28 20:00:00,475.5,23.3,48.5,0.0,2.0,1.5
2024-03-28 20:15:00,478.0,23.3,48.0,0.0,1.0,0.6666666666666666
2024-03-28 20:30:00,474.0,23.3,47.0,0.0,3.0,0.5
2024-03-28 20:45:00,468.0,23.15,47.0,0.0,2.0,0.3333333333333333
2024-03-28 21:00:00,481.0,23.0,47.0,0.0,5.0,0.3333333333333333
2024-03-28 21:15:00,451.5,23.15,47.0,7.0,6.0,0.3333333333333333
2024-03-28 21:30:00,471.0,23.0,47.0,47.0,4.0,0.3333333333333333
2024-03-28 21:45:00,460.0,23.0,47.0,72.0,7.0,0.3333333333333333
2024-03-28 22:00:00,465.0,23.0,47.0,58.5,2.5,0.3333333333333333
2024-03-28 22:15:00,466.0,23.0,47.0,29.0,3.0,0.3333333333333333
2024-03-28 22:30:00,447.0,23.0,48.0,37.0,4.0,0.3333333333333333
2024-03-28 22:45:00,456.5,22.8,48.0,60.5,3.0,0.3333333333333333
2024-03-28 23:00:00,462.0,22.8,48.0,34.0,2.0,0.3333333333333333
2024-03-28 23:15:00,462.5,23.0,48.0,35.5,5.0,0.3333333333333333
2024-03-28 23:30:00,461.0,23.0,48.0,37.0,10.0,0.3333333333333333
2024-03-28 23:45:00,465.0,23.0,48.0,37.0,11.0,0.3333333333333333
2024-03-29 00:00:00,462.5,23.0,48.0,35.5,18.0,0.3333333333333333
2024-03-29 00:15:00,460.0,22.8,48.0,34.0,19.0,0.3333333333333333
2024-03-29 00:30:00,471.5,22.8,47.5,34.0,25.0,0.3333333333333333
2024-03-29 00:45:00,460.0,22.8,48.0,34.0,20.0,0.3333333333333333
2024-03-29 01:00:00,452.0,22.8,48.0,32.0,29.0,0.3333333333333333
2024-03-29 01:15:00,461.5,22.5,48.0,32.0,31.0,0.3333333333333333
2024-03-29 01:30:00,467.0,22.5,48.0,32.0,59.0,0.3333333333333333
2024-03-29 01:45:00,454.5,22.3,48.0,28.0,40.5,0.3333333333333333
2024-03-29 02:00:00,451.0,22.3,48.0,27.0,47.0,0.3333333333333333
2024-03-29 02:15:00,456.0,22.3,48.0,27.0,51.0,0.3333333333333333
2024-03-29 02:30:00,454.0,22.3,48.0,24.0,42.5,0.3333333333333333
2024-03-29 02:45:00,461.0,22.0,48.0,24.0,36.0,0.3333333333333333
2024-03-29 03:00:00,459.0,22.0,48.0,24.0,45.0,0.3333333333333333
2024-03-29 03:15:00,459.0,21.9,48.0,24.0,49.5,0.3333333333333333
2024-03-29 03:30:00,456.0,21.8,48.0,21.0,46.0,0.3333333333333333
2024-03-29 03:45:00,461.0,21.65,48.5,21.0,45.0,0.3333333333333333
2024-03-29 04:00:00,453.0,21.5,49.0,24.0,48.0,0.3333333333333333
2024-03-29 04:15:00,454.0,21.5,49.0,19.0,54.0,0.3333333333333333
2024-03-29 04:30:00,449.0,21.4,49.0,17.5,48.5,0.3333333333333333
2024-03-29 04:45:00,451.0,21.3,49.0,16.0,55.0,0.3333333333333333
2024-03-29 05:00:00,446.0,21.3,49.0,18.5,50.5,0.3333333333333333
2024-03-29 05:15:00,449.0,21.3,49.0,14.0,68.0,0.3333333333333333
2024-03-29 05:30:00,460.0,21.3,49.0,14.0,54.0,0.3333333333333333
2024-03-29 05:45:00,457.5,21.0,49.0,12.5,57.5,0.3333333333333333
2024-03-29 06:00:00,464.0,21.0,49.0,11.0,67.0,0.3333333333333333
2024-03-29 06:15:00,463.0,21.0,49.0,10.0,61.0,0.3333333333333333
2024-03-29 06:30:00,453.0,21.0,49.0,9.0,57.0,0.3333333333333333
2024-03-29 06:45:00,450.0,21.0,49.0,6.0,64.0,0.3333333333333333
2024-03-29 07:00:00,447.5,20.9,49.5,3.5,56.5,0.3333333333333333
2024-03-29 07:15:00,452.0,20.8,50.0,0.0,16.0,0.3333333333333333
2024-03-29 07:30:00,443.0,21.0,50.0,0.0,7.0,0.3333333333333333
2024-03-29 07:45:00,440.5,22.0,48.5,0.0,5.5,0.3333333333333333
2024-03-29 08:00:00,437.0,22.8,47.0,0.0,5.0,0.3333333333333333
2024-03-29 08:15:00,439.0,23.15,46.5,0.0,4.5,0.3333333333333333
2024-03-29 08:30:00,441.0,23.8,46.0,0.0,4.0,0.3333333333333333
2024-03-29 08:45:00,445.0,24.0,45.0,0.0,11.0,0.3333333333333333
2024-03-29 09:00:00,441.5,24.4,45.0,0.0,6.5,0.3333333333333333
2024-03-29 09:15:00,441.0,24.5,45.0,0.0,5.0,0.3333333333333333
2024-03-29 09:30:00,470.0,24.4,46.5,0.0,4.5,0.3333333333333333
2024-03-29 09:45:00,466.0,24.3,47.0,0.0,4.0,0.3333333333333333
2024-03-29 10:00:00,471.0,23.8,49.0,0.0,8.0,0.3333333333333333
2024-03-29 10:15:00,470.0,23.5,49.0,0.0,9.5,0.3333333333333333
2024-03-29 10:30:00,467.0,23.5,49.0,0.0,8.0,0.3333333333333333
2024-03-29 10:45:00,469.0,23.65,49.0,0.0,10.5,0.3333333333333333
2024-03-29 11:00:00,477.0,23.8,49.0,0.0,7.0,0.3333333333333333
2024-03-29 11:15:00,476.0,23.8,48.0,0.0,8.0,0.3333333333333333
2024-03-29 11:30:00,479.0,23.9,47.5,0.0,6.5,0.3333333333333333
2024-03-29 11:45:00,477.0,24.0,47.0,0.0,4.0,0.3333333333333333
2024-03-29 12:00:00,459.0,24.0,46.0,0.0,4.0,0.3888888888888889
2024-03-29 12:15:00,469.5,24.3,44.0,0.0,5.0,0.4444444444444444
2024-03-29 12:30:00,434.0,24.3,43.0,0.0,7.0,0.5
2024-03-29 12:45:00,437.0,24.0,42.5,0.0,7.5,0.875
2024-03-29 13:00:00,432.0,24.0,43.0,0.0,10.0,0.3333333333333333
2024-03-29 13:15:00,452.0,23.8,43.0,0.0,5.0,0.3333333333333333
2024-03-29 13:30:00,437.0,23.8,44.0,0.0,11.0,0.5694444444444444
2024-03-29 13:45:00,446.0,23.8,44.0,0.0,7.0,0.8055555555555555
2024-03-29 14:00:00,433.5,23.9,39.5,0.0,6.5,1.0416666666666665
2024-03-29 14:15:00,445.0,24.0,36.0,0.0,4.0,1.2777777777777777
2024-03-29 14:30:00,427.0,24.3,32.0,0.0,4.0,0.2727272727272727
2024-03-29 14:45:00,425.5,24.5,32.0,0.0,5.0,0.3333333333333333
2024-03-29 15:00:00,436.0,24.8,36.0,0.0,10.0,0.3333333333333333
2024-03-29 15:15:00,431.0,24.5,41.0,0.0,11.0,0.3333333333333333
2024-03-29 15:30:00,438.0,24.5,41.0,0.0,14.0,0.3333333333333333
2024-03-29 15:45:00,433.0,24.5,41.0,0.0,12.0,0.3333333333333333
2024-03-29 16:00:00,429.5,24.5,40.5,0.0,7.5,0.5
2024-03-29 16:15:00,426.0,24.3,41.0,0.0,9.0,1.2903225806451613
2024-03-29 16:30:00,428.0,24.3,41.0,0.0,18.0,0.5714285714285714
2024-03-29 16:45:00,442.5,24.0,41.0,0.0,8.5,0.3333333333333333
2024-03-29 17:00:00,426.0,23.8,41.0,0.0,6.0,0.625
2024-03-29 17:15:00,427.0,23.8,41.0,0.0,10.5,0.2857142857142857
2024-03-29 17:30:00,436.0,23.5,41.0,0.0,6.0,0.5
2024-03-29 17:45:00,423.0,23.5,41.0,0.0,8.0,0.0
2024-03-29 18:00:00,433.0,23.5,42.0,0.0,7.5,0.1111111111111111
2024-03-29 18:15:00,426.0,23.3,43.0,0.0,7.0,0.2222222222222222
2024-03-29 18:30:00,426.0,23.3,44.5,0.0,5.5,0.3333333333333333
2024-03-29 18:45:00,427.0,23.3,46.0,0.0,7.0,0.3333333333333333
2024-03-29 19:00:00,427.0,23.0,53.0,0.0,13.0,0.3571428571428571
2024-03-29 19:15:00,437.0,22.9,56.5,0.0,9.0,0.38095238095238093
2024-03-29 19:30:00,427.0,22.5,58.0,0.0,11.0,0.40476190476190477
2024-03-29 19:45:00,429.0,22.4,59.5,0.0,8.5,0.42857142857142855
2024-03-29 20:00:00,452.0,22.3,60.0,0.0,6.0,0.45238095238095233
2024-03-29 20:15:00,435.0,22.0,59.0,0.0,9.0,0.47619047619047616
2024-03-29 20:30:00,436.5,22.0,57.5,0.0,10.0,0.5
2024-03-29 20:45:00,452.0,21.8,57.0,0.0,7.0,0.5238095238095237
2024-03-29 21:00:00,443.0,21.8,58.0,0.0,8.0,0.5476190476190476
2024-03-29 21:15:00,448.0,21.8,58.0,0.0,9.0,0.5714285714285714
2024-03-29 21:30:00,448.0,22.3,57.0,0.0,8.0,0.5952380952380952
2024-03-29 21:45:00,436.5,22.65,55.0,0.0,13.0,0.6190476190476191
2024-03-29 22:00:00,438.0,23.3,53.0,0.0,9.0,0.6428571428571428
2024-03-29 22:15:00,445.0,23.5,53.0,0.0,10.0,0.6666666666666666
2024-03-29 22:30:00,435.0,23.65,53.0,0.0,10.5,0.25
2024-03-29 22:45:00,445.0,23.3,54.0,0.0,10.0,0.251984126984127
2024-03-29 23:00:00,449.0,23.15,54.5,0.0,11.0,0.25396825396825395
2024-03-29 23:15:00,450.0,23.0,54.0,0.0,12.0,0.25595238095238093
2024-03-29 23:30:00,439.0,23.0,54.0,0.0,25.0,0.2579365079365079
2024-03-29 23:45:00,455.5,23.0,54.0,0.0,17.5,0.25992063492063494
2024-03-30 00:00:00,444.0,23.0,54.0,0.0,26.0,0.2619047619047619
2024-03-30 00:15:00,454.0,23.0,54.0,0.0,25.0,0.2638888888888889
2024-03-30 00:30:00,453.0,22.8,53.0,0.0,31.0,0.26587301587301587
2024-03-30 00:45:00,461.0,22.8,53.0,0.0,36.0,0.26785714285714285
2024-03-30 01:00:00,449.5,22.65,53.0,0.0,38.5,0.2698412698412698
2024-03-30 01:15:00,454.0,22.5,53.0,0.0,33.0,0.2718253968253968
2024-03-30 01:30:00,449.0,22.5,53.0,0.0,42.0,0.2738095238095238
2024-03-30 01:45:00,459.0,22.3,53.0,0.0,47.0,0.2757936507936508
2024-03-30 02:00:00,455.0,22.3,53.0,0.0,44.0,0.2777777777777778
2024-03-30 02:15:00,448.5,22.3,53.0,0.0,53.0,0.27976190476190477
2024-03-30 02:30:00,450.0,22.0,53.0,3.0,53.0,0.28174603174603174
2024-03-30 02:45:00,438.0,22.0,53.0,0.0,54.0,0.2837301587301587
2024-03-30 03:00:00,452.0,22.0,53.5,0.0,58.0,0.2857142857142857
2024-03-30 03:15:00,465.0,22.0,54.0,0.0,56.0,0.2876984126984127
2024-03-30 03:30:00,445.5,22.0,54.0,1.0,56.0,0.28968253968253965
2024-03-30 03:45:00,451.0,21.8,54.0,0.0,61.0,0.29166666666666663
2024-03-30 04:00:00,447.0,21.8,54.0,3.0,63.0,0.29365079365079366
2024-03-30 04:15:00,457.0,21.8,54.0,2.0,61.0,0.29563492063492064
2024-03-30 04:30:00,442.0,21.8,54.0,3.0,61.0,0.2976190476190476
2024-03-30 04:45:00,444.0,21.8,54.0,0.0,79.0,0.2996031746031746
2024-03-30 05:00:00,447.0,21.8,54.0,0.0,70.0,0.30158730158730157
2024-03-30 05:15:00,458.0,21.5,54.0,0.0,65.0,0.30357142857142855
2024-03-30 05:30:00,446.5,21.5,54.0,1.0,69.0,0.3055555555555555
2024-03-30 05:45:00,461.0,21.5,54.0,1.0,78.0,0.30753968253968256
2024-03-30 06:00:00,434.0,21.5,54.0,1.0,67.0,0.30952380952380953
2024-03-30 06:15:00,451.0,21.5,54.0,1.0,65.0,0.3115079365079365
2024-03-30 06:30:00,464.0,21.8,54.0,1.0,79.0,0.3134920634920635
2024-03-30 06:45:00,451.5,21.8,54.0,1.0,72.5,0.31547619047619047
2024-03-30 07:00:00,455.0,21.8,55.0,0.0,53.0,0.31746031746031744
2024-03-30 07:15:00,454.0,21.8,57.0,0.0,24.0,0.3194444444444444
2024-03-30 07:30:00,447.0,22.25,57.5,0.0,10.0,0.3214285714285714
2024-03-30 07:45:00,451.0,22.8,57.0,0.0,10.0,0.3234126984126984
2024-03-30 08:00:00,440.5,23.15,57.0,0.0,7.0,0.32539682539682535
2024-03-30 08:15:00,442.0,23.3,57.0,0.0,8.0,0.3273809523809524
2024-03-30 08:30:00,439.0,23.3,56.0,0.0,9.0,0.32936507936507936
2024-03-30 08:45:00,443.5,23.3,56.0,0.0,6.0,0.33134920634920634
2024-03-30 09:00:00,450.0,23.3,56.0,0.0,5.0,0.3333333333333333
2024-03-30 09:15:00,461.0,23.3,56.0,0.0,6.0,0.4444444444444444
2024-03-30 09:30:00,453.5,23.3,55.0,0.0,3.0,0.5555555555555556
2024-03-30 09:45:00,448.0,23.3,55.0,0.0,5.0,0.6666666666666667
2024-03-30 10:00:00,464.0,23.3,55.0,0.0,5.5,0.7777777777777778
2024-03-30 10:15:00,469.0,23.3,55.0,0.0,4.0,0.8888888888888888
2024-03-30 10:30:00,469.0,23.3,55.0,0.0,5.0,1.0
2024-03-30 10:45:00,453.0,23.5,54.0,0.0,6.5,1.1111111111111112
2024-03-30 11:00:00,465.0,23.8,54.0,0.0,9.0,1.2222222222222223
2024-03-30 11:15:00,447.5,23.65,54.0,0.0,5.0,1.3333333333333333
2024-03-30 11:30:00,457.0,23.8,54.0,0.0,8.0,1.4444444444444444
2024-03-30 11:45:00,453.0,24.0,54.0,0.0,8.0,1.5555555555555556
2024-03-30 12:00:00,462.5,24.0,54.0,0.0,5.5,1.6666666666666667
2024-03-30 12:15:00,464.0,24.3,54.0,0.0,5.0,1.125
2024-03-30 12:30:00,469.5,24.15,54.0,0.0,7.5,0.3333333333333333
2024-03-30 12:45:00,471.0,24.3,54.0,0.0,7.0,1.2962962962962963
2024-03-30 13:00:00,470.0,24.3,54.0,0.0,6.0,1.625
2024-03-30 13:15:00,460.0,24.3,54.0,0.0,8.0,1.8918918918918919
2024-03-30 13:30:00,448.0,24.3,53.0,0.0,14.0,0.25
2024-03-30 13:45:00,449.0,24.3,52.0,0.0,10.0,1.7666666666666666
2024-03-30 14:00:00,437.5,24.15,50.5,0.0,8.5,1.2
2024-03-30 14:15:00,430.0,24.0,52.0,0.0,10.0,1.1818181818181819
2024-03-30 14:30:00,434.5,23.9,54.5,0.0,9.5,1.6470588235294117
2024-03-30 14:45:00,434.0,23.8,55.0,0.0,9.0,1.0588235294117647
2024-03-30 15:00:00,449.0,23.8,56.0,0.0,12.0,0.8181818181818182
2024-03-30 15:15:00,433.0,23.5,56.0,0.0,11.0,1.6666666666666667
2024-03-30 15:30:00,454.0,23.5,57.0,0.0,7.0,0.5
2024-03-30 15:45:00,443.5,23.3,58.0,0.0,7.5,1.4186046511627908
2024-03-30 16:00:00,434.0,23.3,59.0,0.0,5.0,1.6170212765957446
2024-03-30 16:15:00,441.0,23.3,59.0,0.0,9.0,1.0
2024-03-30 16:30:00,439.0,23.0,59.5,0.0,8.0,0.8888888888888888
2024-03-30 16:45:00,416.0,23.0,60.0,0.0,7.0,0.7142857142857143
2024-03-30 17:00:00,437.0,23.0,61.0,0.0,6.0,0.6666666666666666
2024-03-30 17:15:00,436.0,23.0,61.0,0.0,4.0,1.5
2024-03-30 17:30:00,438.0,22.8,61.0,0.0,6.0,0.0
2024-03-30 17:45:00,444.0,22.8,61.5,0.0,5.0,0.3333333333333333
2024-03-30 18:00:00,449.0,22.8,62.0,0.0,5.0,0.5
2024-03-30 18:15:00,429.0,22.8,62.0,0.0,3.0,1.0
2024-03-30 18:30:00,433.0,22.5,62.0,0.0,3.5,0.8333333333333334
2024-03-30 18:45:00,438.0,22.5,62.0,0.0,5.0,0.6666666666666667
2024-03-30 19:00:00,434.0,22.4,63.5,0.0,3.0,0.5
2024-03-30 19:15:00,436.0,22.3,64.0,0.0,3.0,0.0
2024-03-30 19:30:00,449.0,22.0,65.0,0.0,3.0,0.06666666666666667
2024-03-30 19:45:00,443.0,21.9,63.0,0.0,2.5,0.13333333333333333
2024-03-30 20:00:00,431.0,21.8,63.0,0.0,5.0,0.19999999999999998
2024-03-30 20:15:00,437.5,21.65,63.0,0.0,2.5,0.26666666666666666
2024-03-30 20:30:00,442.0,21.5,63.0,0.0,2.0,0.3333333333333333
2024-03-30 20:45:00,448.0,21.5,63.0,0.0,3.0,0.3333333333333333
2024-03-30 21:00:00,441.5,21.75,61.5,0.0,3.0,0.3333333333333333
2024-03-30 21:15:00,435.0,22.3,60.0,0.0,2.0,0.3333333333333333
2024-03-30 21:30:00,438.5,22.4,58.5,0.0,3.0,0.3333333333333333
2024-03-30 21:45:00,447.0,22.5,58.0,0.0,3.0,0.3333333333333333
2024-03-30 22:00:00,446.0,22.5,58.0,0.0,7.0,0.3333333333333333
2024-03-30 22:15:00,440.0,22.8,58.0,0.0,6.0,0.3333333333333333
2024-03-30 22:30:00,448.0,22.8,58.0,0.0,9.0,0.3333333333333333
2024-03-30 22:45:00,431.0,22.8,58.0,0.0,4.0,0.3333333333333333
2024-03-30 23:00:00,436.0,22.8,58.0,0.0,5.0,0.3333333333333333
2024-03-30 23:15:00,460.0,23.0,58.0,0.0,9.0,0.3333333333333333
2024-03-30 23:30:00,445.0,23.0,57.5,0.0,13.0,0.3333333333333333
2024-03-30 23:45:00,455.0,22.8,57.0,0.0,16.0,0.3333333333333333
2024-03-31 00:00:00,446.0,22.8,57.0,0.0,17.0,0.3333333333333333
2024-03-31 00:15:00,457.0,22.8,57.0,0.0,22.5,0.3333333333333333
2024-03-31 00:30:00,447.0,22.5,57.0,0.0,27.0,0.3333333333333333
2024-03-31 00:45:00,454.0,22.5,57.0,0.0,26.5,0.3333333333333333
2024-03-31 01:00:00,452.0,22.3,57.0,0.0,34.0,0.3333333333333333
2024-03-31 01:15:00,449.0,22.3,57.0,0.0,39.0,0.3333333333333333
2024-03-31 01:30:00,460.5,22.3,57.0,0.0,35.0,0.3333333333333333
2024-03-31 01:45:00,448.0,22.0,57.0,0.0,45.0,0.3333333333333333
2024-03-31 02:00:00,460.0,22.0,57.0,0.0,39.0,0.3333333333333333
2024-03-31 02:15:00,462.0,22.0,57.0,0.0,59.0,0.3333333333333333
2024-03-31 02:30:00,460.0,21.8,57.0,0.0,40.0,0.3333333333333333
2024-03-31 02:45:00,462.0,21.8,57.0,1.5,51.5,0.3333333333333333
2024-03-31 03:00:00,460.0,21.8,57.0,1.0,42.0,0.3333333333333333
2024-03-31 03:15:00,464.0,21.5,57.0,0.0,45.0,0.3333333333333333
2024-03-31 03:30:00,469.0,21.5,57.0,1.0,50.0,0.3333333333333333
2024-03-31 03:45:00,459.0,21.5,57.0,0.0,47.0,0.3333333333333333
2024-03-31 04:00:00,462.0,21.5,57.0,0.0,46.0,0.3333333333333333
2024-03-31 04:15:00,469.0,21.5,57.0,0.0,53.0,0.3333333333333333
2024-03-31 04:30:00,454.0,21.5,58.0,0.0,50.0,0.3333333333333333
2024-03-31 04:45:00,462.5,21.5,58.0,0.0,50.5,0.3333333333333333
2024-03-31 05:00:00,463.0,21.5,58.0,0.0,43.0,0.3333333333333333
2024-03-31 05:15:00,463.5,21.5,58.0,0.0,48.5,0.3333333333333333
2024-03-31 05:30:00,457.0,21.5,58.0,1.0,45.0,0.3333333333333333
2024-03-31 05:45:00,467.0,21.5,58.0,1.0,66.0,0.3333333333333333
2024-03-31 06:00:00,453.0,21.5,58.0,0.0,55.0,0.3333333333333333
2024-03-31 06:15:00,460.0,21.3,58.0,0.0,51.0,0.3333333333333333
2024-03-31 06:30:00,454.0,21.5,58.0,0.0,48.5,0.3333333333333333
2024-03-31 06:45:00,470.0,21.5,58.0,0.0,56.0,0.3333333333333333
2024-03-31 07:00:00,464.0,21.5,58.0,0.0,41.0,0.3333333333333333
2024-03-31 07:15:00,449.5,21.75,58.5,0.0,13.5,0.3333333333333333
2024-03-31 07:30:00,442.0,22.3,56.0,0.0,4.0,0.3333333333333333
2024-03-31 07:45:00,439.0,22.8,55.0,0.0,4.0,0.3333333333333333
2024-03-31 08:00:00,440.0,23.4,53.5,0.0,5.0,0.3333333333333333
2024-03-31 08:15:00,445.0,23.8,52.0,0.0,7.0,0.3333333333333333
2024-03-31 08:30:00,443.5,23.9,52.0,0.0,4.5,0.3333333333333333
2024-03-31 08:45:00,438.0,24.0,52.0,0.0,6.0,0.3333333333333333
2024-03-31 09:00:00,448.0,23.8,52.0,0.0,5.0,0.3333333333333333
2024-03-31 09:15:00,451.5,23.65,53.0,0.0,4.5,0.3333333333333333
2024-03-31 09:30:00,442.0,23.5,53.0,0.0,6.0,0.3333333333333333
2024-03-31 09:45:00,450.0,23.4,53.0,0.0,5.0,0.3333333333333333
2024-03-31 10:00:00,437.0,23.3,53.0,0.0,3.0,0.3333333333333333
2024-03-31 10:15:00,437.0,23.3,53.0,0.0,8.0,0.3333333333333333
2024-03-31 10:30:00,450.5,23.3,53.0,0.0,4.0,0.3333333333333333
2024-03-31 10:45:00,453.0,23.3,53.0,0.0,4.0,0.3333333333333333
2024-03-31 11:00:00,445.0,23.3,53.0,0.0,5.5,0.3333333333333333
2024-03-31 11:15:00,446.0,23.3,53.0,0.0,7.0,0.3333333333333333
2024-03-31 11:30:00,447.0,23.3,53.0,0.0,4.0,0.3333333333333333
2024-03-31 11:45:00,434.5,23.3,53.0,0.0,9.0,0.3333333333333333
2024-03-31 12:00:00,450.0,23.5,53.0,0.0,7.0,0.3333333333333333
2024-03-31 12:15:00,455.0,23.5,53.0,0.0,6.0,0.3333333333333333
2024-03-31 12:30:00,451.5,23.5,52.5,0.0,6.0,1.125
2024-03-31 12:45:00,462.0,23.8,52.0,0.0,6.0,0.9666666666666667
2024-03-31 13:00:00,453.0,23.8,52.0,0.0,6.5,0.8083333333333333
2024-03-31 13:15:00,463.0,23.8,52.0,0.0,9.0,0.6499999999999999
2024-03-31 13:30:00,454.0,23.8,52.0,0.0,6.0,0.4916666666666666
2024-03-31 13:45:00,441.0,23.8,51.5,0.0,13.5,0.3333333333333333
2024-03-31 14:00:00,435.0,23.8,51.0,0.0,8.0,0.3333333333333333
2024-03-31 14:15:00,435.0,23.8,51.0,0.0,13.0,0.3333333333333333
2024-03-31 14:30:00,437.0,23.8,50.0,0.0,10.0,0.3333333333333333
2024-03-31 14:45:00,440.0,24.0,51.0,0.0,14.0,0.3333333333333333
2024-03-31 15:00:00,432.0,23.8,51.5,0.0,16.0,0.3333333333333333
2024-03-31 15:15:00,424.0,23.5,52.0,0.0,10.0,0.3333333333333333
2024-03-31 15:30:00,442.0,23.4,53.0,0.0,15.0,0.3333333333333333
2024-03-31 15:45:00,425.0,23.3,53.0,0.0,19.0,0.3333333333333333
2024-03-31 16:00:00,452.0,23.0,56.0,0.0,31.0,0.3333333333333333
2024-03-31 16:15:00,442.5,23.0,57.5,0.0,25.5,0.3333333333333333
2024-03-31 16:30:00,438.0,23.0,58.0,0.0,24.0,0.3333333333333333
2024-03-31 16:45:00,441.0,23.0,59.0,0.0,24.0,0.3333333333333333
2024-03-31 17:00:00,444.0,22.8,55.5,0.0,20.0,0.3333333333333333
2024-03-31 17:15:00,451.0,22.8,54.0,0.0,16.0,0.3333333333333333
2024-03-31 17:30:00,437.5,22.8,53.0,0.0,16.0,0.3333333333333333
2024-03-31 17:45:00,434.0,22.8,53.0,0.0,14.0,0.3333333333333333
2024-03-31 18:00:00,424.0,22.8,53.0,0.0,12.0,0.3333333333333333
2024-03-31 18:15:00,441.0,22.65,53.0,0.0,9.5,0.3333333333333333
2024-03-31 18:30:00,442.0,22.5,54.0,0.0,16.0,0.3333333333333333
2024-03-31 18:45:00,436.0,22.5,54.5,0.0,13.0,0.3333333333333333
2024-03-31 19:00:00,444.0,22.3,56.0,0.0,8.0,0.3333333333333333
2024-03-31 19:15:00,431.0,22.3,57.0,0.0,5.0,0.3333333333333333
2024-03-31 19:30:00,436.0,22.0,57.5,0.0,4.5,0.3333333333333333
2024-03-31 19:45:00,447.0,22.0,58.0,0.0,7.0,0.3333333333333333
2024-03-31 20:00:00,434.5,21.8,59.0,0.0,4.0,0.3333333333333333
2024-03-31 20:15:00,437.0,21.8,60.0,0.0,5.0,0.3333333333333333
2024-03-31 20:30:00,439.0,21.8,60.0,0.0,5.0,0.3333333333333333
2024-03-31 20:45:00,442.5,22.25,58.5,0.0,2.5,0.3333333333333333
2024-03-31 21:00:00,441.0,23.0,56.0,0.0,4.0,0.3333333333333333
2024-03-31 21:15:00,444.0,23.5,55.0,0.0,2.0,0.3333333333333333
2024-03-31 21:30:00,443.5,23.15,55.5,0.0,5.0,0.3333333333333333
2024-03-31 21:45:00,440.0,23.0,56.0,0.0,3.0,0.3333333333333333
2024-03-31 22:00:00,436.5,22.9,56.0,0.0,1.5,0.3333333333333333
2024-03-31 22:15:00,436.0,22.8,56.0,0.0,2.0,0.3333333333333333
2024-03-31 22:30:00,439.0,23.0,56.0,0.0,2.0,0.3333333333333333
2024-03-31 22:45:00,434.0,23.0,56.0,0.0,2.0,0.3333333333333333
2024-03-31 23:00:00,433.0,23.0,56.0,0.0,3.0,0.3333333333333333
2024-03-31 23:15:00,442.5,23.0,56.0,0.0,4.5,0.3333333333333333
2024-03-31 23:30:00,438.0,23.0,56.0,0.0,3.0,0.3333333333333333
2024-03-31 23:45:00,453.0,23.0,56.0,0.0,4.0,0.3333333333333333
2024-04-01 00:00:00,455.0,22.8,56.0,0.0,4.0,0.3333333333333333
2024-04-01 00:15:00,451.0,22.8,56.0,0.0,6.0,0.3333333333333333
2024-04-01 00:30:00,441.0,22.8,56.0,0.0,7.0,0.3333333333333333
2024-04-01 00:45:00,445.0,22.5,55.0,0.0,6.0,0.3333333333333333
2024-04-01 01:00:00,459.0,22.5,55.0,0.0,14.0,0.3333333333333333
2024-04-01 01:15:00,448.0,22.5,55.0,0.0,8.5,0.3333333333333333
2024-04-01 01:30:00,453.0,22.3,55.0,0.0,22.0,0.3333333333333333
2024-04-01 01:45:00,452.0,22.3,56.0,0.0,10.0,0.3333333333333333
2024-04-01 02:00:00,436.5,22.3,56.0,0.0,12.5,0.3333333333333333
2024-04-01 02:15:00,434.0,22.3,56.0,0.0,13.0,0.3333333333333333
2024-04-01 02:30:00,452.5,22.15,56.0,0.0,15.5,0.3333333333333333
2024-04-01 02:45:00,461.0,22.0,56.0,0.0,17.0,0.3333333333333333
2024-04-01 03:00:00,463.0,22.0,56.0,0.0,15.0,0.3333333333333333
2024-04-01 03:15:00,452.0,22.0,56.0,0.0,21.5,0.3333333333333333
2024-04-01 03:30:00,436.0,21.8,56.0,0.0,25.0,0.3333333333333333
2024-04-01 03:45:00,450.5,21.8,56.0,0.0,21.5,0.3333333333333333
2024-04-01 04:00:00,453.0,21.8,56.0,0.0,24.0,0.3333333333333333
2024-04-01 04:15:00,457.0,21.8,56.0,0.0,27.0,0.3333333333333333
2024-04-01 04:30:00,459.5,21.8,56.0,0.0,24.5,0.3333333333333333
2024-04-01 04:45:00,461.0,21.5,56.0,0.0,28.0,0.3333333333333333
2024-04-01 05:00:00,470.0,21.5,56.5,0.0,34.5,0.3333333333333333
2024-04-01 05:15:00,450.0,21.5,57.0,0.0,23.0,0.3333333333333333
2024-04-01 05:30:00,465.0,21.5,57.0,0.0,31.0,0.3333333333333333
2024-04-01 05:45:00,459.5,21.5,57.0,0.0,30.0,0.3333333333333333
2024-04-01 06:00:00,450.0,21.5,57.0,1.0,25.0,0.3333333333333333
2024-04-01 06:15:00,465.0,21.3,57.0,0.0,33.0,0.3333333333333333
2024-04-01 06:30:00,448.0,21.5,57.0,0.0,29.5,0.3333333333333333
2024-04-01 06:45:00,476.0,21.5,57.0,0.0,31.0,0.3333333333333333
2024-04-01 07:00:00,466.5,21.5,56.5,0.0,25.0,0.3333333333333333
2024-04-01 07:15:00,482.0,21.5,57.0,0.0,15.0,0.3333333333333333
2024-04-01 07:30:00,479.0,22.0,56.0,0.0,8.0,0.3333333333333333
2024-04-01 07:45:00,470.0,22.9,53.5,0.0,6.0,0.3333333333333333
2024-04-01 08:00:00,465.0,23.0,53.0,0.0,4.0,0.3333333333333333
2024-04-01 08:15:00,462.5,22.8,53.0,0.0,3.5,0.3333333333333333
2024-04-01 08:30:00,468.0,23.0,53.0,0.0,5.0,0.3333333333333333
2024-04-01 08:45:00,469.0,23.0,53.0,0.0,3.0,0.3333333333333333
2024-04-01 09:00:00,472.5,23.0,51.0,0.0,4.5,0.3333333333333333
2024-04-01 09:15:00,477.0,23.0,49.0,0.0,2.0,0.3333333333333333
2024-04-01 09:30:00,463.0,23.0,47.0,0.0,4.0,0.3333333333333333
2024-04-01 09:45:00,482.0,23.0,45.0,0.0,2.0,1.1111111111111112
2024-04-01 10:00:00,471.0,23.3,44.0,0.0,6.0,0.7222222222222222
2024-04-01 10:15:00,471.5,23.3,43.5,0.0,2.0,0.3333333333333333
2024-04-01 10:30:00,481.0,23.5,43.0,0.0,3.0,1.3333333333333333
2024-04-01 10:45:00,452.0,23.5,41.0,0.0,6.0,1.375
2024-04-01 11:00:00,438.5,23.5,40.0,0.0,3.5,1.4166666666666665
2024-04-01 11:15:00,433.0,23.3,40.0,0.0,3.0,1.4583333333333333
2024-04-01 11:30:00,447.5,23.3,40.0,0.0,5.0,1.5
2024-04-01 11:45:00,433.0,23.3,40.0,0.0,3.0,2.887323943661972
2024-04-01 12:00:00,430.0,23.3,39.0,0.0,7.0,1.6
2024-04-01 12:15:00,433.5,23.0,39.5,0.0,2.5,0.5833333333333334
2024-04-01 12:30:00,454.0,23.0,42.0,0.0,2.0,0.8333333333333334
2024-04-01 12:45:00,443.0,22.9,45.5,0.0,2.0,1.2
2024-04-01 13:00:00,447.0,22.8,50.0,0.0,2.0,1.0
2024-04-01 13:15:00,442.0,22.5,52.0,0.0,2.0,1.1111111111111112
2024-04-01 13:30:00,449.5,22.5,56.0,0.0,2.0,1.5833333333333333
2024-04-01 13:45:00,450.0,22.3,57.0,0.0,2.0,0.92
2024-04-01 14:00:00,449.5,22.3,60.0,0.0,4.0,1.5
2024-04-01 14:15:00,475.0,22.3,64.0,0.0,2.0,0.25
2024-04-01 14:30:00,481.0,22.3,66.0,0.0,2.0,1.6511627906976745
2024-04-01 14:45:00,507.5,22.3,67.5,0.0,3.5,1.8644067796610169
2024-04-01 15:00:00,506.0,22.3,68.0,0.0,1.0,1.4166666666666667
2024-04-01 15:15:00,524.0,22.3,67.0,0.0,1.0,1.7659574468085106
2024-04-01 15:30:00,512.0,22.3,66.5,0.0,5.5,1.25
2024-04-01 15:45:00,513.0,22.3,66.0,0.0,3.0,1.5
2024-04-01 16:00:00,521.5,22.3,65.0,0.0,3.0,1.7674418604651163
2024-04-01 16:15:00,510.0,22.3,64.0,0.0,1.0,1.0
2024-04-01 16:30:00,485.0,22.3,64.0,0.0,6.0,1.8
2024-04-01 16:45:00,490.5,22.3,63.5,0.0,1.5,1.4883720930232558
2024-04-01 17:00:00,490.0,22.3,64.0,0.0,2.0,1.5952380952380953
2024-04-01 17:15:00,494.0,22.3,64.0,0.0,2.0,1.5869565217391304
2024-04-01 17:30:00,478.0,22.0,66.0,0.0,5.0,2.659090909090909
2024-04-01 17:45:00,463.0,22.0,67.0,0.0,1.0,0.3333333333333333
2024-04-01 18:00:00,487.5,22.0,69.5,0.0,3.0,0.5714285714285714
2024-04-01 18:15:00,478.0,22.0,71.0,0.0,3.0,1.5357142857142858
2024-04-01 18:30:00,467.5,22.0,72.5,0.0,2.0,0.0
2024-04-01 18:45:00,467.0,22.3,74.0,0.0,5.0,0.3333333333333333
2024-04-01 19:00:00,466.0,22.3,74.0,0.0,2.0,0.3333333333333333
2024-04-01 19:15:00,464.0,22.3,74.0,0.0,2.5,0.3333333333333333
2024-04-01 19:30:00,476.0,22.3,74.0,0.0,3.0,0.3333333333333333
2024-04-01 19:45:00,464.0,22.5,74.0,0.0,2.0,0.3333333333333333
2024-04-01 20:00:00,472.0,22.5,73.0,0.0,4.0,0.3333333333333333
2024-04-01 20:15:00,480.0,22.5,73.0,0.0,2.0,0.3333333333333333
2024-04-01 20:30:00,463.5,22.3,73.5,0.0,1.5,0.34285714285714286
2024-04-01 20:45:00,461.0,22.3,74.0,0.0,1.0,0.35238095238095235
2024-04-01 21:00:00,462.0,22.3,74.0,0.0,2.0,0.3619047619047619
2024-04-01 21:15:00,446.0,22.3,75.0,0.0,2.0,0.37142857142857144
2024-04-01 21:30:00,460.0,22.3,75.0,0.0,2.0,0.380952380952381
2024-04-01 21:45:00,445.0,22.75,74.5,0.0,1.5,0.3904761904761905
2024-04-01 22:00:00,451.0,23.3,73.0,0.0,2.0,0.4
2024-04-01 22:15:00,449.0,23.3,72.0,0.0,2.0,0.39851851851851855
2024-04-01 22:30:00,448.5,23.3,72.0,0.0,1.5,0.3970370370370371
2024-04-01 22:45:00,466.0,23.3,72.0,0.0,1.0,0.39555555555555555
2024-04-01 23:00:00,461.5,23.3,72.0,0.0,1.5,0.3940740740740741
2024-04-01 23:15:00,473.0,23.3,71.0,0.0,4.0,0.3925925925925926
2024-04-01 23:30:00,482.0,23.5,71.0,0.0,3.0,0.39111111111111113
2024-04-01 23:45:00,469.5,23.5,71.0,0.0,2.0,0.38962962962962966
2024-04-02 00:00:00,476.0,23.5,70.0,0.0,8.0,0.3881481481481482
2024-04-02 00:15:00,472.0,23.5,70.0,0.0,3.0,0.38666666666666666
2024-04-02 00:30:00,475.0,23.5,70.0,0.0,9.0,0.3851851851851852
2024-04-02 00:45:00,471.0,23.5,70.0,0.0,5.0,0.3837037037037037
2024-04-02 01:00:00,468.5,23.3,70.0,0.0,6.0,0.38222222222222224
2024-04-02 01:15:00,471.0,23.3,70.0,1.0,8.0,0.38074074074074077
2024-04-02 01:30:00,465.0,23.3,70.0,0.0,6.0,0.3792592592592593
2024-04-02 01:45:00,455.0,23.15,70.0,0.5,10.5,0.37777777777777777
2024-04-02 02:00:00,455.0,23.0,69.0,0.0,8.0,0.3762962962962963
2024-04-02 02:15:00,460.0,23.0,69.0,0.5,5.5,0.3748148148148148
2024-04-02 02:30:00,445.0,22.8,68.0,1.0,14.0,0.37333333333333335
2024-04-02 02:45:00,452.0,22.8,68.0,0.0,12.0,0.3718518518518519
2024-04-02 03:00:00,463.5,22.8,68.0,1.0,8.5,0.37037037037037035
2024-04-02 03:15:00,455.0,22.8,68.0,1.0,14.0,0.3688888888888889
2024-04-02 03:30:00,452.0,22.5,67.0,1.0,10.0,0.3674074074074074
2024-04-02 03:45:00,443.0,22.5,67.0,1.0,16.0,0.36592592592592593
2024-04-02 04:00:00,449.0,22.5,67.0,3.0,10.0,0.36444444444444446
2024-04-02 04:15:00,454.0,22.4,66.5,3.0,13.5,0.36296296296296293
2024-04-02 04:30:00,459.0,22.3,66.0,3.0,12.0,0.36148148148148146
2024-04-02 04:45:00,447.0,22.3,66.0,3.0,13.0,0.36
2024-04-02 05:00:00,452.0,22.3,66.0,4.5,16.0,0.3585185185185185
2024-04-02 05:15:00,444.0,22.3,66.0,6.0,9.0,0.35703703703703704
2024-04-02 05:30:00,449.0,22.3,66.0,4.5,13.0,0.35555555555555557
2024-04-02 05:45:00,448.0,22.3,66.0,6.0,7.0,0.3540740740740741
2024-04-02 06:00:00,455.0,22.0,66.0,6.0,12.0,0.35259259259259257
2024-04-02 06:15:00,446.5,22.0,65.0,6.0,9.5,0.3511111111111111
2024-04-02 06:30:00,442.0,22.0,65.0,6.0,9.0,0.3496296296296296
2024-04-02 06:45:00,440.0,22.0,65.0,6.0,9.5,0.34814814814814815
2024-04-02 07:00:00,444.0,22.0,65.0,3.0,11.0,0.3466666666666667
2024-04-02 07:15:00,448.0,22.0,65.0,0.0,13.0,0.34518518518518515
2024-04-02 07:30:00,456.5,22.65,63.0,0.0,1.5,0.3437037037037037
2024-04-02 07:45:00,440.0,23.0,61.0,0.0,2.0,0.3422222222222222
2024-04-02 08:00:00,456.0,23.4,58.5,0.0,3.0,0.34074074074074073
2024-04-02 08:15:00,459.0,23.5,57.0,0.0,3.0,0.33925925925925926
2024-04-02 08:30:00,445.0,23.5,57.0,0.0,1.0,0.33777777777777773
2024-04-02 08:45:00,467.0,23.5,57.0,0.0,2.0,0.33629629629629626
2024-04-02 09:00:00,479.0,23.5,57.0,0.0,2.0,0.3348148148148148
2024-04-02 09:15:00,458.0,23.3,56.0,0.0,1.0,0.3333333333333333
2024-04-02 09:30:00,465.5,23.3,55.5,0.0,0.5,0.3333333333333333
2024-04-02 09:45:00,454.0,23.3,55.0,0.0,1.0,0.3333333333333333
2024-04-02 10:00:00,453.5,23.3,55.0,0.0,2.0,0.3333333333333333
2024-04-02 10:15:00,447.0,23.3,55.0,0.0,0.0,0.3333333333333333
2024-04-02 10:30:00,445.0,23.3,55.0,0.0,2.0,0.3333333333333333
2024-04-02 10:45:00,447.5,23.4,54.5,0.0,1.5,0.3333333333333333
2024-04-02 11:00:00,441.0,23.5,54.0,0.0,1.0,1.0
2024-04-02 11:15:00,434.0,23.3,53.5,0.0,2.5,0.2
2024-04-02 11:30:00,430.0,23.3,54.0,0.0,1.0,0.8
2024-04-02 11:45:00,428.0,23.3,54.0,0.0,1.0,0.3333333333333333
2024-04-02 12:00:00,435.5,23.3,54.0,0.0,3.0,0.3333333333333333
2024-04-02 12:15:00,437.0,23.3,54.0,0.0,2.0,0.3333333333333333
2024-04-02 12:30:00,434.5,23.3,54.0,0.0,2.5,0.3333333333333333
2024-04-02 12:45:00,442.0,23.3,53.0,0.0,1.0,0.3333333333333333
2024-04-02 13:00:00,442.0,23.5,53.0,0.0,1.0,0.3333333333333333
2024-04-02 13:15:00,442.0,23.5,53.0,0.0,1.0,0.3333333333333333
2024-04-02 13:30:00,439.0,23.5,52.0,0.0,3.0,0.3333333333333333
2024-04-02 13:45:00,438.0,23.5,52.0,0.0,4.0,0.3333333333333333
2024-04-02 14:00:00,442.5,23.5,52.0,0.0,2.5,0.3333333333333333
2024-04-02 14:15:00,445.0,23.5,52.0,0.0,7.0,0.3333333333333333
2024-04-02 14:30:00,440.5,23.5,52.5,0.0,1.0,0.3333333333333333
2024-04-02 14:45:00,436.0,23.5,54.0,0.0,1.0,0.3333333333333333
2024-04-02 15:00:00,441.0,23.8,55.0,0.0,1.0,0.3333333333333333
2024-04-02 15:15:00,444.0,23.65,54.5,0.0,1.5,0.3333333333333333
2024-04-02 15:30:00,449.0,23.5,54.0,0.0,2.0,0.3333333333333333
2024-04-02 15:45:00,453.0,23.3,55.0,0.0,1.0,0.3333333333333333
2024-04-02 16:00:00,441.0,23.3,55.0,0.0,1.0,0.3666666666666667
2024-04-02 16:15:00,437.0,23.3,55.0,0.0,0.0,0.4
2024-04-02 16:30:00,438.0,23.3,55.5,0.0,2.0,0.3333333333333333
2024-04-02 16:45:00,459.0,23.3,57.0,0.0,2.0,0.3333333333333333
2024-04-02 17:00:00,453.0,23.3,58.0,0.0,4.0,0.35
2024-04-02 17:15:00,444.5,23.5,58.5,0.0,1.0,0.3666666666666667
2024-04-02 17:30:00,452.0,23.3,58.0,0.0,4.0,0.38333333333333336
2024-04-02 17:45:00,443.0,23.3,58.0,0.0,3.0,0.4
2024-04-02 18:00:00,453.0,23.3,58.0,0.0,2.0,0.0
2024-04-02 18:15:00,455.0,23.3,58.0,0.0,2.0,0.1111111111111111
2024-04-02 18:30:00,456.0,23.3,58.0,0.0,1.5,0.2222222222222222
2024-04-02 18:45:00,444.0,23.3,58.0,0.0,5.0,0.3333333333333333
2024-04-02 19:00:00,446.0,23.3,59.0,0.0,1.0,0.3333333333333333
2024-04-02 19:15:00,441.0,23.3,59.0,0.0,3.0,0.3333333333333333
2024-04-02 19:30:00,463.0,23.3,59.0,0.0,2.0,0.3333333333333333
2024-04-02 19:45:00,455.5,23.3,58.5,0.0,4.0,0.3333333333333333
2024-04-02 20:00:00,459.0,23.3,57.0,0.0,1.0,0.3333333333333333
2024-04-02 20:15:00,468.0,23.3,55.5,0.0,1.5,0.3333333333333333
2024-04-02 20:30:00,448.0,23.3,54.0,0.0,4.0,0.3333333333333333
2024-04-02 20:45:00,447.0,23.3,54.0,0.0,4.0,0.3939393939393939
2024-04-02 21:00:00,452.5,23.0,53.5,0.0,0.0,0.45454545454545453
2024-04-02 21:15:00,453.0,23.0,52.0,0.0,1.0,0.5151515151515151
2024-04-02 21:30:00,454.0,23.0,51.0,0.0,3.0,0.5757575757575758
2024-04-02 21:45:00,445.5,23.0,49.5,0.0,0.0,0.6363636363636364
2024-04-02 22:00:00,445.0,23.0,49.0,0.0,0.0,0.696969696969697
2024-04-02 22:15:00,434.5,23.0,48.5,0.0,0.5,0.7575757575757576
2024-04-02 22:30:00,439.0,23.3,47.0,0.0,1.0,0.8181818181818182
2024-04-02 22:45:00,430.0,23.3,47.0,0.0,1.0,0.8787878787878789
2024-04-02 23:00:00,439.0,23.3,46.5,0.0,0.0,0.9393939393939394
2024-04-02 23:15:00,445.0,23.3,47.0,0.0,1.0,1.0
2024-04-02 23:30:00,436.0,23.0,47.5,0.0,2.5,0.9852941176470589
2024-04-02 23:45:00,427.0,23.0,48.0,0.0,5.0,0.9705882352941176
2024-04-03 00:00:00,428.0,23.0,48.0,0.0,2.0,0.9558823529411765
2024-04-03 00:15:00,436.5,22.8,49.0,0.0,1.0,0.9411764705882353
2024-04-03 00:30:00,439.0,22.8,49.0,0.0,7.0,0.9264705882352942
2024-04-03 00:45:00,441.5,22.65,49.5,0.0,0.5,0.9117647058823529
2024-04-03 01:00:00,435.0,22.5,50.0,0.0,2.0,0.8970588235294118
2024-04-03 01:15:00,432.0,22.5,50.0,0.0,1.0,0.8823529411764706
2024-04-03 01:30:00,437.0,22.4,50.0,0.0,2.5,0.8676470588235294
2024-04-03 01:45:00,429.0,22.3,51.0,0.0,1.0,0.8529411764705882
2024-04-03 02:00:00,438.0,22.3,51.0,0.0,2.0,0.8382352941176471
2024-04-03 02:15:00,433.5,22.0,51.0,0.0,2.0,0.8235294117647058
2024-04-03 02:30:00,438.0,22.0,51.0,0.0,2.0,0.8088235294117647
2024-04-03 02:45:00,439.0,21.8,51.0,0.0,4.5,0.7941176470588235
2024-04-03 03:00:00,431.0,21.8,51.0,1.0,2.0,0.7794117647058824
2024-04-03 03:15:00,434.0,21.8,51.0,0.0,2.0,0.7647058823529411
2024-04-03 03:30:00,435.0,21.5,51.0,1.0,2.0,0.75
2024-04-03 03:45:00,450.0,21.5,51.0,0.0,1.0,0.7352941176470589
2024-04-03 04:00:00,443.5,21.5,51.0,2.0,2.0,0.7205882352941176
2024-04-03 04:15:00,437.0,21.5,51.0,1.0,3.0,0.7058823529411764
2024-04-03 04:30:00,442.0,21.5,51.0,1.0,3.0,0.6911764705882353
2024-04-03 04:45:00,446.0,21.5,51.0,0.0,1.5,0.6764705882352942
2024-04-03 05:00:00,440.0,21.5,51.0,0.0,1.0,0.6617647058823529
2024-04-03 05:15:00,450.5,21.5,51.0,0.0,1.5,0.6470588235294117
2024-04-03 05:30:00,450.0,21.3,51.0,0.0,3.0,0.6323529411764706
2024-04-03 05:45:00,444.0,21.3,51.0,0.0,2.0,0.6176470588235294
2024-04-03 06:00:00,438.5,21.3,51.0,0.5,1.5,0.6029411764705882
2024-04-03 06:15:00,446.0,21.3,51.0,0.0,2.0,0.588235294117647
2024-04-03 06:30:00,448.0,21.3,51.0,0.0,1.0,0.5735294117647058
2024-04-03 06:45:00,446.0,21.15,52.0,0.0,2.5,0.5588235294117647
2024-04-03 07:00:00,445.0,21.0,52.0,0.0,1.0,0.5441176470588235
2024-04-03 07:15:00,456.5,21.65,50.0,0.0,2.0,0.5294117647058822
2024-04-03 07:30:00,455.0,22.8,48.0,0.0,1.0,0.5147058823529411
2024-04-03 07:45:00,461.0,23.3,46.0,0.0,1.0,0.5
2024-04-03 08:00:00,467.0,23.9,45.0,0.0,0.5,0.6875
2024-04-03 08:15:00,442.0,24.0,45.0,0.0,1.0,0.375
2024-04-03 08:30:00,482.5,23.9,45.5,0.0,1.0,1.2727272727272727
2024-04-03 08:45:00,501.0,23.8,46.0,0.0,1.0,1.1428571428571428
2024-04-03 09:00:00,516.0,23.5,47.0,0.0,1.0,0.6842105263157895
2024-04-03 09:15:00,512.0,23.5,47.5,0.0,3.5,0.6363636363636364
2024-04-03 09:30:00,513.0,23.5,48.0,0.0,1.0,1.8846153846153846
2024-04-03 09:45:00,509.0,23.5,48.0,0.0,3.0,2.473684210526316
2024-04-03 10:00:00,514.5,23.5,48.5,1.5,1.5,1.9777777777777779
2024-04-03 10:15:00,520.0,23.5,51.0,0.0,1.0,2.4341463414634146
2024-04-03 10:30:00,521.5,23.5,51.0,0.0,1.0,2.0384615384615383
2024-04-03 10:45:00,528.0,23.5,52.0,0.0,1.0,1.7843137254901962
2024-04-03 11:00:00,517.0,23.5,52.0,0.0,1.0,2.3559322033898304
2024-04-03 11:15:00,529.5,23.5,53.0,0.0,0.5,2.3191489361702127
2024-04-03 11:30:00,499.0,23.5,54.0,0.0,4.0,2.3230769230769233
2024-04-03 11:45:00,512.0,23.5,54.0,0.0,1.5,1.4
2024-04-03 12:00:00,512.0,23.5,55.0,0.0,2.0,1.6440677966101696
2024-04-03 12:15:00,530.0,23.5,55.0,0.0,1.0,1.9259259259259258
2024-04-03 12:30:00,508.5,23.5,55.0,0.0,3.5,1.4754098360655739
2024-04-03 12:45:00,519.0,23.5,55.0,0.0,3.0,1.734375
2024-04-03 13:00:00,541.0,23.5,54.5,0.0,7.5,1.1714285714285715
2024-04-03 13:15:00,556.0,23.5,55.0,24.0,1.0,1.5609756097560976
2024-04-03 13:30:00,529.0,23.5,55.0,82.0,4.0,2.074074074074074
2024-04-03 13:45:00,555.0,23.5,55.0,89.5,2.0,2.473684210526316
2024-04-03 14:00:00,569.0,23.5,55.0,57.0,5.0,2.863013698630137
2024-04-03 14:15:00,556.0,23.5,55.0,47.0,2.0,3.5833333333333335
2024-04-03 14:30:00,555.0,23.5,54.5,21.5,2.5,2.8686868686868685
2024-04-03 14:45:00,579.0,23.8,54.0,47.0,1.0,2.0727272727272728
2024-04-03 15:00:00,554.0,23.8,54.0,10.5,2.5,2.4782608695652173
2024-04-03 15:15:00,543.0,23.8,55.0,0.0,1.0,1.58
2024-04-03 15:30:00,539.0,23.5,55.0,0.0,2.0,1.588235294117647
2024-04-03 15:45:00,533.5,23.65,54.0,0.0,1.0,1.5774647887323943
2024-04-03 16:00:00,542.0,23.8,53.0,0.0,2.0,1.6704545454545454
2024-04-03 16:15:00,535.5,23.8,52.5,0.0,1.5,0.9047619047619048
2024-04-03 16:30:00,529.0,23.8,52.0,0.0,2.0,1.2
2024-04-03 16:45:00,554.0,23.5,52.0,0.0,4.0,2.625
2024-04-03 17:00:00,556.0,23.8,51.0,0.0,4.5,1.4528301886792452
2024-04-03 17:15:00,544.0,23.8,50.0,6.0,4.0,0.4666666666666667
2024-04-03 17:30:00,551.0,23.8,50.0,6.0,1.5,1.3170731707317074
2024-04-03 17:45:00,555.0,23.8,49.0,0.0,4.0,0.8695652173913043
2024-04-03 18:00:00,553.0,23.8,49.0,3.0,1.0,1.1290322580645162
2024-04-03 18:15:00,544.5,23.8,48.5,7.0,2.0,0.38461538461538464
2024-04-03 18:30:00,546.0,23.5,48.0,9.0,3.0,0.4117647058823529
2024-04-03 18:45:00,534.0,23.5,48.0,1.0,1.0,0.5909090909090909
2024-04-03 19:00:00,526.5,23.4,47.0,0.0,1.0,0.8214285714285714
2024-04-03 19:15:00,519.0,23.3,47.0,0.0,2.0,0.4117647058823529
2024-04-03 19:30:00,510.5,23.3,48.0,0.0,1.5,1.5714285714285714
2024-04-03 19:45:00,512.0,23.5,48.0,0.0,1.0,1.5
2024-04-03 20:00:00,509.0,23.5,49.0,0.0,1.0,0.7647058823529411
2024-04-03 20:15:00,502.0,23.5,49.5,0.0,2.0,0.5714285714285714
2024-04-03 20:30:00,507.0,23.3,50.0,0.0,1.0,0.5
2024-04-03 20:45:00,494.0,23.3,50.0,0.0,2.0,0.3333333333333333
2024-04-03 21:00:00,491.0,23.3,49.0,0.0,2.0,0.7647058823529411
2024-04-03 21:15:00,514.0,23.3,49.0,0.0,1.0,1.2727272727272727
2024-04-03 21:30:00,491.5,23.3,48.5,0.0,2.0,0.5
2024-04-03 21:45:00,475.0,23.3,47.0,0.0,4.0,0.7777777777777778
2024-04-03 22:00:00,493.0,23.3,45.5,0.0,3.0,0.0
2024-04-03 22:15:00,501.0,23.5,45.0,0.0,8.0,0.3333333333333333
2024-04-03 22:30:00,467.0,23.5,45.0,0.0,1.0,0.3333333333333333
2024-04-03 22:45:00,477.5,23.5,44.0,0.0,2.0,0.3333333333333333
2024-04-03 23:00:00,487.0,23.5,44.0,0.0,2.0,0.8
2024-04-03 23:15:00,477.0,23.5,45.0,0.0,2.0,1.9285714285714286
2024-04-03 23:30:00,526.5,23.3,45.0,0.0,3.0,0.3333333333333333
2024-04-03 23:45:00,537.0,23.0,46.0,0.0,4.0,0.3333333333333333
2024-04-04 00:00:00,554.0,23.0,46.0,0.0,5.5,0.3333333333333333
2024-04-04 00:15:00,558.0,22.8,46.0,0.0,6.0,0.3333333333333333
2024-04-04 00:30:00,544.0,22.8,46.0,0.0,4.0,0.3333333333333333
2024-04-04 00:45:00,533.0,22.5,46.0,0.0,4.5,0.3333333333333333
2024-04-04 01:00:00,527.0,22.5,47.0,0.0,4.0,0.3333333333333333
2024-04-04 01:15:00,529.0,22.3,47.0,0.0,4.5,1.5
2024-04-04 01:30:00,511.0,22.3,47.0,0.0,8.0,0.2
2024-04-04 01:45:00,511.0,22.0,47.0,0.0,3.0,0.25
2024-04-04 02:00:00,515.0,22.0,47.0,0.0,5.0,0.30000000000000004
2024-04-04 02:15:00,513.0,22.0,47.0,0.0,4.0,0.35000000000000003
2024-04-04 02:30:00,521.0,21.8,47.0,0.0,7.0,0.4
2024-04-04 02:45:00,516.0,21.65,47.0,0.0,5.0,0.45
2024-04-04 03:00:00,514.0,21.5,47.0,0.0,5.0,0.5
2024-04-04 03:15:00,497.0,21.5,47.0,0.0,4.0,0.55
2024-04-04 03:30:00,498.0,21.3,47.0,0.0,3.0,0.6000000000000001
2024-04-04 03:45:00,509.0,21.3,47.0,0.0,3.0,0.6500000000000001
2024-04-04 04:00:00,479.5,21.15,47.5,0.0,4.0,0.7
2024-04-04 04:15:00,486.0,21.0,48.0,0.0,3.0,0.75
2024-04-04 04:30:00,481.5,21.0,48.0,0.0,3.0,0.75
2024-04-04 04:45:00,484.0,20.8,48.0,0.0,3.0,0.7121212121212122
2024-04-04 05:00:00,485.0,20.8,48.0,0.0,4.0,0.6742424242424242
2024-04-04 05:15:00,483.0,20.8,48.0,0.0,4.0,0.6363636363636364
2024-04-04 05:30:00,481.0,20.8,48.0,0.0,3.0,0.5984848484848485
2024-04-04 05:45:00,483.0,20.8,48.0,0.0,3.5,0.5606060606060606
2024-04-04 06:00:00,482.0,20.8,48.0,0.0,9.0,0.5227272727272727
2024-04-04 06:15:00,474.0,20.8,48.0,0.0,3.0,0.4848484848484848
2024-04-04 06:30:00,481.5,20.5,48.0,0.0,4.5,0.44696969696969696
2024-04-04 06:45:00,462.0,20.5,48.0,0.0,5.0,0.40909090909090906
2024-04-04 07:00:00,494.0,20.5,48.0,0.0,4.0,0.37121212121212116
2024-04-04 07:15:00,505.5,21.0,46.5,0.0,3.0,0.3333333333333333
2024-04-04 07:30:00,499.0,22.3,44.0,0.0,1.0,0.553030303030303
2024-04-04 07:45:00,491.0,23.4,41.5,0.0,3.0,0.7727272727272727
2024-04-04 08:00:00,495.0,24.0,40.0,0.0,2.0,0.75
2024-04-04 08:15:00,498.0,24.3,40.0,0.0,1.0,1.2758620689655173
2024-04-04 08:30:00,477.5,24.5,39.0,0.0,4.5,0.6153846153846154
2024-04-04 08:45:00,485.0,24.3,40.0,0.0,3.0,0.6896551724137931
2024-04-04 09:00:00,492.0,24.15,40.0,0.0,2.0,1.3043478260869565
2024-04-04 09:15:00,481.0,24.0,41.0,0.0,3.0,0.9333333333333333
2024-04-04 09:30:00,499.0,23.8,41.0,0.0,2.0,1.0714285714285714
2024-04-04 09:45:00,484.5,23.8,41.0,0.0,0.5,2.8217821782178216
2024-04-04 10:00:00,488.0,23.8,41.0,0.0,4.0,1.513157894736842
2024-04-04 10:15:00,498.0,23.8,41.0,0.0,1.0,2.30635838150289
2024-04-04 10:30:00,497.0,23.8,40.0,0.0,1.0,1.8860759493670887
2024-04-04 10:45:00,492.0,23.5,40.0,0.0,8.0,2.4244604316546763
2024-04-04 11:00:00,498.5,23.5,39.0,0.0,4.0,0.8181818181818182
2024-04-04 11:15:00,501.0,23.5,39.0,0.0,3.0,1.5138888888888888
2024-04-04 11:30:00,518.0,23.5,38.0,0.0,2.0,1.671875
2024-04-04 11:45:00,522.5,23.65,37.5,0.0,2.5,3.176470588235294
2024-04-04 12:00:00,504.0,23.8,37.0,0.0,0.0,4.0
2024-04-04 12:15:00,507.5,23.8,37.0,0.0,1.0,3.888268156424581
2024-04-04 12:30:00,505.0,23.5,37.0,0.0,1.0,3.586206896551724
2024-04-04 12:45:00,515.0,23.8,38.0,0.0,1.0,3.5707547169811322
2024-04-04 13:00:00,529.0,23.8,38.0,0.0,3.0,2.731707317073171
2024-04-04 13:15:00,551.0,23.8,38.0,0.0,1.0,1.9402985074626866
2024-04-04 13:30:00,541.5,23.8,38.0,0.0,2.5,0.9318181818181818
2024-04-04 13:45:00,524.0,23.8,39.0,0.0,3.0,1.8703703703703705
2024-04-04 14:00:00,539.0,23.8,39.0,0.0,1.0,2.1454545454545455
2024-04-04 14:15:00,517.0,24.0,39.0,0.0,2.0,1.2272727272727273
2024-04-04 14:30:00,515.0,24.0,39.0,0.0,3.0,2.853211009174312
2024-04-04 14:45:00,512.5,24.0,38.5,0.0,2.5,1.6181818181818182
2024-04-04 15:00:00,511.0,24.0,38.0,0.0,4.0,1.5813953488372092
2024-04-04 15:15:00,542.0,24.0,39.0,0.0,1.0,1.542857142857143
2024-04-04 15:30:00,531.0,24.0,38.0,0.0,2.0,2.0813953488372094
2024-04-04 15:45:00,522.0,24.0,38.0,0.0,2.0,1.2666666666666666
2024-04-04 16:00:00,543.0,24.0,38.0,0.0,1.0,1.619047619047619
2024-04-04 16:15:00,540.0,24.0,38.0,0.0,2.0,1.813953488372093
2024-04-04 16:30:00,531.0,23.8,38.0,0.0,2.0,1.6265060240963856
2024-04-04 16:45:00,519.5,23.8,39.0,0.0,2.0,1.9827586206896552
2024-04-04 17:00:00,517.0,23.8,39.0,0.0,2.0,1.6734693877551021
2024-04-04 17:15:00,513.0,23.8,39.0,0.0,3.0,1.3571428571428572
2024-04-04 17:30:00,501.5,23.8,39.0,0.0,2.0,1.5
2024-04-04 17:45:00,507.0,23.5,39.0,3.0,3.0,2.193548387096774
2024-04-04 18:00:00,508.5,23.5,40.0,0.0,3.0,1.9
2024-04-04 18:15:00,501.0,23.5,39.0,0.0,3.0,1.6385542168674698
2024-04-04 18:30:00,487.0,23.5,39.0,0.0,2.0,1.2413793103448276
2024-04-04 18:45:00,490.5,23.4,39.0,0.0,2.0,1.4324324324324325
2024-04-04 19:00:00,504.0,23.3,39.0,0.0,4.0,0.8636363636363636
2024-04-04 19:15:00,487.5,23.3,39.0,0.0,2.5,1.7234042553191489
2024-04-04 19:30:00,474.0,23.3,39.0,0.0,2.0,0.9230769230769231
2024-04-04 19:45:00,479.0,23.3,39.0,0.0,3.0,0.8782051282051282
2024-04-04 20:00:00,477.0,23.3,39.0,0.0,4.0,0.8333333333333334
2024-04-04 20:15:00,475.0,23.3,39.0,0.0,4.0,1.5
2024-04-04 20:30:00,471.0,23.3,39.0,0.0,5.0,1.7272727272727273
2024-04-04 20:45:00,459.5,23.15,39.0,0.0,5.5,1.3846153846153846
2024-04-04 21:00:00,446.0,23.0,39.0,0.0,3.0,0.4444444444444444
2024-04-04 21:15:00,452.0,23.15,39.0,0.0,3.0,0.3076923076923077
2024-04-04 21:30:00,446.0,23.3,39.0,0.0,2.0,0.3333333333333333
2024-04-04 21:45:00,441.0,23.3,39.0,0.0,4.0,0.3333333333333333
2024-04-04 22:00:00,455.0,23.3,39.0,0.0,3.5,1.0
2024-04-04 22:15:00,457.0,23.3,40.0,0.0,2.0,0.2
2024-04-04 22:30:00,442.5,23.3,39.0,0.0,2.5,0.3333333333333333
2024-04-04 22:45:00,440.0,23.3,39.0,0.0,2.0,0.3333333333333333
2024-04-04 23:00:00,447.0,23.3,39.0,0.0,2.0,0.3333333333333333
2024-04-04 23:15:00,466.0,23.3,39.0,23.0,10.5,0.3333333333333333
2024-04-04 23:30:00,456.0,23.3,39.0,34.0,11.0,0.3333333333333333
2024-04-04 23:45:00,462.5,23.0,39.0,16.0,11.5,0.3333333333333333
2024-04-05 00:00:00,472.0,22.8,40.0,3.0,19.0,0.3333333333333333
2024-04-05 00:15:00,463.0,22.8,40.0,0.0,18.0,0.3333333333333333
2024-04-05 00:30:00,455.0,22.65,40.0,0.0,17.0,0.3333333333333333
2024-04-05 00:45:00,456.0,22.5,40.0,0.0,18.0,0.3333333333333333
2024-04-05 01:00:00,458.0,22.5,40.0,0.0,16.0,0.3333333333333333
2024-04-05 01:15:00,459.0,22.15,40.5,0.0,15.5,0.3333333333333333
2024-04-05 01:30:00,456.0,22.0,41.0,0.0,12.0,0.3333333333333333
2024-04-05 01:45:00,451.5,21.9,41.5,0.0,15.5,0.3333333333333333
2024-04-05 02:00:00,453.0,21.8,42.0,0.0,19.0,0.3333333333333333
2024-04-05 02:15:00,482.0,21.8,42.0,0.0,20.0,0.39166666666666666
2024-04-05 02:30:00,462.5,21.8,42.0,0.0,25.5,0.44999999999999996
2024-04-05 02:45:00,455.0,21.8,42.0,0.0,20.0,0.5083333333333333
2024-04-05 03:00:00,461.5,21.65,42.0,0.0,21.0,0.5666666666666667
2024-04-05 03:15:00,448.0,21.5,43.0,0.0,15.0,0.625
2024-04-05 03:30:00,459.0,21.5,43.0,0.0,14.0,0.6833333333333333
2024-04-05 03:45:00,459.0,21.3,43.0,0.0,21.0,0.7416666666666667
2024-04-05 04:00:00,452.0,21.3,43.0,0.0,23.0,0.8
2024-04-05 04:15:00,458.5,21.3,43.0,0.0,27.0,0.8583333333333334
2024-04-05 04:30:00,453.0,21.0,43.0,0.0,32.0,0.9166666666666667
2024-04-05 04:45:00,448.0,21.0,43.0,0.0,26.0,0.9750000000000001
2024-04-05 05:00:00,451.5,21.0,43.0,0.0,32.5,1.0333333333333332
2024-04-05 05:15:00,453.0,21.0,43.0,3.0,31.0,1.0916666666666666
2024-04-05 05:30:00,458.0,21.0,43.0,9.0,33.0,1.15
2024-04-05 05:45:00,446.5,21.0,44.0,4.5,34.0,1.2083333333333333
2024-04-05 06:00:00,448.0,21.0,44.0,3.0,42.0,1.2666666666666666
2024-04-05 06:15:00,454.5,21.0,44.0,1.0,39.5,1.325
2024-04-05 06:30:00,447.0,21.0,44.0,1.0,41.0,1.3833333333333333
2024-04-05 06:45:00,458.0,21.0,44.0,0.0,47.0,1.4416666666666667
2024-04-05 07:00:00,445.5,20.9,44.0,0.0,32.5,1.5
2024-04-05 07:15:00,461.0,21.0,45.0,0.0,10.0,0.6666666666666666
2024-04-05 07:30:00,455.0,22.15,42.5,0.0,4.5,0.2727272727272727
2024-04-05 07:45:00,449.0,23.3,41.0,0.0,5.0,0.3333333333333333
2024-04-05 08:00:00,465.0,24.0,40.0,0.0,3.0,0.375
2024-04-05 08:15:00,466.0,24.0,39.5,0.0,2.0,1.4411764705882353
2024-04-05 08:30:00,460.0,23.8,40.0,0.0,4.0,0.3333333333333333
2024-04-05 08:45:00,451.0,23.8,40.0,0.0,3.0,1.3928571428571428
2024-04-05 09:00:00,470.0,23.5,41.0,0.0,2.5,1.66
2024-04-05 09:15:00,476.0,23.5,41.0,0.0,5.0,1.793103448275862
2024-04-05 09:30:00,470.5,23.4,41.5,0.0,3.0,1.8709677419354838
2024-04-05 09:45:00,480.0,23.3,42.0,0.0,7.0,1.2285714285714286
2024-04-05 10:00:00,460.0,23.3,42.0,0.0,3.0,1.5714285714285714
2024-04-05 10:15:00,489.0,23.3,42.5,0.0,2.5,1.8072289156626506
2024-04-05 10:30:00,465.0,23.3,43.0,0.0,2.0,1.8235294117647058
2024-04-05 10:45:00,485.0,23.3,43.0,0.0,2.5,2.3333333333333335
2024-04-05 11:00:00,495.0,23.5,43.0,0.0,6.0,3.0
2024-04-05 11:15:00,500.0,23.5,44.0,0.0,8.0,2.269230769230769
2024-04-05 11:30:00,480.0,23.65,44.0,0.0,3.0,3.054054054054054
2024-04-05 11:45:00,489.0,23.8,44.0,0.0,8.0,2.24
2024-04-05 12:00:00,492.5,23.8,44.5,0.0,3.0,2.3424657534246576
2024-04-05 12:15:00,513.0,23.8,45.0,0.0,3.0,2.1927710843373496
2024-04-05 12:30:00,488.0,23.8,45.0,0.0,2.0,2.287878787878788
2024-04-05 12:45:00,488.0,23.8,45.0,0.0,2.5,1.6923076923076923
2024-04-05 13:00:00,502.0,23.8,46.0,0.0,1.0,2.2972972972972974
2024-04-05 13:15:00,498.0,23.8,46.0,0.0,2.0,3.519230769230769
2024-04-05 13:30:00,504.0,23.8,46.0,0.0,2.0,3.6601941747572817
2024-04-05 13:45:00,511.0,24.0,46.0,0.0,2.0,1.7413793103448276
2024-04-05 14:00:00,467.5,23.9,46.0,0.0,2.5,1.5285714285714285
2024-04-05 14:15:00,466.0,23.8,47.0,0.0,4.0,1.9523809523809523
2024-04-05 14:30:00,456.0,23.8,47.0,0.0,3.0,1.7246376811594204
2024-04-05 14:45:00,465.0,23.8,48.0,0.0,2.0,2.042105263157895
2024-04-05 15:00:00,455.0,23.8,49.0,0.0,2.0,2.0714285714285716
2024-04-05 15:15:00,459.5,23.8,49.0,0.0,2.5,2.212121212121212
2024-04-05 15:30:00,472.0,23.8,50.0,0.0,4.0,1.6923076923076923
2024-04-05 15:45:00,459.0,23.8,50.0,0.0,1.0,1.375
2024-04-05 16:00:00,460.0,23.8,50.0,0.0,3.5,1.40625
2024-04-05 16:15:00,456.0,23.8,51.0,0.0,2.0,1.5
2024-04-05 16:30:00,472.5,23.8,51.0,0.0,4.0,1.3333333333333333
2024-04-05 16:45:00,459.0,23.8,52.0,0.0,3.0,0.95
2024-04-05 17:00:00,458.0,23.8,52.0,0.0,4.0,0.9285714285714286
2024-04-05 17:15:00,470.0,23.8,52.0,0.0,2.0,1.1111111111111112
2024-04-05 17:30:00,488.0,23.8,52.0,0.0,2.0,1.5
2024-04-05 17:45:00,479.0,23.8,53.0,0.0,2.0,1.5454545454545454
2024-04-05 18:00:00,468.0,23.8,53.0,0.0,2.0,1.7755102040816326
2024-04-05 18:15:00,462.0,23.5,53.0,0.0,3.0,1.8125
2024-04-05 18:30:00,466.0,23.5,53.0,0.0,2.0,0.6363636363636364
2024-04-05 18:45:00,434.0,23.5,53.0,0.0,2.0,0.6
2024-04-05 19:00:00,444.0,23.5,54.0,0.0,3.0,0.9523809523809523
2024-04-05 19:15:00,449.0,23.3,54.5,0.5,2.0,0.9259259259259259
2024-04-05 19:30:00,453.0,23.3,55.0,0.0,3.0,0.375
2024-04-05 19:45:00,448.0,23.5,55.0,0.0,2.0,0.34782608695652173
2024-04-05 20:00:00,450.0,23.5,55.0,0.0,1.0,0.3333333333333333
2024-04-05 20:15:00,436.0,23.5,55.0,0.0,5.0,0.6871345029239766
2024-04-05 20:30:00,438.0,23.4,56.0,0.0,1.5,1.04093567251462
2024-04-05 20:45:00,444.0,23.3,56.0,0.0,2.0,1.394736842105263
2024-04-05 21:00:00,447.5,23.3,56.0,0.0,2.5,1.5227272727272727
2024-04-05 21:15:00,451.0,23.3,56.0,0.0,2.0,1.4883720930232558
2024-04-05 21:30:00,450.0,23.3,56.0,0.0,2.0,1.7611940298507462
2024-04-05 21:45:00,449.5,23.3,55.0,0.0,3.0,0.0
2024-04-05 22:00:00,437.0,23.3,54.0,0.0,1.0,0.34615384615384615
2024-04-05 22:15:00,434.0,23.3,54.0,0.0,3.0,0.6923076923076923
2024-04-05 22:30:00,435.5,23.3,53.0,0.0,2.0,0.7435897435897436
2024-04-05 22:45:00,437.0,23.3,53.0,0.0,2.0,0.7948717948717948
2024-04-05 23:00:00,430.0,23.3,52.0,0.0,1.0,0.8461538461538461
2024-04-05 23:15:00,434.0,23.3,52.0,0.0,2.0,0.8974358974358975
2024-04-05 23:30:00,424.0,23.3,52.0,0.0,1.0,0.9487179487179487
2024-04-05 23:45:00,442.5,23.0,52.0,0.0,1.0,1.0
2024-04-06 00:00:00,449.0,23.0,52.0,0.0,1.0,0.0
2024-04-06 00:15:00,427.0,23.0,52.0,0.0,4.0,0.037037037037037035
2024-04-06 00:30:00,429.0,22.8,53.0,0.0,4.0,0.07407407407407407
2024-04-06 00:45:00,432.0,22.8,53.0,0.0,2.0,0.1111111111111111
2024-04-06 01:00:00,431.0,22.8,53.0,0.0,1.5,0.14814814814814814
2024-04-06 01:15:00,443.0,22.8,53.0,0.0,5.0,0.18518518518518517
2024-04-06 01:30:00,439.5,22.5,53.0,0.0,2.0,0.2222222222222222
2024-04-06 01:45:00,436.0,22.5,53.0,0.0,1.0,0.25925925925925924
2024-04-06 02:00:00,437.0,22.5,53.0,0.0,3.0,0.2962962962962963
2024-04-06 02:15:00,434.5,22.5,54.0,0.0,2.0,0.3333333333333333
2024-04-06 02:30:00,437.0,22.5,53.0,0.0,5.0,0.3333333333333333
2024-04-06 02:45:00,440.0,22.5,53.0,0.0,3.0,0.3333333333333333
2024-04-06 03:00:00,432.0,22.5,53.0,0.0,2.5,0.3333333333333333
2024-04-06 03:15:00,437.0,22.5,53.0,0.0,2.0,0.3333333333333333
2024-04-06 03:30:00,434.0,22.5,53.0,0.0,4.0,0.3333333333333333
2024-04-06 03:45:00,432.0,22.5,53.0,0.0,2.0,0.3333333333333333
2024-04-06 04:00:00,433.0,22.3,53.0,0.0,4.0,0.3333333333333333
2024-04-06 04:15:00,433.0,22.3,53.0,0.0,3.0,0.3333333333333333
2024-04-06 04:30:00,438.0,22.3,53.0,0.0,3.0,0.3333333333333333
2024-04-06 04:45:00,435.5,22.3,53.0,0.0,2.0,0.3333333333333333
2024-04-06 05:00:00,443.0,22.3,53.0,0.0,2.0,0.3333333333333333
2024-04-06 05:15:00,446.0,22.3,53.0,0.0,2.0,0.3333333333333333
2024-04-06 05:30:00,433.0,22.0,53.0,0.0,3.0,0.3333333333333333
2024-04-06 05:45:00,425.0,22.0,53.0,0.0,1.0,0.3333333333333333
2024-04-06 06:00:00,428.0,22.0,54.0,0.0,2.0,0.3333333333333333
2024-04-06 06:15:00,430.0,22.0,54.0,0.0,2.5,0.3333333333333333
2024-04-06 06:30:00,430.0,22.0,54.0,0.0,1.0,0.3333333333333333
2024-04-06 06:45:00,437.0,22.0,54.0,0.0,3.5,0.3333333333333333
2024-04-06 07:00:00,433.0,22.0,54.0,0.0,3.0,0.3333333333333333
2024-04-06 07:15:00,454.0,22.0,53.0,0.0,2.0,0.3333333333333333
2024-04-06 07:30:00,438.0,22.4,52.5,0.0,1.0,0.3333333333333333
2024-04-06 07:45:00,453.0,22.8,52.0,0.0,2.0,0.3333333333333333
2024-04-06 08:00:00,430.0,22.8,52.5,0.0,0.5,0.3333333333333333
2024-04-06 08:15:00,434.0,23.0,53.0,0.0,2.0,0.3333333333333333
2024-04-06 08:30:00,443.0,23.0,53.0,0.0,6.0,0.3333333333333333
2024-04-06 08:45:00,433.0,23.0,54.0,0.0,2.5,0.3333333333333333
2024-04-06 09:00:00,437.0,23.0,54.0,0.0,4.0,0.3333333333333333
2024-04-06 09:15:00,434.0,23.0,54.0,0.0,1.0,0.3333333333333333
2024-04-06 09:30:00,427.0,23.0,54.0,0.0,1.0,0.3333333333333333
2024-04-06 09:45:00,426.0,23.0,54.0,0.0,0.0,0.3333333333333333
2024-04-06 10:00:00,438.0,23.3,54.0,0.0,0.5,0.9583333333333334
2024-04-06 10:15:00,437.0,23.3,54.0,0.0,1.0,0.9375
2024-04-06 10:30:00,460.0,23.3,55.0,0.0,4.0,0.4
2024-04-06 10:45:00,447.5,23.3,55.0,0.0,2.0,0.3333333333333333
2024-04-06 11:00:00,448.0,23.3,55.0,0.0,1.0,1.411764705882353
2024-04-06 11:15:00,448.0,23.4,56.0,0.0,1.0,0.6666666666666666
2024-04-06 11:30:00,459.0,23.5,56.0,0.0,2.0,0.0
2024-04-06 11:45:00,457.0,23.5,56.0,0.0,1.0,1.0
2024-04-06 12:00:00,462.5,23.65,56.0,0.0,1.0,1.3478260869565217
2024-04-06 12:15:00,454.0,23.8,56.0,0.0,4.0,1.2
2024-04-06 12:30:00,451.5,23.8,55.0,0.0,3.5,1.1
2024-04-06 12:45:00,454.0,23.8,54.0,0.0,1.0,1.0
2024-04-06 13:00:00,444.0,23.8,54.0,0.0,1.0,0.8125
2024-04-06 13:15:00,461.5,23.9,54.0,0.0,4.0,0.8636363636363636
2024-04-06 13:30:00,456.0,24.0,52.0,0.0,2.0,0.4666666666666667
2024-04-06 13:45:00,446.0,24.3,49.5,20.0,1.5,0.4222222222222222
2024-04-06 14:00:00,433.0,24.5,47.0,0.0,1.0,0.37777777777777777
2024-04-06 14:15:00,429.0,24.5,46.0,0.0,2.0,0.3333333333333333
2024-04-06 14:30:00,426.5,24.5,46.0,0.0,1.5,0.375
2024-04-06 14:45:00,436.0,24.3,46.0,0.0,1.0,1.1111111111111112
2024-04-06 15:00:00,442.0,24.3,47.0,0.0,3.0,0.6153846153846154
2024-04-06 15:15:00,432.5,24.3,47.5,0.0,3.0,0.3333333333333333
2024-04-06 15:30:00,441.0,24.3,49.0,0.0,1.0,0.3333333333333333
2024-04-06 15:45:00,437.0,24.0,50.5,0.0,3.0,1.1388888888888888
2024-04-06 16:00:00,442.0,24.0,51.0,0.0,5.0,0.2
2024-04-06 16:15:00,427.0,24.0,52.0,0.0,3.0,0.2962962962962963
2024-04-06 16:30:00,423.0,23.9,53.0,0.0,3.0,0.3925925925925926
2024-04-06 16:45:00,426.0,23.8,54.0,0.0,3.0,0.4888888888888889
2024-04-06 17:00:00,434.5,23.8,54.5,0.0,2.5,0.5851851851851851
2024-04-06 17:15:00,449.0,23.8,55.0,0.0,3.0,0.6814814814814815
2024-04-06 17:30:00,440.0,24.0,56.0,0.0,2.0,0.7777777777777778
2024-04-06 17:45:00,434.0,24.0,56.0,0.0,2.0,0.8935185185185185
2024-04-06 18:00:00,436.0,24.0,56.0,0.0,2.0,1.0092592592592593
2024-04-06 18:15:00,434.5,24.0,56.0,0.0,3.5,1.125
2024-04-06 18:30:00,436.0,24.0,56.0,0.0,3.0,0.8611111111111112
2024-04-06 18:45:00,435.0,24.0,56.0,0.0,3.0,0.5972222222222222
2024-04-06 19:00:00,440.0,23.9,56.0,0.0,3.5,0.3333333333333333
2024-04-06 19:15:00,436.0,23.8,56.0,0.0,5.0,0.3333333333333333
2024-04-06 19:30:00,436.0,23.8,57.0,0.0,2.0,0.3333333333333333
2024-04-06 19:45:00,432.5,23.8,57.0,0.0,2.0,0.3333333333333333
2024-04-06 20:00:00,435.0,23.8,57.0,0.0,3.0,0.3333333333333333
2024-04-06 20:15:00,437.0,23.65,57.0,0.0,2.0,0.3333333333333333
2024-04-06 20:30:00,436.0,23.5,58.0,0.0,5.0,0.3333333333333333
2024-04-06 20:45:00,422.0,23.5,58.0,0.0,3.0,0.3666666666666667
2024-04-06 21:00:00,434.5,23.5,58.0,0.0,4.0,0.4
2024-04-06 21:15:00,421.0,23.5,58.0,0.0,2.0,0.3888888888888889
2024-04-06 21:30:00,428.5,23.5,58.0,0.0,1.5,0.37777777777777777
2024-04-06 21:45:00,432.0,23.5,58.0,0.0,1.0,0.3666666666666667
2024-04-06 22:00:00,438.0,23.5,58.0,0.0,5.0,0.35555555555555557
2024-04-06 22:15:00,431.5,23.5,59.0,0.0,3.5,0.34444444444444444
2024-04-06 22:30:00,427.0,23.5,59.0,0.0,2.0,0.3333333333333333
2024-04-06 22:45:00,437.5,23.5,59.0,0.0,2.5,0.41666666666666663
2024-04-06 23:00:00,429.0,23.5,59.0,0.0,2.0,0.5
2024-04-06 23:15:00,437.0,23.5,59.0,0.0,2.0,0.0
2024-04-06 23:30:00,442.0,23.3,58.0,0.0,6.0,0.08333333333333333
2024-04-06 23:45:00,441.0,23.3,58.0,0.0,8.0,0.16666666666666666
2024-04-07 00:00:00,438.0,23.3,58.0,0.0,9.0,0.25
2024-04-07 00:15:00,445.5,23.3,57.0,0.0,7.0,0.3333333333333333
2024-04-07 00:30:00,427.0,23.3,57.0,0.0,13.0,0.36507936507936506
2024-04-07 00:45:00,431.0,23.3,57.0,0.0,11.0,0.3968253968253968
2024-04-07 01:00:00,445.0,23.3,57.0,0.0,7.0,0.42857142857142855
2024-04-07 01:15:00,442.0,23.0,58.0,0.0,8.0,0.46031746031746035
2024-04-07 01:30:00,444.0,23.0,58.0,0.0,12.5,0.4920634920634921
2024-04-07 01:45:00,451.0,23.0,58.0,0.0,11.0,0.5238095238095238
2024-04-07 02:00:00,435.3333333333333,22.866666666666664,58.333333333333336,0.0,9.333333333333334,0.5555555555555556
2024-04-07 02:15:00,432.5,22.8,58.5,0.0,8.5,0.5873015873015873
2024-04-07 02:30:00,443.6666666666667,22.7,58.666666666666664,0.0,10.0,0.6190476190476191
2024-04-07 02:45:00,442.0,22.7,58.333333333333336,0.0,12.666666666666666,0.6507936507936508
2024-04-07 03:00:00,433.5,22.5,59.0,0.0,9.0,0.6825396825396826
2024-04-07 03:15:00,443.0,22.5,59.0,0.0,9.0,0.7142857142857143
2024-04-07 03:30:00,437.0,22.5,60.0,0.0,10.0,0.746031746031746
2024-04-07 03:45:00,435.5,22.5,60.0,0.0,9.5,0.7777777777777778
2024-04-07 04:00:00,423.0,22.5,60.0,0.0,15.0,0.8095238095238095
2024-04-07 04:15:00,447.0,22.5,60.0,0.0,14.5,0.8412698412698414
2024-04-07 04:30:00,441.0,22.5,60.0,0.0,11.0,0.873015873015873
2024-04-07 04:45:00,446.0,22.3,60.0,0.0,12.0,0.9047619047619049
2024-04-07 05:00:00,449.0,22.3,60.0,0.0,11.5,0.9365079365079365
2024-04-07 05:15:00,441.0,22.3,60.0,0.0,8.0,0.9682539682539684
2024-04-07 05:30:00,438.0,22.3,60.5,0.0,9.0,1.0
2024-04-07 05:45:00,434.0,22.3,61.0,0.0,12.0,0.0
2024-04-07 06:00:00,442.0,22.3,61.0,0.0,14.0,0.3333333333333333
2024-04-07 06:15:00,438.0,22.4,61.0,0.0,10.0,0.6666666666666666
2024-04-07 06:30:00,442.0,22.5,61.0,0.0,12.0,1.0
2024-04-07 06:45:00,439.0,22.3,61.0,0.0,10.0,0.0
2024-04-07 07:00:00,442.0,22.5,61.0,0.0,8.0,0.0303030303030303
2024-04-07 07:15:00,439.0,22.5,62.0,0.0,7.0,0.0606060606060606
2024-04-07 07:30:00,432.0,22.65,63.0,0.0,3.0,0.0909090909090909
2024-04-07 07:45:00,438.0,23.0,63.0,0.0,1.0,0.1212121212121212
2024-04-07 08:00:00,431.0,23.0,63.0,0.0,4.0,0.1515151515151515
2024-04-07 08:15:00,433.0,23.0,63.0,0.0,3.5,0.1818181818181818
2024-04-07 08:30:00,436.0,23.0,63.0,0.0,4.0,0.2121212121212121
2024-04-07 08:45:00,434.0,23.0,63.5,0.0,2.5,0.2424242424242424
2024-04-07 09:00:00,436.0,23.0,64.0,0.0,1.0,0.2727272727272727
2024-04-07 09:15:00,432.0,23.0,64.0,0.0,1.0,0.303030303030303
2024-04-07 09:30:00,426.5,23.0,64.0,0.0,2.0,0.3333333333333333
2024-04-07 09:45:00,422.0,23.0,64.0,0.0,1.0,0.3333333333333333
2024-04-07 10:00:00,433.0,23.3,64.0,0.0,3.0,0.3333333333333333
2024-04-07 10:15:00,430.0,23.5,64.0,0.0,2.0,0.3333333333333333
2024-04-07 10:30:00,429.0,23.5,64.0,0.0,4.0,0.3333333333333333
2024-04-07 10:45:00,438.0,23.65,62.5,0.0,2.5,0.5666666666666667
2024-04-07 11:00:00,449.0,23.8,62.0,0.0,2.0,0.8
2024-04-07 11:15:00,433.0,23.8,62.0,0.0,2.0,0.3333333333333333
2024-04-07 11:30:00,440.0,23.8,62.0,0.0,1.5,0.6666666666666667
2024-04-07 11:45:00,431.0,23.8,63.0,0.0,3.0,1.0
2024-04-07 12:00:00,437.0,23.8,62.5,0.0,3.0,1.5
2024-04-07 12:15:00,438.0,23.8,62.0,0.0,1.0,1.5
2024-04-07 12:30:00,458.0,23.8,62.0,0.0,1.0,1.5
2024-04-07 12:45:00,441.0,24.0,61.0,0.0,2.0,1.646153846153846
2024-04-07 13:00:00,444.0,24.0,60.0,0.0,1.0,1.0
2024-04-07 13:15:00,428.0,24.0,59.5,0.0,2.0,0.3333333333333333
2024-04-07 13:30:00,435.0,24.0,59.0,0.0,0.0,0.3333333333333333
2024-04-07 13:45:00,445.0,24.0,58.0,0.0,1.0,0.3333333333333333
2024-04-07 14:00:00,423.0,24.0,58.0,0.0,3.5,0.4444444444444444
2024-04-07 14:15:00,437.0,24.0,58.0,0.0,1.0,0.5555555555555556
2024-04-07 14:30:00,425.5,24.0,58.0,0.0,2.5,0.6666666666666666
2024-04-07 14:45:00,436.0,24.0,58.0,0.0,3.0,0.25
2024-04-07 15:00:00,429.0,24.0,58.0,0.0,2.0,0.3333333333333333
2024-04-07 15:15:00,420.5,23.8,58.0,0.0,1.0,0.3333333333333333
2024-04-07 15:30:00,427.0,23.8,58.0,0.0,0.0,1.2941176470588236
2024-04-07 15:45:00,424.0,23.8,58.0,0.0,1.0,0.3333333333333333
2024-04-07 16:00:00,446.5,23.8,57.0,0.0,0.5,0.625
2024-04-07 16:15:00,437.0,23.8,56.0,0.0,2.0,0.6541666666666667
2024-04-07 16:30:00,429.5,23.8,56.0,0.0,1.0,0.6833333333333333
2024-04-07 16:45:00,428.0,23.5,55.0,0.0,2.0,0.7125
2024-04-07 17:00:00,425.0,23.5,55.0,0.0,2.0,0.7416666666666667
2024-04-07 17:15:00,431.0,23.3,55.0,0.0,1.5,0.7708333333333334
2024-04-07 17:30:00,417.0,23.3,55.0,0.0,4.0,0.8
2024-04-07 17:45:00,438.0,23.3,55.5,0.0,2.0,1.3888888888888888
2024-04-07 18:00:00,434.0,23.0,57.0,0.0,1.0,2.01980198019802
2024-04-07 18:15:00,448.0,23.3,57.0,0.0,1.0,1.9417191719171916
2024-04-07 18:30:00,447.0,23.65,57.0,0.0,3.5,1.8636363636363635
2024-04-07 18:45:00,433.0,23.8,57.0,0.0,1.0,1.1428571428571428
2024-04-07 19:00:00,458.0,23.8,57.0,0.0,1.0,0.4
2024-04-07 19:15:00,449.5,23.8,57.5,0.0,1.5,0.6363636363636364
2024-04-07 19:30:00,443.0,23.8,58.0,0.0,2.0,1.4
2024-04-07 19:45:00,435.0,23.5,58.0,0.0,2.5,0.0
2024-04-07 20:00:00,453.0,23.5,58.0,0.0,2.0,0.5
2024-04-07 20:15:00,448.0,23.5,58.0,0.0,1.0,0.7272727272727273
2024-04-07 20:30:00,449.0,23.5,58.0,0.0,3.0,0.5303030303030303
2024-04-07 20:45:00,436.0,23.5,58.0,0.0,1.0,0.3333333333333333
2024-04-07 21:00:00,439.5,23.5,58.5,0.0,1.0,0.3888888888888889
2024-04-07 21:15:00,450.0,23.5,59.0,0.0,3.0,0.4444444444444444
2024-04-07 21:30:00,437.0,23.3,60.0,0.0,1.0,0.5
2024-04-07 21:45:00,442.5,23.3,60.0,0.0,2.5,0.5555555555555556
2024-04-07 22:00:00,424.0,23.3,60.0,0.0,4.0,0.6111111111111112
2024-04-07 22:15:00,427.5,23.3,60.0,0.0,2.5,0.6666666666666667
2024-04-07 22:30:00,429.0,23.3,60.0,0.0,1.0,0.7222222222222223
2024-04-07 22:45:00,445.0,23.3,60.0,0.0,2.0,0.7777777777777778
2024-04-07 23:00:00,436.5,23.3,60.5,0.0,2.0,0.8333333333333333
2024-04-07 23:15:00,438.0,23.5,60.0,0.0,1.0,0.8888888888888888
2024-04-07 23:30:00,427.0,23.5,60.0,0.0,2.0,0.9444444444444444
2024-04-07 23:45:00,447.0,23.5,60.0,0.0,1.5,1.0
2024-04-08 00:00:00,456.0,23.5,59.0,0.0,1.0,0.0
2024-04-08 00:15:00,447.0,23.5,59.0,0.0,1.0,0.1111111111111111
2024-04-08 00:30:00,445.0,23.5,59.0,0.0,1.0,0.2222222222222222
2024-04-08 00:45:00,450.0,23.3,59.0,0.0,3.0,0.3333333333333333
2024-04-08 01:00:00,447.5,23.3,59.0,0.0,1.5,0.3939393939393939
2024-04-08 01:15:00,442.0,23.3,59.0,0.0,3.0,0.45454545454545453
2024-04-08 01:30:00,438.0,23.0,59.0,0.0,1.0,0.5151515151515151
2024-04-08 01:45:00,451.0,23.0,59.0,0.0,2.0,0.5757575757575758
2024-04-08 02:00:00,434.0,22.8,59.0,0.0,3.0,0.6363636363636364
2024-04-08 02:15:00,445.0,22.8,60.0,0.0,4.0,0.696969696969697
2024-04-08 02:30:00,433.0,22.5,60.0,0.0,2.0,0.7575757575757576
2024-04-08 02:45:00,431.5,22.5,59.0,0.0,1.5,0.8181818181818182
2024-04-08 03:00:00,445.0,22.5,59.0,3.0,2.0,0.8787878787878789
2024-04-08 03:15:00,430.0,22.3,59.0,1.0,1.0,0.9393939393939394
2024-04-08 03:30:00,431.5,22.3,59.0,1.0,2.0,1.0
2024-04-08 03:45:00,440.0,22.3,59.0,9.0,3.0,0.0
2024-04-08 04:00:00,434.0,22.3,59.0,9.0,2.0,0.08333333333333333
2024-04-08 04:15:00,439.0,22.15,58.5,5.0,3.5,0.16666666666666666
2024-04-08 04:30:00,450.0,22.0,58.0,6.0,1.0,0.25
2024-04-08 04:45:00,437.0,22.0,58.0,4.5,3.0,0.3333333333333333
2024-04-08 05:00:00,448.0,22.0,58.0,3.0,2.0,0.3333333333333333
2024-04-08 05:15:00,436.0,22.0,58.0,6.0,3.0,0.3333333333333333
2024-04-08 05:30:00,438.5,22.0,58.0,3.0,2.5,0.3333333333333333
2024-04-08 05:45:00,438.0,22.0,58.0,3.0,2.0,0.3333333333333333
2024-04-08 06:00:00,440.5,22.0,57.5,4.5,1.5,0.3333333333333333
2024-04-08 06:15:00,435.0,21.8,57.0,2.0,2.0,0.3333333333333333
2024-04-08 06:30:00,443.0,21.8,57.0,3.0,2.0,0.3333333333333333
2024-04-08 06:45:00,430.5,21.8,57.0,1.0,1.5,0.3333333333333333
2024-04-08 07:00:00,432.0,21.8,57.0,0.0,3.0,0.3333333333333333
2024-04-08 07:15:00,442.5,22.05,55.5,0.0,1.0,0.3333333333333333
2024-04-08 07:30:00,452.0,22.8,53.0,0.0,2.0,0.3333333333333333
2024-04-08 07:45:00,458.0,23.3,52.0,0.0,2.0,0.3333333333333333
2024-04-08 08:00:00,462.0,23.65,50.5,0.0,1.5,0.9565217391304348
2024-04-08 08:15:00,447.0,23.8,50.0,0.0,4.0,2.3142857142857145
2024-04-08 08:30:00,450.0,23.5,50.0,0.0,2.0,0.45454545454545453
2024-04-08 08:45:00,488.5,23.4,50.5,0.0,2.5,1.7272727272727273
2024-04-08 09:00:00,468.0,23.5,50.0,0.0,1.0,1.6296296296296295
2024-04-08 09:15:00,484.5,23.4,50.0,0.0,1.0,1.5263157894736843
2024-04-08 09:30:00,480.0,23.3,50.0,0.0,1.0,1.8333333333333333
2024-04-08 09:45:00,475.0,23.3,50.0,0.0,4.0,1.606060606060606
2024-04-08 10:00:00,499.0,23.5,49.5,0.0,1.0,1.3870967741935485
2024-04-08 10:15:00,493.0,23.5,49.0,0.0,6.0,0.5555555555555556
2024-04-08 10:30:00,498.5,23.5,48.0,0.0,3.0,1.5733333333333333
2024-04-08 10:45:00,498.0,23.5,47.0,0.0,1.0,1.5294117647058822
2024-04-08 11:00:00,501.0,23.8,47.0,0.0,2.0,2.411764705882353
2024-04-08 11:15:00,504.0,23.8,47.0,0.0,3.0,2.4444444444444446
2024-04-08 11:30:00,512.0,23.8,46.0,0.0,3.0,2.2913385826771653
2024-04-08 11:45:00,514.0,23.8,46.0,0.0,2.5,2.3523809523809525
2024-04-08 12:00:00,525.0,23.8,46.0,0.0,1.0,2.5364238410596025
2024-04-08 12:15:00,537.0,23.8,45.0,0.0,3.0,2.7222222222222223
2024-04-08 12:30:00,523.0,23.8,45.0,0.0,2.0,3.2983870967741935
2024-04-08 12:45:00,533.0,23.8,45.0,0.0,1.0,3.2781954887218046
2024-04-08 13:00:00,533.0,23.8,45.0,0.0,1.0,2.4803149606299213
2024-04-08 13:15:00,578.0,23.9,44.0,15.0,1.5,3.051282051282051
2024-04-08 13:30:00,549.0,24.0,43.0,0.0,2.0,3.423611111111111
2024-04-08 13:45:00,535.0,24.0,43.0,0.0,1.5,3.6704545454545454
2024-04-08 14:00:00,540.0,24.0,42.0,0.0,2.0,2.3732394366197185
2024-04-08 14:15:00,527.0,24.0,42.0,0.0,1.0,2.520231213872832
2024-04-08 14:30:00,525.0,24.0,42.5,17.5,2.0,3.5697674418604652
2024-04-08 14:45:00,542.0,24.0,43.0,16.0,9.0,3.2824858757062145
2024-04-08 15:00:00,540.5,24.0,44.5,0.0,3.0,3.324324324324324
2024-04-08 15:15:00,545.0,24.0,46.0,0.0,3.0,3.75
2024-04-08 15:30:00,571.0,24.0,47.0,74.0,7.0,4.8062015503875966
2024-04-08 15:45:00,582.5,24.0,47.5,22.0,2.5,5.682926829268292
2024-04-08 16:00:00,587.0,24.0,48.0,29.0,2.0,4.442786069651741
2024-04-08 16:15:00,574.0,24.0,48.0,82.0,1.0,3.167539267015707
2024-04-08 16:30:00,562.5,23.8,48.5,59.5,1.5,1.9315068493150684
2024-04-08 16:45:00,553.0,23.8,51.0,52.0,1.0,1.5384615384615385
2024-04-08 17:00:00,571.0,23.8,52.0,71.0,2.5,2.1377245508982035
2024-04-08 17:15:00,601.0,23.8,52.0,74.0,2.0,1.8625954198473282
2024-04-08 17:30:00,570.0,23.8,52.0,37.0,4.0,2.671641791044776
2024-04-08 17:45:00,602.0,24.0,53.0,53.5,1.0,2.8579881656804735
2024-04-08 18:00:00,583.0,24.0,53.0,108.0,2.0,0.38461538461538464
2024-04-08 18:15:00,528.5,23.8,54.0,34.5,3.5,0.4
2024-04-08 18:30:00,476.0,23.8,54.0,9.0,1.0,0.375
2024-04-08 18:45:00,490.0,23.5,54.0,1.0,2.0,1.9696969696969697
2024-04-08 19:00:00,485.5,23.5,54.0,0.0,2.0,0.5789473684210527
2024-04-08 19:15:00,492.0,23.5,55.0,1.0,2.0,0.35714285714285715
2024-04-08 19:30:00,492.0,23.5,54.5,6.0,1.0,0.3333333333333333
2024-04-08 19:45:00,471.0,23.5,54.0,0.0,2.0,1.5
2024-04-08 20:00:00,468.0,23.5,53.0,0.0,1.0,1.7333333333333334
2024-04-08 20:15:00,472.0,23.5,53.0,42.0,5.5,0.6111111111111112
2024-04-08 20:30:00,479.0,23.5,53.0,45.0,4.0,1.9680851063829787
2024-04-08 20:45:00,488.0,23.8,53.0,16.0,4.0,1.25
2024-04-08 21:00:00,478.5,23.65,52.5,0.5,1.0,0.5263157894736842
2024-04-08 21:15:00,460.0,23.5,52.0,0.0,2.0,0.375
2024-04-08 21:30:00,456.5,23.5,51.5,0.0,1.0,1.121212121212121
2024-04-08 21:45:00,468.0,23.5,51.0,0.0,2.0,0.5
2024-04-08 22:00:00,467.0,23.5,50.0,0.0,3.0,0.9130434782608695
2024-04-08 22:15:00,457.0,23.8,49.5,0.0,3.5,0.625
2024-04-08 22:30:00,453.0,23.8,49.0,0.0,2.0,0.7642045454545454
2024-04-08 22:45:00,446.0,23.8,48.5,0.0,4.5,0.9034090909090909
2024-04-08 23:00:00,446.0,23.8,49.0,0.0,3.0,1.0426136363636365
2024-04-08 23:15:00,441.0,23.8,48.0,0.0,2.0,1.1818181818181819
2024-04-08 23:30:00,466.5,23.65,48.5,0.5,3.5,0.898989898989899
2024-04-08 23:45:00,455.0,23.5,49.0,0.0,4.0,0.6161616161616161
2024-04-09 00:00:00,457.0,23.3,48.5,0.0,4.5,0.3333333333333333
2024-04-09 00:15:00,456.0,23.0,49.0,45.0,4.0,0.4
2024-04-09 00:30:00,454.0,23.0,49.0,14.0,2.0,0.0
2024-04-09 00:45:00,451.0,22.8,50.0,4.5,3.5,0.01515151515151515
2024-04-09 01:00:00,466.0,22.8,50.0,6.0,5.0,0.0303030303030303
2024-04-09 01:15:00,444.0,22.5,50.0,6.0,3.0,0.04545454545454545
2024-04-09 01:30:00,461.5,22.5,51.0,3.0,4.0,0.0606060606060606
2024-04-09 01:45:00,460.0,22.3,51.0,3.0,8.0,0.07575757575757575
2024-04-09 02:00:00,450.5,22.3,51.0,1.0,2.0,0.0909090909090909
2024-04-09 02:15:00,459.0,22.3,51.0,1.0,2.0,0.10606060606060605
2024-04-09 02:30:00,441.0,22.0,51.0,1.0,6.0,0.1212121212121212
2024-04-09 02:45:00,438.5,22.0,51.0,0.5,2.0,0.13636363636363635
2024-04-09 03:00:00,441.0,21.8,51.0,0.0,3.0,0.1515151515151515
2024-04-09 03:15:00,435.0,21.65,51.0,1.0,3.0,0.16666666666666666
2024-04-09 03:30:00,455.0,21.5,51.0,0.0,1.0,0.1818181818181818
2024-04-09 03:45:00,444.0,21.3,51.0,0.0,4.0,0.19696969696969696
2024-04-09 04:00:00,431.0,21.3,51.0,0.0,4.5,0.2121212121212121
2024-04-09 04:15:00,446.0,21.3,51.0,0.0,3.0,0.22727272727272727
2024-04-09 04:30:00,434.0,21.15,51.0,0.0,2.5,0.2424242424242424
2024-04-09 04:45:00,446.0,21.0,51.0,34.0,5.0,0.25757575757575757
2024-04-09 05:00:00,430.0,21.0,51.0,45.0,4.0,0.2727272727272727
2024-04-09 05:15:00,434.0,21.0,51.0,42.0,3.0,0.28787878787878785
2024-04-09 05:30:00,438.0,21.0,51.0,34.0,3.0,0.303030303030303
2024-04-09 05:45:00,435.0,21.0,51.0,27.0,3.0,0.3181818181818182
2024-04-09 06:00:00,438.0,20.8,51.0,18.5,5.0,0.3333333333333333
2024-04-09 06:15:00,434.0,20.8,51.0,14.0,1.0,0.3333333333333333
2024-04-09 06:30:00,522.0,20.8,51.0,30.5,2.0,0.3333333333333333
2024-04-09 06:45:00,520.0,20.8,51.0,14.0,2.0,0.3333333333333333
2024-04-09 07:00:00,486.0,20.8,50.0,11.0,2.0,0.3333333333333333
2024-04-09 07:15:00,467.5,21.15,49.0,0.0,1.5,0.3333333333333333
2024-04-09 07:30:00,441.0,22.3,46.0,0.0,1.0,0.3333333333333333
2024-04-09 07:45:00,446.5,23.25,44.5,0.0,2.0,0.9411764705882353
2024-04-09 08:00:00,456.0,24.3,43.0,0.0,2.0,1.2105263157894737
2024-04-09 08:15:00,452.0,24.8,42.0,0.0,2.0,1.766990291262136
2024-04-09 08:30:00,451.0,24.8,42.0,0.0,2.5,1.5166666666666666
2024-04-09 08:45:00,447.0,24.8,42.0,0.0,1.0,1.9696969696969697
2024-04-09 09:00:00,449.0,24.5,42.0,0.0,2.0,2.3883495145631066
2024-04-09 09:15:00,462.0,24.4,43.0,0.0,2.5,1.7666666666666666
2024-04-09 09:30:00,474.0,24.3,43.0,0.0,5.0,2.16
2024-04-09 09:45:00,483.0,24.3,42.0,0.0,1.0,1.4242424242424243
2024-04-09 10:00:00,487.0,24.3,41.0,0.0,3.0,1.65
2024-04-09 10:15:00,501.0,24.3,40.0,95.0,2.0,1.9875
2024-04-09 10:30:00,492.0,24.0,41.5,39.0,2.5,1.7692307692307692
2024-04-09 10:45:00,509.0,24.0,43.0,1.0,1.0,2.776470588235294
2024-04-09 11:00:00,526.0,24.0,42.5,0.0,1.0,2.4715447154471546
2024-04-09 11:15:00,520.0,24.0,43.0,0.0,3.0,3.0215827338129495
2024-04-09 11:30:00,516.0,23.8,42.0,0.0,2.0,2.8351648351648353
2024-04-09 11:45:00,525.5,23.8,40.5,0.0,1.0,1.89010989010989
2024-04-09 12:00:00,517.0,23.8,40.0,0.0,1.0,2.425925925925926
2024-04-09 12:15:00,524.0,23.8,41.0,0.0,2.0,1.5925925925925926
2024-04-09 12:30:00,532.0,23.8,41.0,0.0,2.0,1.9456521739130435
2024-04-09 12:45:00,545.0,23.8,41.0,0.0,1.0,1.9857142857142858
2024-04-09 13:00:00,561.5,23.8,40.5,8.0,2.0,1.8066666666666666
2024-04-09 13:15:00,583.0,23.8,40.0,3.0,3.0,2.4017094017094016
2024-04-09 13:30:00,573.0,23.8,40.0,0.0,2.0,1.8571428571428572
2024-04-09 13:45:00,584.5,23.8,40.5,0.0,4.0,1.3928571428571428
2024-04-09 14:00:00,572.0,23.8,40.0,0.0,4.0,1.75
2024-04-09 14:15:00,584.0,23.8,40.0,0.0,4.0,1.9682539682539681
2024-04-09 14:30:00,592.0,23.8,39.0,0.0,3.0,3.015957446808511
2024-04-09 14:45:00,594.0,23.8,39.0,0.0,4.0,5.2
2024-04-09 15:00:00,568.5,23.8,39.0,0.0,1.5,2.4705882352941178
2024-04-09 15:15:00,542.0,23.8,39.0,0.0,5.0,2.6194690265486726
2024-04-09 15:30:00,539.5,23.65,39.0,0.0,1.0,2.664516129032258
2024-04-09 15:45:00,545.0,23.5,38.0,0.0,1.0,2.520231213872832
2024-04-09 16:00:00,529.0,23.5,38.0,0.0,1.0,2.3076923076923075
2024-04-09 16:15:00,541.0,23.5,38.5,0.0,2.5,2.410958904109589
2024-04-09 16:30:00,534.0,23.3,38.0,0.0,3.0,2.1122448979591835
2024-04-09 16:45:00,526.5,23.3,38.0,0.0,4.0,2.452830188679245
2024-04-09 17:00:00,538.0,23.3,38.0,0.0,2.0,2.622516556291391
2024-04-09 17:15:00,539.0,23.3,37.0,0.0,2.0,1.90625
2024-04-09 17:30:00,534.0,23.3,37.0,0.0,2.5,2.2911392405063293
2024-04-09 17:45:00,513.0,23.3,37.0,0.0,2.0,2.8883720930232557
2024-04-09 18:00:00,520.0,23.3,37.0,0.0,5.0,2.563025210084034
2024-04-09 18:15:00,543.0,23.3,38.0,0.0,1.0,2.488372093023256
2024-04-09 18:30:00,552.0,23.5,40.0,0.0,2.0,2.7483870967741937
2024-04-09 18:45:00,561.5,23.5,40.5,0.0,2.5,2.3314285714285714
2024-04-09 19:00:00,571.0,23.5,41.0,0.0,2.0,2.3140495867768593
2024-04-09 19:15:00,554.0,23.5,42.0,0.0,3.0,1.553191489361702
2024-04-09 19:30:00,537.5,23.5,41.0,0.0,3.5,1.4385964912280702
2024-04-09 19:45:00,535.0,23.5,41.0,0.0,2.0,1.8
2024-04-09 20:00:00,520.5,23.5,40.5,0.0,2.5,2.8596491228070176
2024-04-09 20:15:00,484.0,23.5,43.0,0.0,4.0,2.857142857142857
2024-04-09 20:30:00,484.0,23.8,45.0,0.0,3.0,1.9207920792079207
2024-04-09 20:45:00,488.5,23.8,45.0,40.5,3.0,1.0
2024-04-09 21:00:00,473.0,23.8,45.0,0.0,2.0,1.0526315789473684
2024-04-09 21:15:00,480.5,23.8,45.5,0.0,2.0,0.45
2024-04-09 21:30:00,463.0,23.8,46.0,0.0,1.0,1.0
2024-04-09 21:45:00,466.0,23.8,45.0,0.0,3.0,0.0
2024-04-09 22:00:00,464.5,23.8,45.0,0.0,2.0,0.5
2024-04-09 22:15:00,452.0,23.8,45.0,0.0,3.0,1.0
2024-04-09 22:30:00,475.0,23.8,45.0,0.0,3.0,0.35714285714285715
2024-04-09 22:45:00,473.0,23.8,45.0,0.0,3.5,0.7220496894409938
2024-04-09 23:00:00,461.0,23.8,45.0,0.0,4.0,1.0869565217391304
2024-04-09 23:15:00,472.0,23.8,45.0,0.0,6.5,0.9927536231884058
2024-04-09 23:30:00,483.0,23.8,45.0,3.0,8.0,0.8985507246376812
2024-04-09 23:45:00,491.0,23.5,45.0,1.0,11.0,0.8043478260869564
2024-04-10 00:00:00,497.0,23.5,45.0,1.0,15.5,0.7101449275362318
2024-04-10 00:15:00,490.0,23.3,45.0,1.0,16.0,0.6159420289855071
2024-04-10 00:30:00,494.5,23.3,46.0,1.0,17.0,0.5217391304347825
2024-04-10 00:45:00,470.0,23.0,46.0,0.0,19.0,0.42753623188405787
2024-04-10 01:00:00,484.0,23.0,46.0,0.0,17.0,0.3333333333333333
2024-04-10 01:15:00,484.0,22.8,46.0,0.0,18.0,0.3333333333333333
2024-04-10 01:30:00,475.0,22.8,46.0,0.0,22.0,0.3333333333333333
2024-04-10 01:45:00,474.5,22.8,46.0,0.0,22.5,0.3333333333333333
2024-04-10 02:00:00,466.0,22.5,46.0,0.0,26.0,0.4074074074074074
2024-04-10 02:15:00,451.0,22.5,46.0,0.0,25.0,0.4814814814814815
2024-04-10 02:30:00,455.5,22.4,46.5,0.0,16.5,0.5555555555555556
2024-04-10 02:45:00,451.0,22.3,47.0,0.0,21.0,0.6296296296296297
2024-04-10 03:00:00,452.0,22.3,47.0,0.0,13.0,0.7037037037037037
2024-04-10 03:15:00,443.5,22.0,47.0,0.0,16.5,0.7777777777777779
2024-04-10 03:30:00,446.0,22.0,47.0,0.0,19.0,0.8518518518518519
2024-04-10 03:45:00,442.5,22.0,47.0,0.0,15.5,0.925925925925926
2024-04-10 04:00:00,441.0,21.8,48.0,0.0,12.0,1.0
2024-04-10 04:15:00,438.0,21.8,48.0,0.0,22.0,0.0
2024-04-10 04:30:00,448.5,21.8,48.0,0.0,13.0,0.041666666666666664
2024-04-10 04:45:00,441.0,21.8,48.0,0.0,16.0,0.08333333333333333
2024-04-10 05:00:00,435.5,21.65,48.0,0.0,15.0,0.125
2024-04-10 05:15:00,442.0,21.5,48.0,0.0,15.0,0.16666666666666666
2024-04-10 05:30:00,431.0,21.5,49.0,0.0,15.0,0.20833333333333331
2024-04-10 05:45:00,437.5,21.5,49.0,0.0,15.0,0.25
2024-04-10 06:00:00,432.0,21.3,49.0,0.0,15.0,0.2916666666666667
2024-04-10 06:15:00,435.0,21.3,49.0,0.0,17.0,0.3333333333333333
2024-04-10 06:30:00,434.0,21.3,49.0,0.0,18.5,0.45
2024-04-10 06:45:00,433.0,21.3,49.0,0.0,16.0,0.5666666666666667
2024-04-10 07:00:00,440.0,21.3,49.5,0.0,15.0,0.6833333333333333
2024-04-10 07:15:00,437.0,21.3,49.0,0.0,5.0,0.8
2024-04-10 07:30:00,427.0,22.0,48.0,0.0,3.0,0.375
2024-04-10 07:45:00,437.0,23.25,46.0,0.0,3.5,0.3333333333333333
2024-04-10 08:00:00,447.0,23.8,46.0,0.0,2.0,0.8
2024-04-10 08:15:00,445.0,23.8,46.0,0.0,2.0,1.3055555555555556
2024-04-10 08:30:00,455.0,23.8,46.0,0.0,3.0,0.6
2024-04-10 08:45:00,454.0,23.8,46.0,0.0,1.0,1.1111111111111112
2024-04-10 09:00:00,454.0,23.8,46.0,0.0,2.0,2.278688524590164
2024-04-10 09:15:00,471.0,23.8,46.0,0.0,1.0,1.8712871287128714
2024-04-10 09:30:00,466.5,23.65,46.5,0.0,2.0,1.6938775510204083
2024-04-10 09:45:00,465.0,23.5,47.0,0.0,0.0,1.7105263157894737
2024-04-10 10:00:00,483.0,23.5,48.0,0.0,3.0,1.8533333333333333
2024-04-10 10:15:00,489.5,23.5,48.5,0.0,1.5,1.9264705882352942
2024-04-10 10:30:00,503.0,23.5,50.0,0.0,1.0,2.119565217391304
2024-04-10 10:45:00,500.0,23.5,51.0,0.0,2.0,3.3153846153846156
2024-04-10 11:00:00,497.0,23.5,52.0,0.0,0.0,1.9482758620689655
2024-04-10 11:15:00,493.0,23.5,52.0,0.0,3.0,1.7906976744186047
2024-04-10 11:30:00,506.0,23.5,52.0,0.0,5.5,1.9672131147540983
2024-04-10 11:45:00,516.0,23.5,51.0,0.0,5.0,2.830769230769231
2024-04-10 12:00:00,528.0,23.5,51.0,0.0,3.0,1.9104477611940298
2024-04-10 12:15:00,514.5,23.5,51.0,0.0,1.5,2.1648351648351647
2024-04-10 12:30:00,526.0,23.5,51.0,0.0,1.0,2.403225806451613
2024-04-10 12:45:00,512.0,23.5,50.0,0.0,2.0,2.1031746031746033
2024-04-10 13:00:00,509.0,23.5,50.0,0.0,1.0,2.1475409836065573
2024-04-10 13:15:00,505.0,23.5,50.0,0.0,0.0,2.1983471074380163
2024-04-10 13:30:00,513.0,23.3,50.5,0.0,2.5,1.8714285714285714
2024-04-10 13:45:00,520.0,23.3,50.0,3.0,1.0,1.4761904761904763
2024-04-10 14:00:00,509.5,23.5,49.5,15.0,1.5,1.309090909090909
2024-04-10 14:15:00,489.0,23.5,48.0,16.0,1.0,1.9880952380952381
2024-04-10 14:30:00,520.0,23.5,47.0,11.0,2.0,3.016260162601626
2024-04-10 14:45:00,516.5,23.5,47.0,0.0,2.0,2.6052631578947367
2024-04-10 15:00:00,520.0,23.5,47.0,9.0,1.0,2.3793103448275863
2024-04-10 15:15:00,523.0,23.5,47.0,3.0,1.0,1.9775280898876404
2024-04-10 15:30:00,521.0,23.5,46.5,0.0,0.5,2.372972972972973
2024-04-10 15:45:00,539.0,23.5,47.0,0.0,3.0,3.1285714285714286
2024-04-10 16:00:00,543.5,23.5,47.0,4.5,2.0,2.0259740259740258
2024-04-10 16:15:00,526.0,23.5,47.0,21.0,3.0,2.4375
2024-04-10 16:30:00,525.0,23.5,47.0,9.0,1.0,1.6851851851851851
2024-04-10 16:45:00,524.0,23.5,46.0,113.0,1.0,1.9350649350649352
2024-04-10 17:00:00,529.0,23.5,46.0,90.0,4.0,1.670731707317073
2024-04-10 17:15:00,514.5,23.5,46.0,14.5,2.5,1.12
2024-04-10 17:30:00,497.0,23.5,46.0,0.0,3.0,1.511111111111111
2024-04-10 17:45:00,503.0,23.5,46.0,0.0,2.0,2.090909090909091
2024-04-10 18:00:00,511.0,23.5,47.0,0.0,4.5,1.4473684210526316
2024-04-10 18:15:00,494.0,23.3,47.0,0.0,1.0,0.6
2024-04-10 18:30:00,469.5,23.3,48.0,0.0,2.0,1.3333333333333333
2024-04-10 18:45:00,469.0,23.3,47.0,0.0,1.0,1.3
2024-04-10 19:00:00,461.0,23.3,47.0,0.0,3.0,1.0
2024-04-10 19:15:00,465.5,23.3,47.0,0.0,2.0,0.4666666666666667
2024-04-10 19:30:00,481.0,23.5,47.0,0.0,1.0,1.0
2024-04-10 19:45:00,491.0,23.5,47.0,0.0,2.0,1.0
2024-04-10 20:00:00,484.0,23.3,47.0,0.0,2.5,0.4666666666666667
2024-04-10 20:15:00,507.0,23.3,47.0,0.0,3.0,0.3333333333333333
2024-04-10 20:30:00,489.0,23.3,47.0,0.0,2.0,1.2857142857142858
2024-04-10 20:45:00,478.0,23.3,47.0,0.0,1.0,0.3333333333333333
2024-04-10 21:00:00,459.0,23.3,47.0,0.0,1.0,0.5
2024-04-10 21:15:00,482.5,23.0,49.5,0.0,0.0,0.4166666666666667
2024-04-10 21:30:00,461.0,23.3,50.0,0.0,3.0,0.375
2024-04-10 21:45:00,449.0,23.3,51.0,0.0,0.0,0.3333333333333333
2024-04-10 22:00:00,448.0,23.5,51.0,0.0,1.0,0.3333333333333333
2024-04-10 22:15:00,452.0,23.3,51.0,0.0,0.0,0.3333333333333333
2024-04-10 22:30:00,447.0,23.3,51.0,0.0,4.0,0.3333333333333333
2024-04-10 22:45:00,446.0,23.3,51.0,0.0,2.0,0.3333333333333333
2024-04-10 23:00:00,445.5,23.3,51.0,0.0,0.0,0.3333333333333333
2024-04-10 23:15:00,445.0,23.3,51.0,0.0,1.0,0.3333333333333333
2024-04-10 23:30:00,439.0,23.3,51.0,0.0,7.0,0.3333333333333333
2024-04-10 23:45:00,434.5,23.3,51.0,0.0,2.0,0.3333333333333333
2024-04-11 00:00:00,447.0,23.3,51.0,0.0,7.0,1.3333333333333333
2024-04-11 00:15:00,441.0,23.0,51.0,0.0,1.0,1.0833333333333333
2024-04-11 00:30:00,438.0,23.0,51.0,0.0,3.5,0.8333333333333333
2024-04-11 00:45:00,441.0,23.0,51.0,0.0,2.0,0.5833333333333333
2024-04-11 01:00:00,435.5,22.9,51.0,0.0,1.5,0.3333333333333333
2024-04-11 01:15:00,428.0,22.8,52.0,0.0,2.0,0.3333333333333333
2024-04-11 01:30:00,434.0,22.8,52.0,0.0,4.0,0.3333333333333333
2024-04-11 01:45:00,427.5,22.5,52.0,0.0,1.5,0.3333333333333333
2024-04-11 02:00:00,453.0,22.3,52.0,0.0,1.0,0.3333333333333333
2024-04-11 02:15:00,446.0,22.3,52.5,0.0,2.5,0.3333333333333333
2024-04-11 02:30:00,425.0,22.3,53.0,0.0,2.0,0.3333333333333333
2024-04-11 02:45:00,448.0,22.3,53.0,0.0,9.0,0.3333333333333333
2024-04-11 03:00:00,443.5,22.0,53.0,0.0,5.5,0.3333333333333333
2024-04-11 03:15:00,433.0,22.0,53.0,0.0,1.0,0.3333333333333333
2024-04-11 03:30:00,437.5,22.0,54.0,0.0,2.5,0.3333333333333333
2024-04-11 03:45:00,419.0,21.8,54.0,0.0,4.0,0.3333333333333333
2024-04-11 04:00:00,433.0,21.8,54.0,0.0,4.0,0.3333333333333333
2024-04-11 04:15:00,429.0,21.8,54.0,0.0,1.0,0.3333333333333333
2024-04-11 04:30:00,437.0,21.8,54.0,0.0,1.0,0.3333333333333333
2024-04-11 04:45:00,433.0,21.8,55.0,0.0,3.0,0.3333333333333333
2024-04-11 05:00:00,417.5,21.5,55.0,0.0,1.5,0.4393939393939394
2024-04-11 05:15:00,443.0,21.5,55.0,0.0,1.0,0.5454545454545454
2024-04-11 05:30:00,434.0,21.5,55.0,0.5,3.0,0.6515151515151516
2024-04-11 05:45:00,449.0,21.5,55.0,0.0,3.0,0.7575757575757576
2024-04-11 06:00:00,436.0,21.5,55.0,0.0,2.0,0.8636363636363638
2024-04-11 06:15:00,433.0,21.65,55.0,0.0,1.0,0.9696969696969697
2024-04-11 06:30:00,448.0,21.5,55.0,0.0,2.0,1.075757575757576
2024-04-11 06:45:00,438.5,21.5,55.5,0.0,2.5,1.1818181818181819
2024-04-11 07:00:00,442.0,21.5,56.0,0.0,1.0,1.287878787878788
2024-04-11 07:15:00,443.0,21.8,57.0,0.0,2.0,1.393939393939394
2024-04-11 07:30:00,433.5,22.25,55.5,0.0,1.0,1.5
2024-04-11 07:45:00,453.0,23.0,54.0,0.0,4.0,0.5
2024-04-11 08:00:00,453.0,23.5,53.5,0.0,1.0,0.5789473684210527
2024-04-11 08:15:00,440.0,23.8,53.0,0.0,4.0,0.7857142857142857
2024-04-11 08:30:00,462.0,23.8,52.0,0.0,1.0,0.5555555555555556
2024-04-11 08:45:00,466.0,23.8,51.5,0.0,2.0,1.3333333333333333
2024-04-11 09:00:00,468.0,23.5,51.0,0.0,4.0,0.8846153846153846
2024-04-11 09:15:00,464.0,23.5,51.0,0.0,1.0,1.9058823529411764
2024-04-11 09:30:00,453.0,23.5,50.5,0.0,3.0,1.5
2024-04-11 09:45:00,464.0,23.5,50.0,0.0,4.0,1.3666666666666667
2024-04-11 10:00:00,468.5,23.5,51.0,0.0,0.0,1.15625
2024-04-11 10:15:00,479.0,23.5,51.0,0.0,2.0,1.5784313725490196
2024-04-11 10:30:00,466.0,23.5,51.0,0.0,1.0,1.7592592592592593
2024-04-11 10:45:00,503.0,23.5,48.5,0.0,3.0,1.797872340425532
2024-04-11 11:00:00,504.0,23.5,46.0,0.0,3.0,3.046242774566474
2024-04-11 11:15:00,524.0,23.8,45.5,0.5,2.5,3.502645502645503
2024-04-11 11:30:00,516.0,23.8,45.0,0.0,3.0,3.5346534653465347
2024-04-11 11:45:00,533.0,23.8,44.0,0.0,4.0,3.567073170731707
2024-04-11 12:00:00,539.0,23.8,45.5,0.0,2.5,2.5942028985507246
2024-04-11 12:15:00,535.0,23.8,47.0,0.0,0.0,2.7142857142857144
2024-04-11 12:30:00,552.5,24.0,47.0,0.0,2.5,1.9578947368421054
2024-04-11 12:45:00,562.0,24.0,46.0,0.0,2.0,3.23728813559322
2024-04-11 13:00:00,554.0,23.8,45.0,0.0,4.0,3.509433962264151
2024-04-11 13:15:00,542.0,23.8,43.5,0.5,2.5,4.299492385786802
2024-04-11 13:30:00,528.0,23.8,42.0,567.0,4.0,2.86875
2024-04-11 13:45:00,552.0,23.8,42.0,595.0,3.0,3.4166666666666665
2024-04-11 14:00:00,558.0,23.8,41.5,221.5,1.0,3.389830508474576
2024-04-11 14:15:00,552.0,23.8,41.0,55.0,3.0,2.5918367346938775
2024-04-11 14:30:00,543.0,23.8,40.5,15.0,2.0,3.3956043956043955
2024-04-11 14:45:00,523.0,23.8,40.0,1.0,1.0,2.108433734939759
2024-04-11 15:00:00,522.0,23.8,39.0,0.0,3.0,2.4705882352941178
2024-04-11 15:15:00,522.0,23.8,39.5,0.0,1.0,3.1853932584269664
2024-04-11 15:30:00,538.0,23.8,39.0,0.0,1.0,3.5894736842105264
2024-04-11 15:45:00,560.0,23.9,39.0,0.0,1.5,3.7788461538461537
2024-04-11 16:00:00,549.0,24.0,40.0,0.0,1.0,3.197604790419162
2024-04-11 16:15:00,560.0,23.8,41.0,0.0,3.0,3.354651162790698
2024-04-11 16:30:00,546.5,23.8,42.0,1.5,3.5,3.6565656565656566
2024-04-11 16:45:00,531.0,23.8,43.0,0.0,4.0,2.598360655737705
2024-04-11 17:00:00,535.5,23.65,44.5,0.0,1.5,2.094736842105263
2024-04-11 17:15:00,537.0,23.8,45.0,0.0,2.0,2.7916666666666665
2024-04-11 17:30:00,539.0,23.8,45.0,0.0,1.0,2.4878048780487805
2024-04-11 17:45:00,533.5,23.8,45.0,0.0,1.0,4.5408560311284045
2024-04-11 18:00:00,529.0,23.5,45.0,0.0,1.0,2.764044943820225
2024-04-11 18:15:00,518.0,23.5,45.0,37.0,1.0,2.65
2024-04-11 18:30:00,527.0,23.5,46.0,25.5,1.0,2.5153374233128836
2024-04-11 18:45:00,496.0,23.5,47.0,3.0,2.0,2.3017241379310347
2024-04-11 19:00:00,505.0,23.3,47.0,0.0,2.0,1.565217391304348
2024-04-11 19:15:00,490.0,23.3,47.0,0.0,2.0,0.6
2024-04-11 19:30:00,483.0,23.3,47.0,0.0,2.0,0.4
2024-04-11 19:45:00,472.0,23.3,48.0,0.0,3.5,1.5714285714285714
2024-04-11 20:00:00,482.0,23.3,47.0,0.0,2.0,0.5
2024-04-11 20:15:00,470.0,23.3,47.0,0.0,3.5,0.4
2024-04-11 20:30:00,494.0,23.3,47.0,0.0,2.0,0.36363636363636365
2024-04-11 20:45:00,476.0,23.3,47.0,0.0,1.0,0.4444444444444444
2024-04-11 21:00:00,481.5,23.3,47.0,0.0,2.0,0.8461538461538461
2024-04-11 21:15:00,483.0,23.3,47.0,0.0,2.0,0.3333333333333333
2024-04-11 21:30:00,467.5,23.3,47.0,0.0,3.0,0.3333333333333333
2024-04-11 21:45:00,475.0,23.3,47.0,0.0,2.0,0.3333333333333333
2024-04-11 22:00:00,465.0,23.0,47.0,0.0,2.0,0.5
2024-04-11 22:15:00,473.0,23.3,47.0,0.0,3.0,0.2857142857142857
2024-04-11 22:30:00,494.0,23.5,46.0,0.0,3.0,0.686335403726708
2024-04-11 22:45:00,492.0,23.5,46.0,0.0,1.0,1.0869565217391304
2024-04-11 23:00:00,494.5,23.5,46.0,0.0,2.5,0.625
2024-04-11 23:15:00,513.0,23.5,47.0,0.0,7.0,0.5666666666666667
2024-04-11 23:30:00,517.0,23.5,47.0,0.0,4.5,0.5083333333333333
2024-04-11 23:45:00,522.0,23.3,47.0,0.0,5.0,0.45
2024-04-12 00:00:00,539.0,23.3,47.0,0.0,5.0,0.39166666666666666
2024-04-12 00:15:00,544.0,23.15,47.0,0.0,12.5,0.3333333333333333
2024-04-12 00:30:00,544.0,23.0,47.0,0.0,8.0,0.4
2024-04-12 00:45:00,538.5,22.9,47.0,0.0,9.5,0.39710144927536234
2024-04-12 01:00:00,543.0,22.8,47.0,0.0,10.0,0.39420289855072466
2024-04-12 01:15:00,530.0,22.5,47.0,0.0,13.0,0.391304347826087
2024-04-12 01:30:00,516.0,22.5,47.0,0.0,12.0,0.3884057971014493
2024-04-12 01:45:00,529.0,22.5,47.0,0.0,10.0,0.3855072463768116
2024-04-12 02:00:00,500.5,22.3,47.0,0.0,9.5,0.3826086956521739
2024-04-12 02:15:00,498.0,22.3,48.0,0.0,10.0,0.37971014492753624
2024-04-12 02:30:00,500.0,22.3,48.0,0.0,12.0,0.37681159420289856
2024-04-12 02:45:00,484.5,22.15,48.0,0.0,8.5,0.3739130434782609
2024-04-12 03:00:00,479.0,22.0,48.0,1.0,8.0,0.3710144927536232
2024-04-12 03:15:00,479.0,22.0,48.0,0.0,14.0,0.3681159420289855
2024-04-12 03:30:00,469.0,21.9,49.0,0.5,9.0,0.3652173913043478
2024-04-12 03:45:00,461.0,21.8,49.0,1.0,11.0,0.36231884057971014
2024-04-12 04:00:00,464.5,21.8,49.0,0.0,9.5,0.35942028985507246
2024-04-12 04:15:00,468.0,21.8,49.0,0.0,9.0,0.3565217391304348
2024-04-12 04:30:00,479.0,21.8,49.0,1.0,10.0,0.3536231884057971
2024-04-12 04:45:00,460.0,21.5,50.0,0.0,12.5,0.3507246376811594
2024-04-12 05:00:00,465.0,21.5,50.0,1.0,10.0,0.34782608695652173
2024-04-12 05:15:00,474.5,21.5,50.0,0.5,14.0,0.34492753623188405
2024-04-12 05:30:00,466.0,21.5,50.0,1.0,11.0,0.34202898550724636
2024-04-12 05:45:00,462.0,21.5,50.0,0.0,11.0,0.3391304347826087
2024-04-12 06:00:00,459.0,21.5,50.5,0.5,12.0,0.336231884057971
2024-04-12 06:15:00,450.0,21.5,51.0,0.0,10.0,0.3333333333333333
2024-04-12 06:30:00,463.0,21.5,51.0,0.0,14.5,0.39097744360902253
2024-04-12 06:45:00,464.0,21.5,51.0,0.0,11.0,0.44862155388471175
2024-04-12 07:00:00,477.0,21.5,52.0,0.0,14.0,0.506265664160401
2024-04-12 07:15:00,442.0,22.05,51.5,0.0,6.5,0.5639097744360902
2024-04-12 07:30:00,449.0,23.0,50.0,0.0,1.0,0.6215538847117794
2024-04-12 07:45:00,451.0,23.5,49.0,0.0,3.0,0.6791979949874687
2024-04-12 08:00:00,457.5,23.8,49.0,0.0,2.0,0.7368421052631579
2024-04-12 08:15:00,464.0,23.8,49.0,0.0,2.0,1.4363636363636363
2024-04-12 08:30:00,462.0,23.8,49.0,0.0,2.0,1.5454545454545454
2024-04-12 08:45:00,460.0,23.5,50.0,0.0,3.0,1.889908256880734
2024-04-12 09:00:00,470.0,23.5,50.0,0.0,4.0,2.1623931623931623
2024-04-12 09:15:00,481.0,23.5,50.5,0.0,2.0,1.9550561797752808
2024-04-12 09:30:00,472.0,23.5,51.0,0.0,1.0,2.629139072847682
2024-04-12 09:45:00,494.5,23.5,51.0,0.0,1.0,3.1176470588235294
2024-04-12 10:00:00,487.0,23.5,52.0,0.0,4.0,3.0208333333333335
2024-04-12 10:15:00,485.0,23.5,52.0,0.0,1.0,2.5245901639344264
2024-04-12 10:30:00,497.0,23.5,52.0,0.0,1.5,2.8028169014084505
2024-04-12 10:45:00,507.0,23.5,52.0,0.0,3.0,2.606299212598425
2024-04-12 11:00:00,519.5,23.5,52.0,0.0,1.5,3.8857142857142857
2024-04-12 11:15:00,539.0,23.5,52.0,0.0,1.0,2.9685534591194966
2024-04-12 11:30:00,531.0,23.8,51.0,0.0,2.0,3.25130890052356
2024-04-12 11:45:00,540.5,23.5,51.5,0.0,2.0,3.704081632653061
2024-04-12 12:00:00,528.0,23.5,51.0,0.0,4.0,2.449275362318841
2024-04-12 12:15:00,540.0,23.8,51.0,0.0,7.0,4.608510638297872
2024-04-12 12:30:00,544.5,23.8,50.0,0.0,2.0,5.211538461538462
2024-04-12 12:45:00,549.0,23.8,50.0,0.0,2.0,3.53757225433526
2024-04-12 13:00:00,547.5,23.8,48.5,7.0,2.5,4.036496350364963
2024-04-12 13:15:00,552.0,23.8,48.0,0.0,3.0,3.9613259668508287
2024-04-12 13:30:00,556.0,23.8,48.0,0.0,1.0,4.1938325991189425
2024-04-12 13:45:00,545.0,23.8,47.0,0.0,3.0,4.234285714285714
2024-04-12 14:00:00,510.0,23.8,46.0,0.0,2.0,3.869565217391304
2024-04-12 14:15:00,511.5,23.8,46.0,0.0,1.5,3.5414012738853504
2024-04-12 14:30:00,497.0,23.8,46.0,0.0,3.0,4.075
2024-04-12 14:45:00,513.0,23.8,46.0,0.0,1.0,3.2764227642276422
2024-04-12 15:00:00,510.5,23.8,46.0,0.0,4.5,1.3454545454545455
2024-04-12 15:15:00,494.0,23.8,45.0,0.0,4.0,2.1041666666666665
2024-04-12 15:30:00,493.5,23.8,45.0,0.0,1.0,1.7375
2024-04-12 15:45:00,500.0,23.8,45.0,0.0,3.0,3.52755905511811
2024-04-12 16:00:00,548.0,23.8,46.0,0.0,1.0,5.8563829787234045
2024-04-12 16:15:00,541.5,23.8,46.0,0.0,2.0,4.4222222222222225
2024-04-12 16:30:00,536.0,23.8,46.0,0.0,2.0,3.2048192771084336
2024-04-12 16:45:00,539.0,23.8,46.0,0.0,4.0,3.2242990654205608
2024-04-12 17:00:00,527.5,23.65,46.0,0.0,2.5,3.0
2024-04-12 17:15:00,554.0,23.5,46.0,0.0,5.0,3.0638297872340425
2024-04-12 17:30:00,557.0,23.5,46.0,0.0,2.0,2.110344827586207
2024-04-12 17:45:00,563.0,23.5,46.0,0.0,1.0,2.25625
2024-04-12 18:00:00,572.0,23.5,47.0,11.0,3.0,3.48728813559322
2024-04-12 18:15:00,556.5,23.5,47.0,0.0,1.0,2.36697247706422
2024-04-12 18:30:00,534.0,23.5,47.0,0.0,2.0,1.9823008849557522
2024-04-12 18:45:00,512.5,23.5,47.0,0.0,2.0,0.9629629629629629
2024-04-12 19:00:00,481.0,23.5,47.0,115.0,2.0,1.5833333333333333
2024-04-12 19:15:00,511.0,23.5,48.0,72.0,1.0,1.85
2024-04-12 19:30:00,498.0,23.3,48.0,21.5,2.0,0.5
2024-04-12 19:45:00,498.0,23.3,48.0,0.0,2.0,0.5
2024-04-12 20:00:00,487.5,23.3,48.5,0.0,2.0,0.3
2024-04-12 20:15:00,495.0,23.3,49.0,0.0,1.0,0.8571428571428571
2024-04-12 20:30:00,495.0,23.3,49.0,0.0,6.0,0.2727272727272727
2024-04-12 20:45:00,493.0,23.3,50.0,0.0,3.5,0.5
2024-04-12 21:00:00,502.0,23.3,50.0,0.0,2.0,0.3333333333333333
2024-04-12 21:15:00,490.0,23.3,51.0,0.0,3.0,0.7368421052631579
2024-04-12 21:30:00,492.5,23.3,51.0,0.0,1.5,0.2857142857142857
2024-04-12 21:45:00,513.0,23.3,51.0,0.0,2.0,0.5
2024-04-12 22:00:00,483.5,23.3,51.0,0.0,3.0,0.2
2024-04-12 22:15:00,468.0,23.3,51.0,0.0,2.0,0.3333333333333333
2024-04-12 22:30:00,440.0,23.3,51.0,0.0,8.0,0.3333333333333333
2024-04-12 22:45:00,459.5,23.3,51.0,0.0,3.0,0.3333333333333333
2024-04-12 23:00:00,455.0,23.3,51.0,0.0,4.0,0.3333333333333333
2024-04-12 23:15:00,445.5,23.3,51.0,0.0,8.0,0.3333333333333333
2024-04-12 23:30:00,441.0,23.0,52.0,0.0,12.0,0.3333333333333333
2024-04-12 23:45:00,457.0,23.0,52.0,0.0,14.0,0.3333333333333333
2024-04-13 00:00:00,466.0,22.9,52.0,0.0,15.0,0.3333333333333333
2024-04-13 00:15:00,471.0,22.8,52.0,0.0,18.0,0.3333333333333333
2024-04-13 00:30:00,473.0,22.8,52.0,0.0,21.5,0.3333333333333333
2024-04-13 00:45:00,453.0,22.8,52.0,0.0,38.0,0.3333333333333333
2024-04-13 01:00:00,468.0,22.8,52.0,0.0,38.0,0.3333333333333333
2024-04-13 01:15:00,451.5,22.5,52.0,0.0,43.5,0.3333333333333333
2024-04-13 01:30:00,465.0,22.5,52.0,0.0,46.0,0.3333333333333333
2024-04-13 01:45:00,446.0,22.5,52.0,0.0,46.0,0.3333333333333333
2024-04-13 02:00:00,462.0,22.4,52.0,0.0,44.0,0.3333333333333333
2024-04-13 02:15:00,452.0,22.3,52.0,0.0,53.0,0.3333333333333333
2024-04-13 02:30:00,463.5,22.15,52.0,0.0,47.0,0.3333333333333333
2024-04-13 02:45:00,462.0,22.0,52.0,0.0,49.0,0.3333333333333333
2024-04-13 03:00:00,442.0,22.0,52.0,0.0,41.0,0.3333333333333333
2024-04-13 03:15:00,458.5,21.8,52.0,0.0,46.0,0.3333333333333333
2024-04-13 03:30:00,457.0,21.8,52.0,0.0,44.0,0.3333333333333333
2024-04-13 03:45:00,456.0,21.65,52.0,0.0,49.0,0.3333333333333333
2024-04-13 04:00:00,467.0,21.5,52.0,0.0,47.0,0.3333333333333333
2024-04-13 04:15:00,449.0,21.5,52.0,0.0,49.0,0.3333333333333333
2024-04-13 04:30:00,454.0,21.4,52.0,0.0,60.5,0.3333333333333333
2024-04-13 04:45:00,456.0,21.3,52.0,0.0,58.0,0.3333333333333333
2024-04-13 05:00:00,449.5,21.3,52.0,0.0,48.0,0.3333333333333333
2024-04-13 05:15:00,453.0,21.0,52.0,0.0,59.0,0.3333333333333333
2024-04-13 05:30:00,446.0,21.0,52.0,0.0,51.0,0.3333333333333333
2024-04-13 05:45:00,440.0,21.0,52.0,0.0,53.5,0.3333333333333333
2024-04-13 06:00:00,452.0,21.0,52.0,0.0,52.0,0.3333333333333333
2024-04-13 06:15:00,451.0,21.0,52.0,0.0,55.0,0.3333333333333333
2024-04-13 06:30:00,440.5,20.9,52.0,0.0,58.5,0.3333333333333333
2024-04-13 06:45:00,441.0,20.8,52.0,0.0,58.0,0.38888888888888884
2024-04-13 07:00:00,446.5,20.8,52.5,0.0,48.5,0.4444444444444444
2024-04-13 07:15:00,461.0,21.0,53.0,0.0,13.0,0.25
2024-04-13 07:30:00,436.0,21.8,51.0,0.0,9.0,0.36388888888888893
2024-04-13 07:45:00,437.0,23.25,48.5,0.0,3.0,0.4777777777777778
2024-04-13 08:00:00,433.0,23.8,47.0,0.0,2.0,0.5916666666666667
2024-04-13 08:15:00,446.5,24.15,46.0,0.0,2.5,0.7055555555555556
2024-04-13 08:30:00,431.0,24.3,46.0,0.0,2.0,0.8194444444444445
2024-04-13 08:45:00,439.0,24.3,46.0,0.0,2.0,0.9333333333333333
2024-04-13 09:00:00,448.5,24.15,46.0,0.0,4.5,0.3333333333333333
2024-04-13 09:15:00,440.0,24.0,46.0,0.0,5.0,0.75
2024-04-13 09:30:00,449.0,23.9,46.0,0.0,3.0,1.1666666666666667
2024-04-13 09:45:00,446.0,23.5,47.0,0.0,1.0,0.9270833333333334
2024-04-13 10:00:00,456.0,23.5,47.0,0.0,3.0,0.6875
2024-04-13 10:15:00,456.5,23.5,47.0,0.0,2.5,0.6923076923076923
2024-04-13 10:30:00,449.0,23.5,47.0,0.0,2.0,0.6
2024-04-13 10:45:00,450.0,23.5,47.0,0.0,1.0,0.3333333333333333
2024-04-13 11:00:00,506.5,23.5,47.0,0.0,3.0,0.8
2024-04-13 11:15:00,501.0,23.5,47.0,0.0,4.0,0.3333333333333333
2024-04-13 11:30:00,489.5,23.5,47.0,0.0,1.0,0.5714285714285714
2024-04-13 11:45:00,485.0,23.5,48.0,0.0,6.0,0.5714285714285714
2024-04-13 12:00:00,492.0,23.5,48.0,0.0,1.0,0.5833333333333334
2024-04-13 12:15:00,485.5,23.3,47.5,0.0,1.0,0.45833333333333337
2024-04-13 12:30:00,471.0,23.5,47.0,0.0,1.0,0.3333333333333333
2024-04-13 12:45:00,478.5,23.5,46.5,0.0,2.0,0.42857142857142855
2024-04-13 13:00:00,487.0,23.5,46.0,0.0,1.0,0.47058823529411764
2024-04-13 13:15:00,470.0,23.5,45.0,0.0,1.0,1.0
2024-04-13 13:30:00,459.0,23.5,44.0,0.0,1.0,0.5714285714285714
2024-04-13 13:45:00,468.0,23.5,44.0,0.0,2.0,0.625
2024-04-13 14:00:00,461.0,23.5,43.0,0.0,4.0,0.42857142857142855
2024-04-13 14:15:00,474.0,23.8,43.0,0.0,3.0,0.4666666666666667
2024-04-13 14:30:00,471.0,23.5,42.0,0.0,3.0,0.3333333333333333
2024-04-13 14:45:00,464.5,23.5,43.0,0.0,4.0,0.6923076923076923
2024-04-13 15:00:00,472.0,23.5,43.0,11.0,2.0,2.3142857142857145
2024-04-13 15:15:00,463.0,23.5,42.0,0.0,4.0,1.0
2024-04-13 15:30:00,462.0,23.5,42.0,0.0,2.5,0.2727272727272727
2024-04-13 15:45:00,464.0,23.8,41.0,0.0,4.0,0.29829545454545453
2024-04-13 16:00:00,449.5,23.8,41.5,0.0,5.0,0.32386363636363635
2024-04-13 16:15:00,450.0,23.8,42.0,0.0,3.0,0.3494318181818182
2024-04-13 16:30:00,456.0,23.8,42.0,0.0,3.0,0.375
2024-04-13 16:45:00,448.5,23.8,42.5,0.0,3.5,0.7142857142857143
2024-04-13 17:00:00,457.0,23.8,43.0,0.0,2.0,2.3636363636363638
2024-04-13 17:15:00,467.5,23.65,44.0,0.0,5.5,0.0
2024-04-13 17:30:00,466.0,23.5,45.0,0.0,7.0,0.3333333333333333
2024-04-13 17:45:00,462.0,23.5,45.0,0.0,3.0,0.5555555555555556
2024-04-13 18:00:00,460.5,23.3,45.5,0.0,2.5,0.3333333333333333
2024-04-13 18:15:00,449.0,23.3,46.0,0.0,4.0,1.4523809523809523
2024-04-13 18:30:00,460.0,23.0,47.0,0.0,2.5,1.5
2024-04-13 18:45:00,468.0,23.3,47.0,0.0,3.0,1.5
2024-04-13 19:00:00,445.0,23.3,47.0,0.0,3.0,1.1666666666666667
2024-04-13 19:15:00,455.5,23.3,46.5,0.0,4.0,0.2
2024-04-13 19:30:00,454.0,23.3,46.0,0.0,3.0,0.26666666666666666
2024-04-13 19:45:00,452.0,23.3,46.0,0.0,3.0,0.3333333333333333
2024-04-13 20:00:00,455.5,23.3,46.0,0.0,2.0,0.4
2024-04-13 20:15:00,473.0,23.3,46.0,0.0,1.0,0.75
2024-04-13 20:30:00,465.0,23.3,46.0,0.0,4.5,0.3333333333333333
2024-04-13 20:45:00,478.0,23.3,46.0,0.0,2.0,0.3333333333333333
2024-04-13 21:00:00,488.0,23.3,46.0,0.0,3.0,0.3333333333333333
2024-04-13 21:15:00,474.5,23.3,47.0,0.0,5.0,0.3333333333333333
2024-04-13 21:30:00,488.0,23.3,47.0,0.0,4.0,0.3333333333333333
2024-04-13 21:45:00,471.5,23.5,47.0,0.0,2.0,0.3333333333333333
2024-04-13 22:00:00,478.0,23.5,47.0,0.0,4.0,0.3333333333333333
2024-04-13 22:15:00,502.0,23.5,47.0,0.0,3.0,0.3333333333333333
2024-04-13 22:30:00,471.0,23.5,47.0,0.0,4.5,0.3333333333333333
2024-04-13 22:45:00,471.0,23.5,47.0,0.0,3.0,0.3333333333333333
2024-04-13 23:00:00,450.0,23.5,47.0,0.0,4.5,0.3333333333333333
2024-04-13 23:15:00,457.0,23.5,47.0,0.0,9.0,0.3333333333333333
2024-04-13 23:30:00,475.0,23.3,47.0,0.0,13.0,0.3333333333333333
2024-04-13 23:45:00,476.0,23.0,48.0,0.0,12.5,0.3333333333333333
2024-04-14 00:00:00,472.0,22.8,48.0,0.0,18.0,0.3333333333333333
2024-04-14 00:15:00,469.0,22.8,48.0,0.0,23.0,0.3333333333333333
2024-04-14 00:30:00,474.5,22.65,48.5,0.0,15.5,0.3333333333333333
2024-04-14 00:45:00,475.0,22.5,49.0,0.0,14.0,0.3333333333333333
2024-04-14 01:00:00,477.5,22.3,49.0,0.0,17.5,0.3333333333333333
2024-04-14 01:15:00,468.0,22.0,49.0,0.0,12.0,0.3333333333333333
2024-04-14 01:30:00,470.0,22.0,49.0,0.0,18.0,0.3333333333333333
2024-04-14 01:45:00,472.0,21.9,49.0,0.0,26.0,0.3333333333333333
2024-04-14 02:00:00,466.0,21.8,49.0,0.0,38.0,0.3333333333333333
2024-04-14 02:15:00,462.0,21.65,49.0,0.0,37.0,0.3333333333333333
2024-04-14 02:30:00,477.0,21.5,49.0,0.0,35.0,0.3333333333333333
2024-04-14 02:45:00,455.0,21.5,49.0,0.0,40.0,0.3333333333333333
2024-04-14 03:00:00,473.0,21.3,50.0,0.0,44.5,0.3333333333333333
2024-04-14 03:15:00,471.0,21.3,50.0,0.0,43.0,0.3333333333333333
2024-04-14 03:30:00,473.5,21.3,49.5,0.0,50.0,0.3333333333333333
2024-04-14 03:45:00,465.0,21.3,49.0,0.0,53.0,0.3333333333333333
2024-04-14 04:00:00,463.0,21.3,49.0,0.0,58.0,0.3333333333333333
2024-04-14 04:15:00,469.0,21.15,49.0,0.0,63.5,0.3333333333333333
2024-04-14 04:30:00,452.0,21.0,49.0,0.0,64.0,0.3333333333333333
2024-04-14 04:45:00,471.0,21.0,49.0,0.0,66.0,0.3333333333333333
2024-04-14 05:00:00,457.5,21.0,49.0,0.0,60.5,0.3333333333333333
2024-04-14 05:15:00,461.0,21.0,50.0,0.0,58.0,0.3333333333333333
2024-04-14 05:30:00,454.0,20.9,50.0,0.0,60.0,0.3333333333333333
2024-04-14 05:45:00,475.0,20.8,50.0,0.0,62.0,0.3333333333333333
2024-04-14 06:00:00,462.0,20.8,50.0,0.0,59.0,0.3333333333333333
2024-04-14 06:15:00,459.0,20.8,50.0,0.0,69.5,0.3333333333333333
2024-04-14 06:30:00,455.0,20.8,50.0,0.0,65.0,0.3333333333333333
2024-04-14 06:45:00,463.5,20.8,50.0,0.0,64.0,0.3333333333333333
2024-04-14 07:00:00,445.0,20.8,51.0,0.0,40.0,0.3333333333333333
2024-04-14 07:15:00,457.0,20.8,51.0,0.0,18.0,0.3333333333333333
2024-04-14 07:30:00,451.5,21.55,49.5,0.0,10.0,0.3333333333333333
2024-04-14 07:45:00,443.0,22.3,48.0,0.0,3.0,0.3333333333333333
2024-04-14 08:00:00,451.0,22.75,47.0,0.0,3.5,0.3333333333333333
2024-04-14 08:15:00,459.0,23.3,46.0,0.0,7.0,0.3333333333333333
2024-04-14 08:30:00,445.0,24.0,44.0,0.0,4.0,0.3333333333333333
2024-04-14 08:45:00,450.5,24.4,44.0,0.0,2.5,0.3333333333333333
2024-04-14 09:00:00,461.0,24.5,44.0,0.0,3.0,0.3333333333333333
2024-04-14 09:15:00,460.5,24.4,44.0,0.0,2.5,0.3333333333333333
2024-04-14 09:30:00,444.0,24.3,45.0,0.0,4.0,0.3333333333333333
2024-04-14 09:45:00,449.0,24.0,45.0,0.0,3.0,0.3333333333333333
2024-04-14 10:00:00,458.0,23.9,46.0,0.0,4.5,0.5416666666666667
2024-04-14 10:15:00,458.0,23.8,46.0,0.0,7.0,0.75
2024-04-14 10:30:00,465.0,23.8,46.0,0.0,2.0,0.3333333333333333
2024-04-14 10:45:00,469.5,23.8,46.5,0.0,4.5,0.46153846153846156
2024-04-14 11:00:00,477.0,23.8,46.0,0.0,5.0,0.8
2024-04-14 11:15:00,488.0,23.8,46.0,0.0,3.0,0.3333333333333333
2024-04-14 11:30:00,493.0,23.8,46.0,0.0,4.0,1.0
2024-04-14 11:45:00,477.0,23.8,46.0,0.0,4.0,1.4615384615384615
2024-04-14 12:00:00,473.5,23.8,46.0,0.0,3.0,1.0
2024-04-14 12:15:00,474.0,23.8,46.0,0.0,4.0,0.8571428571428571
2024-04-14 12:30:00,479.0,23.8,46.0,0.0,3.0,1.1818181818181819
2024-04-14 12:45:00,484.0,23.8,45.0,0.0,2.0,1.4166666666666667
2024-04-14 13:00:00,481.0,23.8,45.0,0.0,3.0,1.375
2024-04-14 13:15:00,464.0,23.8,45.0,0.0,3.5,2.3181818181818183
2024-04-14 13:30:00,456.0,23.8,45.0,0.0,2.0,1.5
2024-04-14 13:45:00,473.0,23.8,45.0,0.0,3.0,1.5333333333333334
2024-04-14 14:00:00,478.0,23.8,45.0,0.0,2.0,1.8421052631578947
2024-04-14 14:15:00,464.0,23.8,45.0,0.0,2.0,1.4
2024-04-14 14:30:00,459.5,23.8,45.0,0.0,3.5,1.5517241379310345
2024-04-14 14:45:00,469.0,23.8,45.0,0.0,2.0,1.25
2024-04-14 15:00:00,468.0,23.8,45.0,11.0,3.0,1.527027027027027
2024-04-14 15:15:00,463.0,23.8,44.5,7.0,2.5,1.08
2024-04-14 15:30:00,438.0,23.8,44.0,0.0,2.0,0.3333333333333333
2024-04-14 15:45:00,446.0,23.8,44.0,0.0,1.5,0.4
2024-04-14 16:00:00,442.0,23.8,44.0,0.0,1.0,0.8153846153846155
2024-04-14 16:15:00,449.0,23.8,44.0,0.0,1.0,1.2307692307692308
2024-04-14 16:30:00,445.0,23.65,44.0,0.0,3.0,0.4
2024-04-14 16:45:00,430.0,23.5,44.0,0.0,1.0,1.4
2024-04-14 17:00:00,447.5,23.5,44.0,0.0,1.0,0.5
2024-04-14 17:15:00,437.0,23.5,44.0,0.0,1.0,0.3333333333333333
2024-04-14 17:30:00,448.0,23.3,44.0,0.0,1.0,0.5555555555555556
2024-04-14 17:45:00,443.5,23.3,44.5,0.0,2.0,1.4814814814814814
2024-04-14 18:00:00,446.0,23.3,45.0,0.0,1.0,1.1428571428571428
2024-04-14 18:15:00,445.0,23.3,45.0,0.0,1.5,0.3333333333333333
2024-04-14 18:30:00,446.0,23.3,45.0,0.0,1.0,0.5972222222222222
2024-04-14 18:45:00,454.0,23.3,45.0,0.0,1.0,0.8611111111111112
2024-04-14 19:00:00,448.0,23.15,45.0,0.0,1.5,1.125
2024-04-14 19:15:00,466.0,23.3,45.0,0.0,1.0,1.6129032258064515
2024-04-14 19:30:00,459.0,23.3,45.0,0.0,2.0,0.5833333333333334
2024-04-14 19:45:00,464.5,23.3,45.5,0.0,2.0,0.3333333333333333
2024-04-14 20:00:00,474.0,23.3,46.0,0.0,4.0,0.4444444444444444
2024-04-14 20:15:00,468.0,23.3,46.0,0.0,3.5,0.3333333333333333
2024-04-14 20:30:00,468.0,23.3,46.0,0.0,1.0,0.3333333333333333
2024-04-14 20:45:00,461.0,23.3,46.0,0.0,3.0,0.3333333333333333
2024-04-14 21:00:00,477.5,23.3,46.0,0.0,2.0,0.3333333333333333
2024-04-14 21:15:00,483.0,23.3,46.0,0.0,6.0,0.35238095238095235
2024-04-14 21:30:00,476.0,23.3,46.5,0.0,3.5,0.3714285714285714
2024-04-14 21:45:00,466.0,23.3,46.0,0.0,1.0,0.3904761904761904
2024-04-14 22:00:00,463.0,23.3,46.0,0.0,2.0,0.4095238095238095
2024-04-14 22:15:00,475.5,23.3,46.0,0.0,1.0,0.42857142857142855
2024-04-14 22:30:00,478.0,23.3,46.0,0.0,1.0,0.3333333333333333
2024-04-14 22:45:00,473.5,23.3,46.0,0.0,1.0,0.3333333333333333
2024-04-14 23:00:00,471.0,23.3,46.0,0.0,1.0,0.3333333333333333
2024-04-14 23:15:00,465.0,23.3,46.0,3.0,2.0,0.3333333333333333
2024-04-14 23:30:00,472.5,23.3,46.0,14.0,2.0,0.3333333333333333
2024-04-14 23:45:00,468.0,23.0,46.0,27.0,1.0,0.3333333333333333
2024-04-15 00:00:00,469.0,23.0,47.0,21.0,6.0,0.8181818181818182
2024-04-15 00:15:00,483.5,22.9,47.0,22.5,3.5,0.3333333333333333
2024-04-15 00:30:00,477.0,22.8,47.0,24.0,4.0,0.3333333333333333
2024-04-15 00:45:00,485.5,22.5,47.0,30.5,4.0,0.41666666666666663
2024-04-15 01:00:00,469.0,22.5,47.0,37.0,5.0,0.5
2024-04-15 01:15:00,475.0,22.5,47.0,42.0,6.0,0.25
2024-04-15 01:30:00,480.0,22.4,47.0,54.5,5.5,0.6805555555555556
2024-04-15 01:45:00,481.0,22.3,47.0,55.0,5.0,1.1111111111111112
2024-04-15 02:00:00,472.5,22.3,47.0,52.5,6.5,1.0404040404040404
2024-04-15 02:15:00,452.0,22.3,47.0,52.0,5.0,0.9696969696969697
2024-04-15 02:30:00,482.0,22.0,47.0,52.0,7.0,0.898989898989899
2024-04-15 02:45:00,465.0,22.0,47.0,54.5,6.5,0.8282828282828283
2024-04-15 03:00:00,472.0,22.0,47.0,57.0,7.0,0.7575757575757576
2024-04-15 03:15:00,470.5,21.8,47.5,68.0,6.5,0.6868686868686869
2024-04-15 03:30:00,466.0,21.8,48.0,74.0,7.0,0.6161616161616161
2024-04-15 03:45:00,473.0,21.5,48.0,77.0,9.0,0.5454545454545454
2024-04-15 04:00:00,476.0,21.5,48.0,82.5,9.0,0.4747474747474747
2024-04-15 04:15:00,469.0,21.5,48.0,85.0,8.0,0.404040404040404
2024-04-15 04:30:00,475.0,21.5,48.0,97.0,8.0,0.3333333333333333
2024-04-15 04:45:00,461.5,21.4,48.0,97.0,7.0,0.34615384615384615
2024-04-15 05:00:00,468.0,21.3,48.0,87.0,9.0,0.358974358974359
2024-04-15 05:15:00,468.0,21.3,48.0,83.5,5.5,0.3717948717948718
2024-04-15 05:30:00,462.0,21.3,48.0,87.0,12.0,0.3846153846153846
2024-04-15 05:45:00,462.0,21.3,48.0,85.0,7.0,0.3974358974358974
2024-04-15 06:00:00,460.5,21.3,48.0,105.5,10.5,0.41025641025641024
2024-04-15 06:15:00,477.0,21.3,48.0,105.0,7.0,0.4230769230769231
2024-04-15 06:30:00,462.5,21.0,48.0,111.5,6.5,0.4358974358974359
2024-04-15 06:45:00,460.0,21.0,48.0,108.0,7.0,0.44871794871794873
2024-04-15 07:00:00,475.0,21.0,48.0,77.0,6.0,0.46153846153846156
2024-04-15 07:15:00,473.5,21.25,48.5,33.0,1.5,0.47435897435897434
2024-04-15 07:30:00,463.0,22.3,46.0,24.0,2.0,0.48717948717948717
2024-04-15 07:45:00,474.0,23.05,45.0,22.5,2.0,0.5
2024-04-15 08:00:00,463.0,23.8,44.0,16.0,3.0,1.706896551724138
2024-04-15 08:15:00,466.0,24.0,43.0,16.0,2.0,1.6712328767123288
2024-04-15 08:30:00,484.0,24.4,43.0,21.0,2.0,1.5849056603773586
2024-04-15 08:45:00,489.0,24.5,43.0,19.0,3.0,1.679245283018868
2024-04-15 09:00:00,491.0,24.3,43.0,16.0,2.0,0.84
2024-04-15 09:15:00,505.0,24.15,44.0,16.0,1.5,2.3278688524590163
2024-04-15 09:30:00,519.0,23.8,45.0,16.0,2.0,1.8666666666666667
2024-04-15 09:45:00,532.0,23.65,45.0,29.0,1.0,2.183333333333333
2024-04-15 10:00:00,521.0,23.5,46.0,14.0,2.0,1.0
2024-04-15 10:15:00,513.0,23.5,45.0,6.0,2.0,0.8928571428571429
2024-04-15 10:30:00,507.5,23.5,45.0,4.5,2.5,1.6266666666666667
2024-04-15 10:45:00,500.0,23.8,45.0,3.0,3.0,2.0444444444444443
2024-04-15 11:00:00,518.0,23.8,46.0,4.0,2.5,3.2985781990521326
2024-04-15 11:15:00,524.0,23.8,45.0,6.0,4.0,2.25
2024-04-15 11:30:00,547.0,23.8,46.0,11.0,2.0,3.5604395604395602
2024-04-15 11:45:00,541.5,23.8,46.0,12.5,2.0,2.595419847328244
2024-04-15 12:00:00,531.0,23.8,45.0,11.0,2.0,4.6016260162601625
2024-04-15 12:15:00,534.5,24.0,45.0,7.5,4.5,3.1910569105691056
2024-04-15 12:30:00,547.0,24.0,45.0,8.0,2.0,2.411255411255411
2024-04-15 12:45:00,542.0,24.0,45.0,9.0,2.0,2.2115384615384617
2024-04-15 13:00:00,544.5,24.0,44.5,25.5,3.0,2.392405063291139
2024-04-15 13:15:00,530.0,24.3,44.0,21.0,3.0,2.1444444444444444
2024-04-15 13:30:00,543.0,24.0,44.0,11.0,3.0,3.18796992481203
2024-04-15 13:45:00,534.5,24.0,44.0,22.0,2.0,4.451428571428571
2024-04-15 14:00:00,511.0,24.0,44.0,1.0,6.0,2.1294117647058823
2024-04-15 14:15:00,506.5,24.0,44.0,1.5,3.5,1.7523809523809524
2024-04-15 14:30:00,511.0,23.8,45.0,0.0,1.0,2.3407407407407406
2024-04-15 14:45:00,528.0,23.8,45.0,21.0,1.0,4.986666666666666
2024-04-15 15:00:00,566.0,23.8,45.0,18.5,2.0,3.366013071895425
2024-04-15 15:15:00,561.0,23.8,45.0,16.0,4.0,4.508571428571429
2024-04-15 15:30:00,570.0,23.9,45.0,42.0,5.5,3.419811320754717
2024-04-15 15:45:00,594.0,23.8,45.0,21.0,3.0,2.955223880597015
2024-04-15 16:00:00,575.0,23.8,46.0,29.0,1.0,2.7837837837837838
2024-04-15 16:15:00,599.0,23.8,46.0,25.5,1.5,1.0
2024-04-15 16:30:00,565.0,23.8,46.0,24.0,3.0,2.0793650793650795
2024-04-15 16:45:00,572.0,23.8,46.0,28.0,2.5,1.9375
2024-04-15 17:00:00,581.0,23.5,47.0,19.0,2.0,4.720812182741117
2024-04-15 17:15:00,590.0,23.5,47.0,16.0,4.0,4.8577981651376145
2024-04-15 17:30:00,577.5,23.5,48.0,87.0,1.0,4.275280898876405
2024-04-15 17:45:00,571.0,23.5,48.0,95.0,3.0,2.9130434782608696
2024-04-15 18:00:00,588.0,23.5,48.0,228.0,8.0,0.4375
2024-04-15 18:15:00,528.0,23.5,49.5,120.5,1.0,0.4
2024-04-15 18:30:00,505.0,23.5,51.0,47.0,3.0,1.0
2024-04-15 18:45:00,505.5,23.4,51.5,35.5,3.0,1.1935483870967742
2024-04-15 19:00:00,511.0,23.3,52.0,42.0,1.0,0.42105263157894735
2024-04-15 19:15:00,514.0,23.3,52.0,42.0,1.0,0.7058823529411765
2024-04-15 19:30:00,503.0,23.3,52.0,34.5,3.0,0.3333333333333333
2024-04-15 19:45:00,508.0,23.3,52.0,24.0,4.0,0.3333333333333333
2024-04-15 20:00:00,499.0,23.0,52.0,16.5,2.5,0.9
2024-04-15 20:15:00,502.0,23.0,52.0,14.0,2.0,0.4
2024-04-15 20:30:00,468.0,23.0,51.0,14.0,3.0,1.0714285714285714
2024-04-15 20:45:00,479.0,23.3,51.0,15.0,2.0,1.1764705882352942
2024-04-15 21:00:00,487.0,23.0,51.0,16.0,1.0,1.1333333333333333
2024-04-15 21:15:00,465.5,23.0,51.0,6.0,2.0,1.5263157894736843
2024-04-15 21:30:00,484.0,23.0,51.0,3.0,4.0,0.9166666666666666
2024-04-15 21:45:00,473.0,23.3,51.0,1.0,7.0,0.5833333333333334
2024-04-15 22:00:00,468.0,23.3,50.0,0.5,2.5,0.6111111111111112
2024-04-15 22:15:00,469.0,23.3,50.0,3.0,2.0,1.0
2024-04-15 22:30:00,471.0,23.3,50.0,3.0,2.0,0.4666666666666667
2024-04-15 22:45:00,464.5,23.3,49.5,0.5,2.0,0.3333333333333333
2024-04-15 23:00:00,455.0,23.0,49.0,0.0,4.0,0.3333333333333333
2024-04-15 23:15:00,461.5,23.3,49.0,0.0,3.5,0.3333333333333333
2024-04-15 23:30:00,470.0,23.0,49.0,0.0,4.0,0.3333333333333333
2024-04-15 23:45:00,477.0,23.0,49.0,0.0,4.0,0.3333333333333333
2024-04-16 00:00:00,475.5,23.0,50.0,4.5,4.0,0.3333333333333333
2024-04-16 00:15:00,471.0,23.0,50.0,9.0,1.0,0.3333333333333333
2024-04-16 00:30:00,479.5,23.0,50.0,11.0,2.5,0.3333333333333333
2024-04-16 00:45:00,470.0,22.8,50.0,14.0,1.0,0.3333333333333333
2024-04-16 01:00:00,459.0,22.8,50.0,14.0,1.0,0.3333333333333333
2024-04-16 01:15:00,468.5,22.8,50.0,16.0,2.0,0.3333333333333333
2024-04-16 01:30:00,462.0,22.8,50.0,16.0,1.0,0.3333333333333333
2024-04-16 01:45:00,461.5,22.5,50.0,14.0,1.5,0.3333333333333333
2024-04-16 02:00:00,456.0,22.5,50.0,15.0,2.0,0.3333333333333333
2024-04-16 02:15:00,469.0,22.5,50.0,14.0,2.0,0.3333333333333333
2024-04-16 02:30:00,469.0,22.3,50.0,16.0,2.0,0.3333333333333333
2024-04-16 02:45:00,459.0,22.3,51.0,16.0,2.0,0.3333333333333333
2024-04-16 03:00:00,458.0,22.3,51.0,16.0,3.0,0.3333333333333333
2024-04-16 03:15:00,458.0,22.0,51.0,20.0,1.5,0.3333333333333333
2024-04-16 03:30:00,470.0,22.0,51.0,21.0,1.0,0.3333333333333333
2024-04-16 03:45:00,463.0,21.8,51.0,27.0,1.5,0.3333333333333333
2024-04-16 04:00:00,464.0,21.8,52.0,21.0,3.0,0.3333333333333333
2024-04-16 04:15:00,452.0,21.8,52.0,24.0,3.0,0.3333333333333333
2024-04-16 04:30:00,454.0,21.8,52.0,22.5,2.5,0.3333333333333333
2024-04-16 04:45:00,463.0,21.8,52.0,24.0,5.0,0.3333333333333333
2024-04-16 05:00:00,460.0,21.8,52.0,30.5,3.5,0.3333333333333333
2024-04-16 05:15:00,451.0,21.5,52.0,34.0,4.0,0.3333333333333333
2024-04-16 05:30:00,450.0,21.5,52.0,32.0,3.0,0.3333333333333333
2024-04-16 05:45:00,464.5,21.5,52.0,25.5,2.5,0.3333333333333333
2024-04-16 06:00:00,479.0,21.5,53.0,32.0,3.0,0.3333333333333333
2024-04-16 06:15:00,474.5,21.5,52.0,33.0,3.0,0.3333333333333333
2024-04-16 06:30:00,471.0,21.5,52.0,34.0,2.0,0.3333333333333333
2024-04-16 06:45:00,467.0,21.3,52.0,34.0,3.0,0.3333333333333333
2024-04-16 07:00:00,459.5,21.3,52.5,29.0,5.0,0.4949494949494949
2024-04-16 07:15:00,476.0,21.5,53.0,6.0,2.0,0.6565656565656566
2024-04-16 07:30:00,473.0,22.0,52.0,6.0,4.0,0.8181818181818182
2024-04-16 07:45:00,483.5,23.0,49.5,4.5,3.5,0.8333333333333334
2024-04-16 08:00:00,475.0,23.8,48.0,3.0,1.0,0.9655172413793104
2024-04-16 08:15:00,492.5,23.8,48.0,0.5,1.5,1.5
2024-04-16 08:30:00,487.0,23.8,49.0,0.0,2.0,1.8431372549019607
2024-04-16 08:45:00,484.0,23.5,49.0,0.0,1.0,0.8571428571428571
2024-04-16 09:00:00,485.0,23.5,49.5,0.0,1.0,1.6904761904761905
2024-04-16 09:15:00,481.0,23.3,50.0,0.0,2.0,2.8120805369127515
2024-04-16 09:30:00,512.0,23.4,50.0,6.0,7.0,2.857142857142857
2024-04-16 09:45:00,518.0,23.3,50.0,1.0,1.0,1.8983050847457628
2024-04-16 10:00:00,513.0,23.5,50.0,11.0,1.0,1.7281553398058251
2024-04-16 10:15:00,523.5,23.5,50.0,0.0,2.5,2.036144578313253
2024-04-16 10:30:00,509.0,23.5,49.0,0.0,2.0,1.5
2024-04-16 10:45:00,504.0,23.5,49.0,0.0,1.0,1.86
2024-04-16 11:00:00,506.0,23.5,49.0,0.0,2.0,1.6521739130434783
2024-04-16 11:15:00,518.0,23.5,49.0,0.0,4.0,2.323170731707317
2024-04-16 11:30:00,511.5,23.5,50.0,0.0,1.5,2.1621621621621623
2024-04-16 11:45:00,514.0,23.5,50.0,0.0,1.0,2.849673202614379
2024-04-16 12:00:00,514.0,23.5,50.0,0.0,2.0,2.7283236994219653
2024-04-16 12:15:00,538.0,23.65,50.0,22.5,2.0,2.7936507936507935
2024-04-16 12:30:00,533.0,23.8,49.0,14.0,1.0,2.155844155844156
2024-04-16 12:45:00,529.0,23.8,49.0,0.5,2.0,1.5098039215686274
2024-04-16 13:00:00,538.0,23.8,49.0,0.0,1.0,1.9639639639639639
2024-04-16 13:15:00,544.0,23.8,49.0,0.0,3.0,1.9253731343283582
2024-04-16 13:30:00,546.0,23.8,48.0,0.0,2.0,3.358974358974359
2024-04-16 13:45:00,532.0,23.8,48.0,1.0,1.0,2.8487394957983194
2024-04-16 14:00:00,554.0,23.8,48.5,1.0,2.0,3.106060606060606
2024-04-16 14:15:00,572.0,23.8,49.0,3.0,3.0,1.6756756756756757
2024-04-16 14:30:00,570.0,23.8,49.0,1.0,1.0,2.146153846153846
2024-04-16 14:45:00,550.0,23.8,48.5,20.0,2.5,2.676470588235294
2024-04-16 15:00:00,551.0,23.8,48.0,24.0,3.0,1.89010989010989
2024-04-16 15:15:00,563.5,23.9,47.0,20.0,1.0,1.9625
2024-04-16 15:30:00,563.0,24.0,47.0,37.0,4.0,3.130718954248366
2024-04-16 15:45:00,572.0,23.8,47.0,27.0,3.0,3.3223684210526314
2024-04-16 16:00:00,578.0,24.0,47.0,11.0,1.5,4.631799163179917
2024-04-16 16:15:00,575.0,24.0,47.0,115.0,1.0,2.430894308943089
2024-04-16 16:30:00,550.0,23.8,46.0,64.0,2.0,2.9815668202764978
2024-04-16 16:45:00,567.0,23.8,46.5,13.5,2.5,2.479768786127168
2024-04-16 17:00:00,552.0,23.8,46.0,0.0,5.0,2.824675324675325
2024-04-16 17:15:00,570.5,23.8,46.0,0.0,1.5,3.309623430962343
2024-04-16 17:30:00,580.0,23.8,47.0,0.0,2.0,2.687179487179487
2024-04-16 17:45:00,557.0,23.8,47.0,0.0,2.0,2.393162393162393
2024-04-16 18:00:00,557.5,23.8,48.0,0.0,1.5,2.2317880794701987
2024-04-16 18:15:00,525.0,23.5,49.0,0.0,2.0,1.673913043478261
2024-04-16 18:30:00,514.5,23.5,49.0,0.0,1.0,1.5
2024-04-16 18:45:00,505.0,23.5,49.0,0.0,1.0,1.0
2024-04-16 19:00:00,514.0,23.5,49.0,0.0,2.0,1.375
2024-04-16 19:15:00,536.0,23.3,49.5,0.0,3.0,0.8518518518518519
2024-04-16 19:30:00,526.0,23.3,49.0,0.0,1.0,0.5
2024-04-16 19:45:00,514.5,23.3,49.0,0.0,1.5,0.2727272727272727
2024-04-16 20:00:00,520.0,23.3,50.0,0.0,1.0,0.75
2024-04-16 20:15:00,517.0,23.3,50.0,0.0,2.0,0.6111111111111112
2024-04-16 20:30:00,522.0,23.3,50.0,7.0,2.0,0.25
2024-04-16 20:45:00,515.0,23.3,50.0,0.0,1.0,0.4
2024-04-16 21:00:00,508.0,23.3,50.0,0.0,3.5,0.42857142857142855
2024-04-16 21:15:00,514.0,23.3,50.0,0.0,1.0,0.5084033613445378
2024-04-16 21:30:00,512.0,23.3,50.0,0.0,4.0,0.5882352941176471
2024-04-16 21:45:00,504.0,23.3,50.0,0.0,3.0,0.3333333333333333
2024-04-16 22:00:00,475.0,23.3,50.0,0.0,1.0,0.3333333333333333
2024-04-16 22:15:00,482.0,23.3,50.0,0.0,1.0,0.3333333333333333
2024-04-16 22:30:00,470.5,23.3,50.0,0.0,1.5,0.3333333333333333
2024-04-16 22:45:00,471.0,23.3,50.0,0.0,5.0,0.3333333333333333
2024-04-16 23:00:00,482.0,23.3,50.0,0.0,2.5,0.41666666666666663
2024-04-16 23:15:00,474.0,23.3,50.0,0.0,4.0,0.5
2024-04-16 23:30:00,500.0,23.3,50.0,0.0,10.0,0.3
2024-04-16 23:45:00,497.0,23.0,50.0,0.0,10.0,0.3333333333333333
2024-04-17 00:00:00,495.0,22.8,50.0,0.0,9.0,0.4
2024-04-17 00:15:00,502.5,22.8,50.0,0.5,11.0,0.4135416666666667
2024-04-17 00:30:00,502.0,22.8,50.0,1.0,11.0,0.42708333333333337
2024-04-17 00:45:00,504.0,22.5,50.0,1.0,17.0,0.44062500000000004
2024-04-17 01:00:00,507.5,22.5,50.0,1.0,19.5,0.45416666666666666
2024-04-17 01:15:00,506.0,22.5,50.0,1.0,23.0,0.46770833333333334
2024-04-17 01:30:00,497.0,22.3,50.0,3.0,18.0,0.48125
2024-04-17 01:45:00,484.0,22.3,50.0,3.0,16.0,0.4947916666666667
2024-04-17 02:00:00,497.0,22.3,50.0,3.0,17.0,0.5083333333333333
2024-04-17 02:15:00,494.0,22.0,50.0,7.0,23.0,0.521875
2024-04-17 02:30:00,480.0,22.0,50.0,11.0,18.0,0.5354166666666667
2024-04-17 02:45:00,488.0,22.0,50.0,11.0,21.0,0.5489583333333333
2024-04-17 03:00:00,480.5,21.9,50.0,12.5,18.5,0.5625
2024-04-17 03:15:00,498.0,21.8,50.0,11.0,18.0,0.5760416666666667
2024-04-17 03:30:00,483.5,21.8,50.0,16.0,18.5,0.5895833333333333
2024-04-17 03:45:00,466.0,21.5,50.0,27.0,16.0,0.603125
2024-04-17 04:00:00,467.0,21.5,51.0,38.0,18.0,0.6166666666666667
2024-04-17 04:15:00,465.0,21.3,51.0,48.5,19.0,0.6302083333333334
2024-04-17 04:30:00,484.0,21.3,51.0,45.0,15.0,0.64375
2024-04-17 04:45:00,475.0,21.0,51.0,46.0,16.5,0.6572916666666666
2024-04-17 05:00:00,482.0,21.0,51.0,58.0,22.0,0.6708333333333334
2024-04-17 05:15:00,484.0,21.0,51.0,55.0,16.0,0.684375
2024-04-17 05:30:00,479.0,21.0,51.0,49.0,15.5,0.6979166666666667
2024-04-17 05:45:00,485.0,21.0,51.0,52.0,16.0,0.7114583333333333
2024-04-17 06:00:00,469.0,20.8,51.0,53.5,18.0,0.7250000000000001
2024-04-17 06:15:00,471.0,20.8,51.0,55.0,15.0,0.7385416666666667
2024-04-17 06:30:00,480.0,20.8,51.0,55.0,21.0,0.7520833333333333
2024-04-17 06:45:00,483.5,20.65,51.0,52.5,23.5,0.765625
2024-04-17 07:00:00,491.0,20.5,51.0,21.0,15.0,0.7791666666666667
2024-04-17 07:15:00,506.0,20.8,52.0,1.0,6.0,0.7927083333333333
2024-04-17 07:30:00,481.0,21.55,50.5,0.0,7.0,0.80625
2024-04-17 07:45:00,482.0,22.3,49.0,0.0,4.0,0.8197916666666667
2024-04-17 08:00:00,494.0,22.65,49.0,0.0,3.0,0.8333333333333334
2024-04-17 08:15:00,488.0,23.0,49.0,0.0,4.0,0.4
2024-04-17 08:30:00,488.0,23.3,48.0,0.0,3.0,0.35714285714285715
2024-04-17 08:45:00,505.0,23.65,48.0,0.0,2.5,0.5714285714285714
2024-04-17 09:00:00,488.0,24.0,47.0,0.0,7.0,0.75
2024-04-17 09:15:00,487.0,24.15,46.5,0.0,3.0,0.47368421052631576
2024-04-17 09:30:00,490.0,24.3,46.0,0.0,2.0,1.2121212121212122
2024-04-17 09:45:00,484.0,24.3,45.0,0.0,3.0,1.368421052631579
2024-04-17 10:00:00,509.5,24.3,45.0,7.0,2.5,0.896551724137931
2024-04-17 10:15:00,520.0,24.3,45.0,16.0,2.0,1.1777777777777778
2024-04-17 10:30:00,504.5,24.3,45.0,7.0,2.5,1.9180327868852458
2024-04-17 10:45:00,521.0,24.3,45.0,1.0,3.0,3.3636363636363638
2024-04-17 11:00:00,537.0,24.0,45.0,19.0,3.0,1.446808510638298
2024-04-17 11:15:00,541.0,24.0,45.0,13.5,3.5,1.6470588235294117
2024-04-17 11:30:00,539.0,24.0,45.0,14.0,2.0,2.18348623853211
2024-04-17 11:45:00,549.0,24.0,45.0,19.0,1.0,2.0
2024-04-17 12:00:00,556.5,24.0,45.0,6.0,3.0,1.7878787878787878
2024-04-17 12:15:00,554.0,24.0,45.0,0.0,3.0,1.1428571428571428
2024-04-17 12:30:00,547.0,23.9,45.5,0.0,4.0,1.4230769230769231
2024-04-17 12:45:00,557.0,23.8,46.0,0.0,7.0,1.3783783783783783
2024-04-17 13:00:00,555.0,23.8,47.0,6.0,3.0,1.819672131147541
2024-04-17 13:15:00,535.0,23.8,45.5,3.0,3.0,2.4794520547945207
2024-04-17 13:30:00,548.0,23.8,44.0,1.0,2.0,3.111111111111111
2024-04-17 13:45:00,547.0,23.8,44.5,30.0,5.0,1.9215686274509804
2024-04-17 14:00:00,549.0,24.0,45.0,42.0,2.0,2.1176470588235294
2024-04-17 14:15:00,541.0,24.0,45.0,24.0,2.0,1.858974358974359
2024-04-17 14:30:00,529.5,24.0,45.0,8.5,3.0,1.0
2024-04-17 14:45:00,526.0,24.0,45.0,0.0,2.0,2.4011627906976742
2024-04-17 15:00:00,546.0,23.8,45.0,0.0,5.0,1.7727272727272727
2024-04-17 15:15:00,550.0,23.8,45.0,0.0,3.0,2.6117021276595747
2024-04-17 15:30:00,567.0,23.8,46.0,6.0,4.0,1.9152542372881356
2024-04-17 15:45:00,551.5,23.8,46.0,19.0,2.0,1.7766990291262137
2024-04-17 16:00:00,546.0,23.8,46.0,6.0,3.0,1.728395061728395
2024-04-17 16:15:00,539.0,23.8,46.0,19.0,2.0,1.1219512195121952
2024-04-17 16:30:00,531.0,23.5,47.0,10.0,3.0,1.148936170212766
2024-04-17 16:45:00,524.0,23.5,47.0,0.0,4.0,1.368421052631579
2024-04-17 17:00:00,516.5,23.5,46.5,14.0,3.0,1.7666666666666666
2024-04-17 17:15:00,520.0,23.5,47.0,0.0,3.0,1.6162790697674418
2024-04-17 17:30:00,525.0,23.5,47.0,0.0,2.0,1.9488636363636365
2024-04-17 17:45:00,529.5,23.5,48.0,0.0,2.5,1.9538461538461538
2024-04-17 18:00:00,532.0,23.3,48.0,0.0,4.0,2.1023622047244093
2024-04-17 18:15:00,534.0,23.4,47.5,3.0,3.5,0.6
2024-04-17 18:30:00,507.0,23.3,47.0,0.0,2.0,1.7407407407407407
2024-04-17 18:45:00,522.0,23.3,47.0,0.0,1.0,1.6428571428571428
2024-04-17 19:00:00,510.0,23.3,47.0,0.0,1.0,1.5
2024-04-17 19:15:00,499.0,23.3,46.0,0.0,1.0,0.3
2024-04-17 19:30:00,490.5,23.3,46.0,0.0,2.5,0.8
2024-04-17 19:45:00,480.0,23.3,46.0,0.0,2.0,0.9615384615384616
2024-04-17 20:00:00,476.0,23.3,46.0,0.0,5.0,1.368421052631579
2024-04-17 20:15:00,463.5,23.3,46.0,0.0,2.0,0.3333333333333333
2024-04-17 20:30:00,462.0,23.3,46.0,0.0,2.0,0.6363636363636364
2024-04-17 20:45:00,464.0,23.3,46.0,0.0,4.0,0.2
2024-04-17 21:00:00,469.5,23.3,46.0,0.0,3.0,0.3333333333333333
2024-04-17 21:15:00,459.0,23.3,46.0,0.0,2.0,0.4
2024-04-17 21:30:00,450.5,23.3,46.0,0.0,3.0,0.5
2024-04-17 21:45:00,467.0,23.3,46.0,0.0,1.0,0.0
2024-04-17 22:00:00,447.0,23.3,46.0,0.0,1.0,1.5
2024-04-17 22:15:00,464.5,23.3,46.0,0.0,1.5,1.8688524590163935
2024-04-17 22:30:00,461.0,23.3,46.0,0.0,2.0,1.5078064012490242
2024-04-17 22:45:00,455.5,23.3,47.0,0.0,1.0,1.1467603434816551
2024-04-17 23:00:00,473.0,23.3,47.0,0.0,4.0,0.7857142857142857
2024-04-17 23:15:00,455.0,23.5,47.0,0.0,2.0,0.5
2024-04-17 23:30:00,463.0,23.3,47.5,0.5,5.0,0.3333333333333333
2024-04-17 23:45:00,483.0,23.3,48.0,11.0,7.0,0.3333333333333333
2024-04-18 00:00:00,488.5,23.0,48.0,8.5,11.0,0.3333333333333333
2024-04-18 00:15:00,482.0,22.8,48.0,16.0,12.0,0.3333333333333333
2024-04-18 00:30:00,479.0,22.8,48.0,16.0,13.0,0.3333333333333333
2024-04-18 00:45:00,468.5,22.65,48.0,18.5,11.0,0.3333333333333333
2024-04-18 01:00:00,471.0,22.5,48.0,24.0,12.0,0.3333333333333333
2024-04-18 01:15:00,469.0,22.5,48.0,21.0,13.0,0.3333333333333333
2024-04-18 01:30:00,467.5,22.3,48.0,20.0,14.5,0.3333333333333333
2024-04-18 01:45:00,468.0,22.3,48.0,21.0,11.0,0.3333333333333333
2024-04-18 02:00:00,469.0,22.0,48.0,24.0,8.5,0.3333333333333333
2024-04-18 02:15:00,463.0,22.0,49.0,24.0,8.0,0.3333333333333333
2024-04-18 02:30:00,461.0,22.0,49.0,24.0,6.0,0.3333333333333333
2024-04-18 02:45:00,457.0,21.8,49.5,24.0,6.5,0.3333333333333333
2024-04-18 03:00:00,451.0,21.5,50.0,24.0,3.0,0.3333333333333333
2024-04-18 03:15:00,455.5,21.5,50.0,27.0,4.0,0.3333333333333333
2024-04-18 03:30:00,445.0,21.5,51.0,24.0,3.0,0.3333333333333333
2024-04-18 03:45:00,440.0,21.5,51.0,24.0,6.0,0.3333333333333333
2024-04-18 04:00:00,443.0,21.5,51.0,21.0,3.5,0.3333333333333333
2024-04-18 04:15:00,436.0,21.5,51.0,21.0,2.0,0.3333333333333333
2024-04-18 04:30:00,446.0,21.5,51.0,22.5,2.0,0.3333333333333333
2024-04-18 04:45:00,437.0,21.5,51.0,21.0,2.0,0.3333333333333333
2024-04-18 05:00:00,456.0,21.3,52.0,19.0,4.0,0.3333333333333333
2024-04-18 05:15:00,445.0,21.3,52.0,20.0,3.0,0.3333333333333333
2024-04-18 05:30:00,437.0,21.3,52.0,16.0,3.0,0.3333333333333333
2024-04-18 05:45:00,435.0,21.3,52.0,14.0,3.0,0.3333333333333333
2024-04-18 06:00:00,438.5,21.3,53.0,18.5,4.0,0.35
2024-04-18 06:15:00,443.0,21.3,53.0,18.0,2.0,0.3666666666666667
2024-04-18 06:30:00,444.5,21.3,53.0,16.0,1.0,0.38333333333333336
2024-04-18 06:45:00,441.0,21.3,53.0,16.0,3.0,0.4
2024-04-18 07:00:00,450.0,21.3,53.0,14.0,1.0,0.5571428571428572
2024-04-18 07:15:00,442.5,21.55,53.5,0.0,2.0,0.7142857142857143
2024-04-18 07:30:00,439.0,22.3,51.0,0.0,3.0,0.0
2024-04-18 07:45:00,452.0,22.9,50.0,0.0,2.0,0.8888888888888888
2024-04-18 08:00:00,435.0,23.3,49.0,0.0,1.0,0.9333333333333333
2024-04-18 08:15:00,448.0,23.3,49.0,0.0,1.0,0.3333333333333333
2024-04-18 08:30:00,467.5,23.65,48.5,0.0,1.0,0.4
2024-04-18 08:45:00,484.0,23.8,48.0,0.0,1.0,0.7142857142857143
2024-04-18 09:00:00,471.0,24.0,48.0,0.0,2.0,1.4193548387096775
2024-04-18 09:15:00,488.5,24.15,47.5,0.0,1.0,0.75
2024-04-18 09:30:00,486.0,24.5,46.0,0.0,2.0,1.3
2024-04-18 09:45:00,490.0,24.5,46.0,0.0,0.5,1.6521739130434783
2024-04-18 10:00:00,507.0,24.8,45.0,0.0,0.0,1.6470588235294117
2024-04-18 10:15:00,510.0,24.8,43.0,0.0,2.0,1.4090909090909092
2024-04-18 10:30:00,526.5,24.65,42.0,0.0,0.0,1.553191489361702
2024-04-18 10:45:00,554.0,24.3,41.0,0.0,3.0,2.58125
2024-04-18 11:00:00,549.5,24.0,41.0,9.0,0.0,2.52258064516129
2024-04-18 11:15:00,554.0,24.0,40.0,6.0,3.0,1.75
2024-04-18 11:30:00,541.0,23.8,40.0,0.0,1.0,1.6296296296296295
2024-04-18 11:45:00,538.0,23.8,40.0,0.0,4.0,2.411764705882353
2024-04-18 12:00:00,567.0,23.8,40.0,0.0,0.0,2.6054054054054054
2024-04-18 12:15:00,580.5,23.8,39.0,8.5,1.5,3.1488095238095237
2024-04-18 12:30:00,593.0,24.0,39.0,89.0,1.0,2.87248322147651
2024-04-18 12:45:00,569.0,24.0,39.0,64.0,4.0,3.089041095890411
2024-04-18 13:00:00,596.5,23.8,39.0,27.5,1.5,3.2
2024-04-18 13:15:00,633.0,23.8,39.0,16.0,3.0,3.2382978723404254
2024-04-18 13:30:00,620.0,23.8,39.0,74.0,4.0,3.63302752293578
2024-04-18 13:45:00,616.0,23.8,39.0,153.0,2.5,2.8876404494382024
2024-04-18 14:00:00,601.0,24.0,40.0,138.0,3.0,2.70873786407767
2024-04-18 14:15:00,592.5,24.0,40.0,91.0,3.0,1.872
2024-04-18 14:30:00,611.0,23.8,40.0,55.0,3.0,2.18796992481203
2024-04-18 14:45:00,593.0,23.8,40.0,32.0,4.0,3.834254143646409
2024-04-18 15:00:00,598.5,23.8,40.5,17.5,2.5,5.337164750957855
2024-04-18 15:15:00,618.0,23.8,41.0,14.0,4.0,4.02020202020202
2024-04-18 15:30:00,596.0,23.65,41.5,1.5,1.0,2.825
2024-04-18 15:45:00,591.0,23.5,42.0,0.0,2.0,2.1125827814569536
2024-04-18 16:00:00,574.0,23.5,42.0,0.0,1.0,3.0358744394618835
2024-04-18 16:15:00,579.0,23.5,43.5,0.0,1.5,2.697247706422018
2024-04-18 16:30:00,560.0,23.5,45.0,0.0,4.0,2.196319018404908
2024-04-18 16:45:00,563.5,23.5,45.0,0.0,1.0,2.1779661016949152
2024-04-18 17:00:00,551.0,23.5,46.0,0.0,2.0,2.186046511627907
2024-04-18 17:15:00,565.0,23.5,47.0,0.0,1.0,3.466666666666667
2024-04-18 17:30:00,570.5,23.5,48.0,16.0,0.5,3.0136054421768708
2024-04-18 17:45:00,585.0,23.8,49.0,50.0,3.0,2.9395973154362416
2024-04-18 18:00:00,580.0,23.8,49.0,62.0,4.0,1.2941176470588236
2024-04-18 18:15:00,587.0,23.8,50.0,68.0,1.5,1.1
2024-04-18 18:30:00,558.0,23.8,50.0,47.0,0.0,1.255813953488372
2024-04-18 18:45:00,553.0,23.8,50.0,29.0,2.0,1.1764705882352942
2024-04-18 19:00:00,529.0,23.8,50.0,16.0,1.0,1.1935483870967742
2024-04-18 19:15:00,538.0,23.8,50.0,11.0,0.0,2.225806451612903
2024-04-18 19:30:00,510.5,23.65,50.0,1.5,1.0,1.4081632653061225
2024-04-18 19:45:00,498.0,23.8,50.0,0.0,2.0,0.5833333333333334
2024-04-18 20:00:00,490.5,23.8,50.0,0.0,3.0,0.8
2024-04-18 20:15:00,495.0,23.8,50.0,0.0,1.0,1.0714285714285714
2024-04-18 20:30:00,498.0,23.8,51.0,0.0,1.0,1.5454545454545454
2024-04-18 20:45:00,488.0,23.8,50.0,0.0,1.5,1.3692307692307693
2024-04-18 21:00:00,476.0,23.8,50.0,0.0,3.0,1.0666666666666667
2024-04-18 21:15:00,468.5,23.8,50.0,0.0,1.5,0.5
2024-04-18 21:30:00,481.0,23.8,51.0,0.0,2.0,0.9032258064516129
2024-04-18 21:45:00,477.0,23.8,51.0,0.0,1.0,0.9047619047619048
2024-04-18 22:00:00,465.5,23.5,51.0,0.0,1.5,0.7647058823529411
2024-04-18 22:15:00,475.0,23.5,51.0,0.0,5.0,0.36363636363636365
2024-04-18 22:30:00,463.0,23.5,51.0,0.0,4.0,0.6666666666666666
2024-04-18 22:45:00,456.5,23.5,51.0,0.0,1.5,1.2173913043478262
2024-04-18 23:00:00,459.0,23.5,51.0,0.0,1.0,1.070048309178744
2024-04-18 23:15:00,451.5,23.5,51.0,0.0,1.5,0.9227053140096619
2024-04-18 23:30:00,465.0,23.5,51.0,0.0,1.0,0.7753623188405797
2024-04-18 23:45:00,463.0,23.5,50.0,0.0,3.0,0.6280193236714976
2024-04-19 00:00:00,468.0,23.5,51.0,0.0,5.0,0.4806763285024155
2024-04-19 00:15:00,463.0,23.3,51.0,0.0,1.0,0.3333333333333333
2024-04-19 00:30:00,458.0,23.3,51.0,0.0,2.5,0.3333333333333333
2024-04-19 00:45:00,459.0,23.3,51.0,0.0,1.0,0.3333333333333333
2024-04-19 01:00:00,450.0,23.0,51.0,0.0,1.0,0.3333333333333333
2024-04-19 01:15:00,457.5,23.0,51.5,0.0,1.0,0.3333333333333333
2024-04-19 01:30:00,452.0,22.8,52.0,0.0,1.0,0.3333333333333333
2024-04-19 01:45:00,441.5,22.8,52.0,1.5,3.0,0.3333333333333333
2024-04-19 02:00:00,459.0,22.8,52.0,3.0,3.0,0.3333333333333333
2024-04-19 02:15:00,446.0,22.5,52.0,3.0,1.0,0.6666666666666667
2024-04-19 02:30:00,446.5,22.5,52.0,8.5,3.0,1.0
2024-04-19 02:45:00,447.0,22.3,52.0,6.0,2.0,0.9166666666666666
2024-04-19 03:00:00,443.0,22.3,52.0,11.0,3.0,0.8333333333333333
2024-04-19 03:15:00,450.0,22.15,52.0,16.0,2.0,0.75
2024-04-19 03:30:00,447.0,22.0,52.0,24.0,1.0,0.6666666666666666
2024-04-19 03:45:00,433.5,22.0,52.0,17.5,2.0,0.5833333333333333
2024-04-19 04:00:00,446.0,22.0,52.0,16.0,1.0,0.5
2024-04-19 04:15:00,441.0,22.0,52.0,21.0,2.0,0.41666666666666663
2024-04-19 04:30:00,433.5,22.0,52.0,24.0,3.5,0.3333333333333333
2024-04-19 04:45:00,429.0,22.0,52.0,21.0,3.0,0.3333333333333333
2024-04-19 05:00:00,440.5,21.8,52.0,30.5,2.0,0.3333333333333333
2024-04-19 05:15:00,447.0,21.8,53.0,24.0,2.0,0.3333333333333333
2024-04-19 05:30:00,451.0,21.8,53.0,32.0,1.0,0.3333333333333333
2024-04-19 05:45:00,450.0,21.8,53.0,34.5,4.0,0.3333333333333333
2024-04-19 06:00:00,434.0,21.5,53.0,34.0,2.0,0.3333333333333333
2024-04-19 06:15:00,444.5,21.5,53.0,41.0,2.5,0.3333333333333333
2024-04-19 06:30:00,432.0,21.5,53.0,47.0,2.0,0.3333333333333333
2024-04-19 06:45:00,439.0,21.5,53.0,43.0,2.0,0.3333333333333333
2024-04-19 07:00:00,438.5,21.4,53.0,30.5,3.0,0.3333333333333333
2024-04-19 07:15:00,439.0,21.5,53.0,3.0,2.0,0.3333333333333333
2024-04-19 07:30:00,436.0,22.0,53.0,1.0,3.0,0.3333333333333333
2024-04-19 07:45:00,443.0,22.75,50.5,0.0,2.5,0.3333333333333333
2024-04-19 08:00:00,441.0,23.3,49.0,0.0,1.0,0.8529411764705882
2024-04-19 08:15:00,445.0,23.65,48.5,0.0,0.5,0.7142857142857143
2024-04-19 08:30:00,448.0,24.0,48.0,0.0,2.0,1.7714285714285714
2024-04-19 08:45:00,460.0,24.0,47.0,0.0,4.0,1.78125
2024-04-19 09:00:00,465.0,24.3,47.0,0.0,4.5,2.2435897435897436
2024-04-19 09:15:00,470.0,24.3,46.0,0.0,0.0,1.8557692307692308
2024-04-19 09:30:00,470.0,24.5,45.0,12.5,4.0,1.854368932038835
2024-04-19 09:45:00,475.0,24.3,45.0,9.0,4.0,1.9166666666666667
2024-04-19 10:00:00,492.0,24.3,44.0,0.0,7.0,2.9389312977099236
2024-04-19 10:15:00,496.5,24.0,44.0,0.0,3.5,3.5
2024-04-19 10:30:00,515.0,24.0,44.0,0.0,0.0,4.4
2024-04-19 10:45:00,502.0,24.0,43.0,2.0,0.0,3.8758169934640523
2024-04-19 11:00:00,502.0,24.0,43.0,0.0,2.0,3.201923076923077
2024-04-19 11:15:00,526.0,24.0,44.0,0.0,1.0,3.5757575757575757
2024-04-19 11:30:00,512.0,23.9,45.0,0.0,2.0,3.717391304347826
2024-04-19 11:45:00,511.0,23.8,46.0,0.0,1.0,3.492424242424242
2024-04-19 12:00:00,505.0,23.8,46.0,0.0,3.0,4.886363636363637
2024-04-19 12:15:00,536.5,23.8,46.5,37.0,4.5,3.8130841121495327
2024-04-19 12:30:00,533.0,24.0,47.0,0.0,2.0,2.4473684210526314
2024-04-19 12:45:00,529.5,24.0,47.0,92.5,1.0,2.358695652173913
2024-04-19 13:00:00,536.0,23.8,47.0,115.0,2.0,3.573099415204678
2024-04-19 13:15:00,556.0,23.8,47.0,128.0,2.0,2.78343949044586
2024-04-19 13:30:00,544.5,23.8,46.5,159.0,2.0,4.400921658986175
2024-04-19 13:45:00,546.0,24.0,46.0,169.0,4.0,4.473469387755102
2024-04-19 14:00:00,541.0,23.9,46.0,127.0,1.5,3.2095238095238097
2024-04-19 14:15:00,527.0,23.8,46.0,159.0,2.0,3.3666666666666667
2024-04-19 14:30:00,512.0,23.8,45.0,123.0,4.0,2.7549019607843137
2024-04-19 14:45:00,527.0,23.8,45.0,92.0,3.0,2.010869565217391
2024-04-19 15:00:00,537.0,23.8,45.0,140.0,2.0,2.2658227848101267
2024-04-19 15:15:00,529.5,23.8,45.5,195.5,2.5,1.5625
2024-04-19 15:30:00,553.0,23.8,46.0,287.0,3.0,2.8970588235294117
2024-04-19 15:45:00,529.0,23.8,46.0,491.0,3.0,2.5
2024-04-19 16:00:00,549.0,23.8,46.0,470.0,4.0,2.7857142857142856
2024-04-19 16:15:00,550.0,23.8,46.0,411.0,1.0,2.1358024691358026
2024-04-19 16:30:00,548.0,23.8,46.0,231.0,2.0,3.12
2024-04-19 16:45:00,532.0,23.8,47.5,124.0,2.5,2.38125
2024-04-19 17:00:00,516.0,23.8,48.0,74.0,1.0,3.0194174757281553
2024-04-19 17:15:00,505.5,23.8,48.0,39.5,2.5,2.5274725274725274
2024-04-19 17:30:00,511.0,23.8,48.0,24.0,2.0,2.697478991596639
2024-04-19 17:45:00,500.0,23.5,48.0,17.0,2.0,2.8359375
2024-04-19 18:00:00,501.5,23.5,48.0,15.0,3.0,2.5785714285714287
2024-04-19 18:15:00,501.0,23.5,48.0,14.0,3.0,2.406779661016949
2024-04-19 18:30:00,510.0,23.5,48.0,13.0,1.5,1.6344086021505377
2024-04-19 18:45:00,490.0,23.5,48.0,11.0,2.0,1.7407407407407407
2024-04-19 19:00:00,485.0,23.3,49.0,62.0,3.0,1.0625
2024-04-19 19:15:00,479.5,23.3,48.0,32.5,2.5,0.7391304347826086
2024-04-19 19:30:00,481.0,23.3,48.0,16.0,2.0,1.2549019607843137
2024-04-19 19:45:00,474.5,23.3,48.0,10.0,4.0,1.0357142857142858
2024-04-19 20:00:00,474.0,23.3,48.0,6.0,1.0,1.5
2024-04-19 20:15:00,452.0,23.3,48.0,3.0,3.0,1.3636363636363635
2024-04-19 20:30:00,448.5,23.3,47.0,2.5,3.5,0.25
2024-04-19 20:45:00,464.0,23.3,47.0,2.0,2.0,1.1818181818181819
2024-04-19 21:00:00,463.0,23.3,47.0,1.0,3.0,0.3333333333333333
2024-04-19 21:15:00,460.5,23.3,47.0,0.5,2.0,0.3333333333333333
2024-04-19 21:30:00,459.0,23.5,47.0,1.0,2.0,0.4166666666666667
2024-04-19 21:45:00,445.5,23.5,46.0,0.0,1.5,0.3
2024-04-19 22:00:00,441.0,23.5,46.0,0.0,1.0,0.5185185185185185
2024-04-19 22:15:00,462.0,23.5,46.0,0.0,0.0,0.5
2024-04-19 22:30:00,453.5,23.65,45.5,0.0,2.5,0.4166666666666667
2024-04-19 22:45:00,446.0,23.8,45.0,0.0,4.0,0.42857142857142855
2024-04-19 23:00:00,455.5,23.8,45.0,0.0,1.5,0.0
2024-04-19 23:15:00,455.0,23.8,45.0,3.0,2.0,0.2222222222222222
2024-04-19 23:30:00,476.0,23.5,46.0,14.0,1.0,0.4444444444444444
2024-04-19 23:45:00,470.0,23.3,46.0,21.5,1.5,0.6666666666666666
2024-04-20 00:00:00,456.0,23.0,46.0,32.0,1.0,0.25
2024-04-20 00:15:00,474.0,23.0,46.0,49.5,1.0,0.375
2024-04-20 00:30:00,469.0,22.8,46.0,55.0,3.0,0.8333333333333334
2024-04-20 00:45:00,485.0,22.8,46.0,108.0,12.0,1.0
2024-04-20 01:00:00,487.0,22.5,46.0,142.0,1.5,0.8
2024-04-20 01:15:00,480.0,22.5,46.0,108.0,3.0,0.5666666666666667
2024-04-20 01:30:00,473.0,22.3,46.0,97.0,3.0,0.3333333333333333
2024-04-20 01:45:00,468.0,22.15,46.0,78.0,1.0,0.3333333333333333
2024-04-20 02:00:00,477.0,22.0,46.0,67.0,3.0,0.3333333333333333
2024-04-20 02:15:00,484.0,21.9,46.0,63.0,3.0,0.3333333333333333
2024-04-20 02:30:00,481.0,21.8,46.0,67.0,2.0,0.3333333333333333
2024-04-20 02:45:00,479.0,21.8,46.0,64.0,4.0,0.3333333333333333
2024-04-20 03:00:00,477.0,21.5,46.0,52.0,2.5,0.3333333333333333
2024-04-20 03:15:00,479.0,21.5,46.0,47.0,2.0,0.3333333333333333
2024-04-20 03:30:00,482.5,21.3,46.0,50.0,3.5,0.3333333333333333
2024-04-20 03:45:00,484.0,21.3,46.0,47.0,1.0,0.3333333333333333
2024-04-20 04:00:00,471.0,21.0,47.0,45.0,2.0,0.3333333333333333
2024-04-20 04:15:00,471.5,21.0,47.0,43.5,3.0,0.3333333333333333
2024-04-20 04:30:00,492.0,20.8,47.0,39.0,1.0,0.3333333333333333
2024-04-20 04:45:00,483.5,20.8,47.0,40.5,4.0,0.3333333333333333
2024-04-20 05:00:00,475.0,20.5,47.0,42.0,8.0,0.3333333333333333
2024-04-20 05:15:00,472.0,20.5,47.0,37.0,2.0,0.3333333333333333
2024-04-20 05:30:00,465.0,20.4,47.0,35.5,3.0,0.3333333333333333
2024-04-20 05:45:00,466.0,20.3,47.0,37.0,4.0,0.3333333333333333
2024-04-20 06:00:00,476.0,20.3,47.0,34.0,3.0,0.3333333333333333
2024-04-20 06:15:00,476.5,20.15,47.0,32.0,1.5,0.3333333333333333
2024-04-20 06:30:00,492.0,20.0,47.0,27.0,1.0,0.3333333333333333
2024-04-20 06:45:00,461.0,20.0,47.0,27.0,7.5,0.3333333333333333
2024-04-20 07:00:00,451.0,19.8,48.0,14.0,2.0,0.3333333333333333
2024-04-20 07:15:00,463.0,20.0,48.0,0.0,2.0,0.3333333333333333
2024-04-20 07:30:00,460.0,20.9,46.5,0.0,0.5,0.3333333333333333
2024-04-20 07:45:00,454.0,22.0,45.0,0.0,1.0,0.3333333333333333
2024-04-20 08:00:00,456.5,22.55,45.0,0.0,2.0,0.3333333333333333
2024-04-20 08:15:00,438.0,23.3,44.0,0.0,0.0,0.3333333333333333
2024-04-20 08:30:00,456.0,23.8,43.0,0.0,3.0,0.3333333333333333
2024-04-20 08:45:00,448.5,24.4,43.0,0.0,3.0,0.3333333333333333
2024-04-20 09:00:00,449.0,24.8,42.0,0.0,1.0,0.3333333333333333
2024-04-20 09:15:00,448.0,24.8,41.5,0.0,1.5,0.3333333333333333
2024-04-20 09:30:00,436.0,24.8,42.0,0.0,0.0,1.0
2024-04-20 09:45:00,427.0,24.5,42.0,0.0,2.0,1.5
2024-04-20 10:00:00,436.0,24.3,42.0,0.0,1.0,1.4
2024-04-20 10:15:00,445.0,24.0,43.0,0.0,3.0,0.4444444444444444
2024-04-20 10:30:00,438.0,24.0,43.0,0.0,2.0,1.25
2024-04-20 10:45:00,447.0,23.8,42.5,0.0,3.0,0.3
2024-04-20 11:00:00,452.0,23.8,41.0,0.0,3.0,0.8
2024-04-20 11:15:00,439.0,23.5,40.0,0.0,2.5,0.9
2024-04-20 11:30:00,436.0,23.8,40.0,0.0,1.0,1.0
2024-04-20 11:45:00,435.0,23.8,40.0,0.0,2.0,0.3
2024-04-20 12:00:00,447.5,23.8,40.0,0.0,2.5,0.31666666666666665
2024-04-20 12:15:00,445.0,23.8,40.0,0.0,2.0,0.3333333333333333
2024-04-20 12:30:00,449.0,23.8,40.0,0.0,3.5,0.8
2024-04-20 12:45:00,441.0,23.8,40.0,0.0,2.0,0.7823529411764706
2024-04-20 13:00:00,445.0,23.5,40.0,0.0,4.0,0.7647058823529411
2024-04-20 13:15:00,444.0,23.5,40.0,0.0,1.5,0.4666666666666667
2024-04-20 13:30:00,436.0,23.5,40.0,0.0,0.0,0.3333333333333333
2024-04-20 13:45:00,440.0,23.5,40.0,0.0,2.0,0.8333333333333334
2024-04-20 14:00:00,445.0,23.5,39.0,0.0,2.0,0.6
2024-04-20 14:15:00,445.0,23.5,40.0,0.0,0.0,0.8526315789473684
2024-04-20 14:30:00,447.0,23.5,40.5,0.0,0.0,1.105263157894737
2024-04-20 14:45:00,442.0,23.5,41.0,0.0,4.0,0.3333333333333333
2024-04-20 15:00:00,454.0,23.5,41.0,0.0,2.0,0.5
2024-04-20 15:15:00,440.5,23.5,41.0,0.0,2.5,0.4
2024-04-20 15:30:00,442.0,23.5,41.0,0.0,1.0,0.4444444444444444
2024-04-20 15:45:00,440.0,23.5,41.0,0.0,3.5,1.5294117647058822
2024-04-20 16:00:00,462.0,23.5,41.0,0.0,2.0,1.2413793103448276
2024-04-20 16:15:00,461.0,23.3,42.0,0.0,2.0,1.5
2024-04-20 16:30:00,448.5,23.3,41.5,0.0,1.0,1.5686274509803921
2024-04-20 16:45:00,452.0,23.3,42.0,0.0,1.0,2.028169014084507
2024-04-20 17:00:00,457.5,23.3,42.0,40.5,2.0,1.9642857142857142
2024-04-20 17:15:00,449.0,23.3,41.0,32.0,0.0,1.7226890756302522
2024-04-20 17:30:00,458.0,23.3,41.0,11.0,2.0,1.5175438596491229
2024-04-20 17:45:00,463.5,23.3,41.5,0.5,2.5,1.6923076923076923
2024-04-20 18:00:00,464.0,23.3,42.0,0.0,1.0,0.8333333333333334
2024-04-20 18:15:00,447.0,23.3,41.0,0.0,1.5,1.5
2024-04-20 18:30:00,449.0,23.5,41.0,0.0,2.0,0.3333333333333333
2024-04-20 18:45:00,457.0,23.5,41.0,0.0,1.0,1.3823529411764706
2024-04-20 19:00:00,464.5,23.5,41.0,0.0,5.0,1.5
2024-04-20 19:15:00,450.0,23.5,41.0,0.0,3.0,0.7931034482758621
2024-04-20 19:30:00,465.0,23.5,40.0,0.0,1.0,1.0
2024-04-20 19:45:00,448.5,23.5,40.0,0.0,1.0,1.4166666666666667
2024-04-20 20:00:00,451.0,23.5,40.0,0.0,0.0,1.7352941176470589
2024-04-20 20:15:00,457.0,23.5,40.0,0.0,2.5,1.6119402985074627
2024-04-20 20:30:00,452.0,23.8,40.0,0.0,2.0,0.8
2024-04-20 20:45:00,445.0,23.8,39.0,0.0,2.0,0.25
2024-04-20 21:00:00,456.0,23.8,39.0,0.0,3.0,0.625
2024-04-20 21:15:00,448.0,23.8,39.0,0.0,1.0,1.0
2024-04-20 21:30:00,455.0,23.8,39.0,0.0,3.0,0.625
2024-04-20 21:45:00,456.0,23.8,39.0,0.0,1.0,1.1666666666666667
2024-04-20 22:00:00,456.0,23.8,39.0,0.0,7.0,0.5
2024-04-20 22:15:00,466.5,23.8,39.0,0.0,2.0,0.25
2024-04-20 22:30:00,454.0,23.8,39.0,0.0,1.0,0.0
2024-04-20 22:45:00,466.5,23.8,39.0,0.0,1.5,0.4166666666666667
2024-04-20 23:00:00,458.0,23.8,39.0,0.0,1.0,0.4444444444444444
2024-04-20 23:15:00,476.0,23.8,39.0,0.0,3.0,0.2
2024-04-20 23:30:00,462.5,23.65,39.0,0.0,2.0,0.46666666666666673
2024-04-20 23:45:00,453.0,23.5,40.0,0.0,2.0,0.7333333333333334
2024-04-21 00:00:00,477.0,23.3,40.0,0.0,1.0,1.0
2024-04-21 00:15:00,459.5,23.15,40.0,0.0,1.5,0.0
2024-04-21 00:30:00,459.0,23.0,41.0,0.0,1.0,0.08333333333333333
2024-04-21 00:45:00,462.0,22.8,41.0,0.0,3.5,0.16666666666666666
2024-04-21 01:00:00,471.0,22.8,41.0,0.0,4.0,0.25
2024-04-21 01:15:00,465.0,22.8,41.0,0.0,2.0,0.3333333333333333
2024-04-21 01:30:00,454.5,22.5,41.0,0.0,2.0,0.3333333333333333
2024-04-21 01:45:00,460.0,22.5,42.0,3.0,2.0,0.3333333333333333
2024-04-21 02:00:00,458.5,22.3,42.0,6.0,2.0,0.3333333333333333
2024-04-21 02:15:00,452.0,22.3,42.0,3.0,2.0,0.3333333333333333
2024-04-21 02:30:00,460.0,22.0,43.0,3.0,4.0,0.3333333333333333
2024-04-21 02:45:00,451.0,22.0,43.0,4.5,4.0,0.3333333333333333
2024-04-21 03:00:00,462.0,22.0,43.0,6.0,3.0,0.3333333333333333
2024-04-21 03:15:00,459.5,22.0,43.0,7.0,3.5,0.3333333333333333
2024-04-21 03:30:00,463.0,22.0,43.0,14.0,5.0,0.3333333333333333
2024-04-21 03:45:00,447.0,22.0,43.0,11.0,4.0,0.3333333333333333
2024-04-21 04:00:00,462.5,21.8,43.0,8.5,2.0,0.3333333333333333
2024-04-21 04:15:00,471.0,21.8,43.0,3.0,2.0,0.3333333333333333
2024-04-21 04:30:00,453.0,21.8,43.0,6.0,7.0,0.3333333333333333
2024-04-21 04:45:00,453.5,21.8,43.0,3.0,4.0,0.3333333333333333
2024-04-21 05:00:00,466.0,21.5,44.0,3.0,5.0,0.3333333333333333
2024-04-21 05:15:00,446.0,21.5,44.0,3.0,2.5,0.3333333333333333
2024-04-21 05:30:00,453.0,21.5,44.0,3.0,4.0,0.3333333333333333
2024-04-21 05:45:00,464.0,21.3,44.0,3.0,5.0,0.3333333333333333
2024-04-21 06:00:00,451.0,21.3,44.0,2.0,4.0,0.3333333333333333
2024-04-21 06:15:00,460.0,21.3,45.0,3.0,3.0,0.3333333333333333
2024-04-21 06:30:00,448.0,21.3,45.0,1.5,4.5,0.3333333333333333
2024-04-21 06:45:00,455.0,21.0,45.0,1.0,4.0,0.3333333333333333
2024-04-21 07:00:00,453.0,21.0,45.0,0.0,2.0,0.3333333333333333
2024-04-21 07:15:00,456.0,21.4,45.0,0.0,1.5,0.3333333333333333
2024-04-21 07:30:00,463.0,22.3,43.0,0.0,2.0,0.3333333333333333
2024-04-21 07:45:00,460.5,23.05,42.0,0.0,1.5,0.3333333333333333
2024-04-21 08:00:00,465.0,23.8,41.0,0.0,3.0,0.3333333333333333
2024-04-21 08:15:00,460.0,24.0,40.0,0.0,3.0,0.3333333333333333
2024-04-21 08:30:00,461.5,24.0,40.0,0.0,2.0,0.3333333333333333
2024-04-21 08:45:00,466.0,24.0,40.0,0.0,1.0,0.3333333333333333
2024-04-21 09:00:00,468.0,24.0,40.0,0.0,1.0,0.3333333333333333
2024-04-21 09:15:00,452.0,23.9,40.5,0.0,3.5,0.3333333333333333
2024-04-21 09:30:00,461.0,23.8,41.0,0.0,4.0,0.3333333333333333
2024-04-21 09:45:00,445.0,23.65,41.0,0.0,2.0,0.3333333333333333
2024-04-21 10:00:00,445.0,23.5,42.0,0.0,2.0,0.3333333333333333
2024-04-21 10:15:00,429.0,23.5,42.0,0.0,1.0,0.3333333333333333
2024-04-21 10:30:00,437.5,23.5,42.0,0.0,4.0,0.4222222222222222
2024-04-21 10:45:00,450.0,23.3,43.0,0.0,0.0,0.5111111111111111
2024-04-21 11:00:00,437.5,23.3,43.0,0.0,1.0,0.6
2024-04-21 11:15:00,437.0,23.5,43.0,0.0,4.0,0.4
2024-04-21 11:30:00,443.0,23.5,42.0,0.0,1.0,0.5
2024-04-21 11:45:00,449.0,23.5,41.5,0.0,3.0,0.0
2024-04-21 12:00:00,430.0,23.5,41.0,0.0,4.0,0.4
2024-04-21 12:15:00,432.0,23.5,40.0,0.0,2.0,0.38666666666666666
2024-04-21 12:30:00,442.0,23.5,40.0,0.0,6.0,0.37333333333333335
2024-04-21 12:45:00,441.0,23.5,40.0,0.0,1.0,0.36
2024-04-21 13:00:00,431.5,23.5,40.0,0.0,0.5,0.3466666666666667
2024-04-21 13:15:00,434.0,23.5,40.0,0.0,1.0,0.3333333333333333
2024-04-21 13:30:00,455.0,23.8,40.0,0.0,1.0,0.47916666666666663
2024-04-21 13:45:00,442.0,23.8,40.0,0.0,1.5,0.625
2024-04-21 14:00:00,454.0,23.8,40.0,0.0,1.0,0.5909090909090909
2024-04-21 14:15:00,443.0,23.8,40.0,0.0,2.0,0.43478260869565216
2024-04-21 14:30:00,446.0,23.8,40.0,0.0,1.0,0.42857142857142855
2024-04-21 14:45:00,449.0,23.8,40.0,0.0,1.0,1.05
2024-04-21 15:00:00,446.5,23.65,40.0,0.0,2.5,0.3333333333333333
2024-04-21 15:15:00,461.0,23.5,40.0,0.0,1.0,0.625
2024-04-21 15:30:00,446.0,23.5,40.0,0.0,1.5,1.3076923076923077
2024-04-21 15:45:00,465.0,23.5,40.0,0.0,4.0,0.6666666666666666
2024-04-21 16:00:00,452.0,23.5,40.0,0.0,1.0,0.9230769230769231
2024-04-21 16:15:00,448.0,23.4,40.0,0.0,3.0,0.8518518518518519
2024-04-21 16:30:00,452.0,23.3,40.0,0.0,2.0,0.38461538461538464
2024-04-21 16:45:00,448.5,23.3,40.0,0.0,2.0,1.3225806451612903
2024-04-21 17:00:00,458.0,23.3,40.0,0.0,2.0,2.064516129032258
2024-04-21 17:15:00,433.0,23.3,40.0,0.0,4.0,0.25
2024-04-21 17:30:00,440.5,23.3,40.5,0.0,2.0,0.4
2024-04-21 17:45:00,435.0,23.3,41.0,0.0,1.0,1.3
2024-04-21 18:00:00,429.5,23.3,41.0,0.0,1.0,1.4096385542168675
2024-04-21 18:15:00,450.0,23.3,41.0,21.0,1.0,0.96
2024-04-21 18:30:00,452.0,23.3,41.0,16.0,1.0,1.411764705882353
2024-04-21 18:45:00,464.0,23.5,40.5,10.0,1.0,1.5
2024-04-21 19:00:00,475.0,23.5,40.0,37.0,1.0,2.0256410256410255
2024-04-21 19:15:00,464.0,23.5,40.0,50.0,1.0,1.6829268292682926
2024-04-21 19:30:00,457.5,23.5,40.0,21.5,2.0,1.5
2024-04-21 19:45:00,467.0,23.8,40.0,3.0,2.0,1.8
2024-04-21 20:00:00,472.5,23.8,40.0,3.0,1.5,1.5384615384615385
2024-04-21 20:15:00,473.0,23.8,40.0,0.0,6.0,1.2692307692307692
2024-04-21 20:30:00,478.0,24.0,40.0,0.0,4.0,1.98
2024-04-21 20:45:00,468.0,24.0,40.0,0.0,2.5,1.5
2024-04-21 21:00:00,456.0,23.8,40.0,0.0,2.0,1.5
2024-04-21 21:15:00,472.0,24.0,40.0,0.0,1.0,1.2222222222222223
2024-04-21 21:30:00,486.0,24.0,40.0,0.0,4.0,1.5714285714285714
2024-04-21 21:45:00,476.0,24.0,40.0,0.0,2.0,1.0
2024-04-21 22:00:00,472.5,24.0,39.5,0.0,1.0,1.3333333333333333
2024-04-21 22:15:00,477.0,24.0,39.0,0.0,1.0,0.7142857142857143
2024-04-21 22:30:00,458.0,24.3,39.0,0.0,1.5,1.75
2024-04-21 22:45:00,462.0,24.0,39.0,0.0,1.0,2.27027027027027
2024-04-21 23:00:00,466.0,23.8,40.0,0.0,1.0,1.9615384615384615
2024-04-21 23:15:00,478.0,23.65,40.0,0.0,2.5,0.9565217391304348
2024-04-21 23:30:00,491.0,23.5,40.0,0.0,1.0,0.42857142857142855
2024-04-21 23:45:00,492.0,23.3,40.0,0.0,2.0,0.3
2024-04-22 00:00:00,492.0,23.3,40.0,0.0,3.5,0.6666666666666666
2024-04-22 00:15:00,462.0,23.0,40.0,0.0,2.0,0.5833333333333333
2024-04-22 00:30:00,484.5,22.8,40.0,0.0,1.0,0.5
2024-04-22 00:45:00,477.0,22.8,40.0,0.0,2.0,0.41666666666666663
2024-04-22 01:00:00,468.0,22.5,40.0,1.0,2.0,0.3333333333333333
2024-04-22 01:15:00,467.0,22.3,41.0,10.0,3.5,0.3611111111111111
2024-04-22 01:30:00,467.0,22.0,41.0,1.0,1.0,0.3888888888888889
2024-04-22 01:45:00,460.5,21.9,41.0,7.0,3.0,0.41666666666666663
2024-04-22 02:00:00,455.0,21.8,41.0,3.0,3.0,0.4444444444444444
2024-04-22 02:15:00,455.0,21.5,42.0,3.0,4.0,0.4722222222222222
2024-04-22 02:30:00,468.5,21.5,42.0,3.0,4.0,0.5
2024-04-22 02:45:00,470.0,21.3,42.0,1.0,3.0,0.0
2024-04-22 03:00:00,463.0,21.3,42.0,1.0,3.0,0.023809523809523808
2024-04-22 03:15:00,470.0,21.0,42.0,1.0,6.0,0.047619047619047616
2024-04-22 03:30:00,461.0,20.8,42.0,3.0,5.0,0.07142857142857142
2024-04-22 03:45:00,458.5,20.8,42.5,1.0,4.5,0.09523809523809523
2024-04-22 04:00:00,468.0,20.5,43.0,1.0,3.0,0.11904761904761904
2024-04-22 04:15:00,463.0,20.5,43.0,1.0,5.0,0.14285714285714285
2024-04-22 04:30:00,449.5,20.5,43.0,0.0,4.0,0.16666666666666666
2024-04-22 04:45:00,449.0,20.3,43.0,0.0,6.0,0.19047619047619047
2024-04-22 05:00:00,452.0,20.3,43.0,0.0,4.0,0.21428571428571427
2024-04-22 05:15:00,451.0,20.3,43.0,6.0,6.0,0.23809523809523808
2024-04-22 05:30:00,455.0,20.3,43.0,14.0,5.0,0.2619047619047619
2024-04-22 05:45:00,460.5,20.15,43.0,8.5,3.5,0.2857142857142857
2024-04-22 06:00:00,452.0,20.0,43.0,3.0,5.0,0.30952380952380953
2024-04-22 06:15:00,462.0,20.0,43.0,1.0,6.0,0.3333333333333333
2024-04-22 06:30:00,451.0,20.0,43.0,1.0,3.0,0.3333333333333333
2024-04-22 06:45:00,463.0,19.8,43.0,0.0,3.0,0.3333333333333333
2024-04-22 07:00:00,460.5,19.8,43.5,0.0,3.5,0.3333333333333333
2024-04-22 07:15:00,449.0,19.8,44.0,0.0,6.0,0.3333333333333333
2024-04-22 07:30:00,469.5,20.55,43.0,0.0,1.0,0.3333333333333333
2024-04-22 07:45:00,477.0,21.0,42.0,0.0,1.0,0.3333333333333333
2024-04-22 08:00:00,475.0,21.5,42.0,0.0,2.0,1.5846153846153845
2024-04-22 08:15:00,468.5,21.65,42.0,0.0,2.5,1.4242424242424243
2024-04-22 08:30:00,478.0,21.8,41.0,0.0,1.0,0.6521739130434783
2024-04-22 08:45:00,470.0,22.0,41.0,0.0,2.0,0.55
2024-04-22 09:00:00,484.0,22.15,40.5,0.0,2.0,0.5333333333333333
2024-04-22 09:15:00,487.0,22.5,40.0,0.0,1.0,1.7303370786516854
2024-04-22 09:30:00,487.0,22.65,39.0,0.0,3.5,2.141891891891892
2024-04-22 09:45:00,512.0,22.8,39.0,0.0,1.0,2.6466666666666665
2024-04-22 10:00:00,508.0,23.0,39.0,0.0,1.0,0.5714285714285714
2024-04-22 10:15:00,498.0,23.65,38.0,0.0,1.0,1.0
2024-04-22 10:30:00,477.0,24.0,38.0,0.0,1.0,0.8125
2024-04-22 10:45:00,493.5,24.4,38.0,0.0,1.5,2.0126582278481013
2024-04-22 11:00:00,507.0,24.5,37.0,0.0,1.0,2.6783625730994154
2024-04-22 11:15:00,505.0,24.8,37.0,0.0,1.0,1.8727272727272728
2024-04-22 11:30:00,512.0,24.8,38.0,0.0,2.0,2.1204819277108435
2024-04-22 11:45:00,533.0,24.8,38.0,0.0,6.0,2.245614035087719
2024-04-22 12:00:00,532.0,24.5,39.0,0.0,3.0,1.8481012658227849
2024-04-22 12:15:00,517.0,24.3,39.0,0.0,4.0,1.4523809523809523
2024-04-22 12:30:00,553.0,24.3,39.0,0.0,5.0,2.2291666666666665
2024-04-22 12:45:00,535.5,24.3,38.5,0.0,9.0,1.7905405405405406
2024-04-22 13:00:00,521.0,24.3,38.0,0.0,10.0,2.3312101910828025
2024-04-22 13:15:00,502.0,24.0,37.0,0.0,8.0,1.7476635514018692
2024-04-22 13:30:00,506.5,23.9,36.0,0.0,13.0,1.9066666666666667
2024-04-22 13:45:00,516.0,23.8,37.0,0.0,6.0,1.786259541984733
2024-04-22 14:00:00,508.5,23.8,34.5,0.0,9.5,4.290909090909091
2024-04-22 14:15:00,521.0,23.5,33.0,0.0,5.0,4.237288135593221
2024-04-22 14:30:00,511.0,23.5,33.0,0.0,6.0,4.4144736842105265
2024-04-22 14:45:00,508.0,23.5,33.0,0.0,6.5,3.5
2024-04-22 15:00:00,506.0,23.5,33.0,0.0,5.0,3.7244094488188977
2024-04-22 15:15:00,521.5,23.5,33.0,0.0,6.5,3.165137614678899
2024-04-22 15:30:00,507.0,23.5,33.0,0.0,6.0,2.3636363636363638
2024-04-22 15:45:00,481.0,23.5,33.0,0.0,14.0,3.8072916666666665
2024-04-22 16:00:00,519.5,23.4,32.5,0.0,6.0,3.2732919254658386
2024-04-22 16:15:00,523.0,23.3,33.0,0.0,7.0,4.519607843137255
2024-04-22 16:30:00,532.5,23.3,33.5,0.0,4.0,2.8461538461538463
2024-04-22 16:45:00,531.0,23.3,34.0,0.0,3.0,3.7083333333333335
2024-04-22 17:00:00,561.0,23.3,35.0,0.0,8.0,2.980952380952381
2024-04-22 17:15:00,587.5,23.15,36.0,0.0,4.5,2.9765625
2024-04-22 17:30:00,574.0,23.0,36.0,0.0,4.0,3.823529411764706
2024-04-22 17:45:00,582.0,23.0,37.0,0.0,6.0,4.062111801242236
2024-04-22 18:00:00,575.5,22.9,37.0,0.0,2.0,3.01010101010101
2024-04-22 18:15:00,541.0,22.8,37.0,0.0,4.0,1.3043478260869565
2024-04-22 18:30:00,493.0,22.8,37.0,0.0,8.0,0.3333333333333333
2024-04-22 18:45:00,469.0,22.8,37.0,0.0,3.0,0.3333333333333333
2024-04-22 19:00:00,467.0,22.8,37.0,0.0,3.0,1.25
2024-04-22 19:15:00,467.0,22.65,37.0,0.0,7.0,0.5
2024-04-22 19:30:00,485.0,22.5,37.0,0.0,7.0,0.4117647058823529
2024-04-22 19:45:00,464.5,22.5,37.0,0.0,9.0,0.5
2024-04-22 20:00:00,467.0,22.5,37.0,0.0,6.0,0.6086956521739131
2024-04-22 20:15:00,470.0,22.5,37.0,0.0,13.0,0.3
2024-04-22 20:30:00,461.0,22.65,36.0,0.0,7.0,0.7
2024-04-22 20:45:00,471.0,22.8,36.0,0.0,7.0,1.3962264150943395
2024-04-22 21:00:00,469.0,22.8,35.5,0.0,8.0,1.5512820512820513
2024-04-22 21:15:00,477.0,22.8,35.0,0.0,6.0,1.8548387096774193
2024-04-22 21:30:00,481.0,22.8,35.0,0.0,6.0,1.3571428571428572
2024-04-22 21:45:00,482.0,22.9,35.0,0.0,6.5,0.5454545454545454
2024-04-22 22:00:00,498.0,23.0,35.0,0.0,9.0,0.42857142857142855
2024-04-22 22:15:00,462.0,23.0,34.0,0.0,8.0,0.4444444444444444
2024-04-22 22:30:00,466.5,23.0,34.0,0.0,7.0,0.38888888888888884
2024-04-22 22:45:00,464.0,23.0,34.0,0.0,7.0,0.3333333333333333
2024-04-22 23:00:00,464.5,23.0,34.0,0.0,5.0,0.3333333333333333
2024-04-22 23:15:00,464.0,23.0,34.0,0.0,5.0,0.5
2024-04-22 23:30:00,490.0,23.0,35.0,0.0,9.0,0.8
2024-04-22 23:45:00,498.5,22.8,35.0,0.0,14.5,1.0
2024-04-23 00:00:00,515.0,22.8,35.0,0.0,18.0,1.5454545454545454
2024-04-23 00:15:00,491.5,22.8,35.0,0.0,14.0,0.9393939393939393
2024-04-23 00:30:00,488.0,22.5,36.0,0.0,12.0,0.3333333333333333
2024-04-23 00:45:00,481.0,22.5,36.0,0.0,13.0,0.3333333333333333
2024-04-23 01:00:00,481.5,22.5,36.0,0.0,15.5,0.3333333333333333
2024-04-23 01:15:00,477.0,22.3,36.0,0.0,23.0,0.3333333333333333
2024-04-23 01:30:00,478.5,22.3,36.0,0.0,16.0,0.37254901960784315
2024-04-23 01:45:00,474.0,22.3,36.0,0.0,12.0,0.4117647058823529
2024-04-23 02:00:00,472.0,22.0,36.0,0.0,23.0,0.45098039215686275
2024-04-23 02:15:00,456.5,22.0,36.0,0.0,17.0,0.4901960784313726
2024-04-23 02:30:00,465.0,22.0,36.0,0.0,20.0,0.5294117647058824
2024-04-23 02:45:00,469.0,22.0,36.0,0.0,17.0,0.5686274509803921
2024-04-23 03:00:00,447.5,21.8,36.0,0.0,15.5,0.607843137254902
2024-04-23 03:15:00,455.0,21.8,36.0,3.0,18.0,0.6470588235294118
2024-04-23 03:30:00,444.0,21.65,36.0,6.0,18.5,0.6862745098039216
2024-04-23 03:45:00,451.0,21.5,36.0,11.0,18.0,0.7254901960784315
2024-04-23 04:00:00,443.0,21.5,36.0,6.0,18.0,0.7647058823529412
2024-04-23 04:15:00,450.5,21.3,36.0,10.0,17.0,0.803921568627451
2024-04-23 04:30:00,445.0,21.3,36.0,6.0,16.0,0.8431372549019609
2024-04-23 04:45:00,435.5,21.3,36.5,0.0,15.5,0.8823529411764706
2024-04-23 05:00:00,440.0,21.3,37.0,0.0,15.0,0.9215686274509804
2024-04-23 05:15:00,442.0,21.3,37.0,0.0,16.0,0.9607843137254903
2024-04-23 05:30:00,440.5,21.0,37.0,0.5,15.5,1.0
2024-04-23 05:45:00,448.0,21.0,37.0,0.0,16.0,0.0
2024-04-23 06:00:00,445.5,21.0,37.0,2.0,14.5,0.041666666666666664
2024-04-23 06:15:00,436.0,21.0,37.0,0.0,15.0,0.08333333333333333
2024-04-23 06:30:00,446.0,21.0,37.0,0.0,15.0,0.125
2024-04-23 06:45:00,445.5,21.0,37.0,0.5,18.0,0.16666666666666666
2024-04-23 07:00:00,450.0,20.8,36.0,0.0,10.0,0.20833333333333331
2024-04-23 07:15:00,459.0,21.0,36.0,0.0,7.0,0.25
2024-04-23 07:30:00,444.5,21.75,34.5,0.0,5.5,0.2916666666666667
2024-04-23 07:45:00,450.0,22.5,34.0,0.0,5.0,0.3333333333333333
2024-04-23 08:00:00,450.0,23.15,33.0,0.0,4.0,1.0909090909090908
2024-04-23 08:15:00,482.0,23.3,33.0,0.0,3.0,1.4130434782608696
2024-04-23 08:30:00,450.0,23.0,33.0,0.0,4.0,1.09375
2024-04-23 08:45:00,461.5,23.0,33.0,0.0,3.5,1.1590909090909092
2024-04-23 09:00:00,474.0,23.0,34.0,0.0,6.0,1.6923076923076923
2024-04-23 09:15:00,468.5,23.0,34.0,0.0,3.5,1.7078651685393258
2024-04-23 09:30:00,483.0,23.0,35.0,3.0,2.0,1.565217391304348
2024-04-23 09:45:00,483.0,23.0,35.0,0.0,3.0,1.9491525423728813
2024-04-23 10:00:00,495.0,23.15,35.0,0.0,3.5,2.2142857142857144
2024-04-23 10:15:00,497.0,23.3,35.0,0.0,5.0,2.891891891891892
2024-04-23 10:30:00,492.5,23.5,35.0,0.0,4.0,1.5357142857142858
2024-04-23 10:45:00,498.0,23.5,35.0,0.0,3.0,1.7777777777777777
2024-04-23 11:00:00,494.0,23.8,35.0,0.0,2.0,2.559055118110236
2024-04-23 11:15:00,495.0,24.0,36.0,0.0,5.5,2.9084967320261437
2024-04-23 11:30:00,522.0,24.0,36.0,0.0,3.0,4.0
2024-04-23 11:45:00,513.0,24.0,36.0,11.0,1.0,3.346590909090909
2024-04-23 12:00:00,499.5,24.0,37.0,0.0,4.5,2.606741573033708
2024-04-23 12:15:00,477.0,24.0,37.0,0.0,4.0,2.991304347826087
2024-04-23 12:30:00,480.5,24.0,38.0,0.0,2.5,2.682926829268293
2024-04-23 12:45:00,476.0,24.0,38.0,0.0,6.0,2.4959349593495936
2024-04-23 13:00:00,488.0,24.0,38.0,0.0,5.0,1.643835616438356
2024-04-23 13:15:00,500.0,23.8,38.0,0.0,3.5,1.5961538461538463
2024-04-23 13:30:00,504.0,23.8,38.0,0.0,2.0,1.6557377049180328
2024-04-23 13:45:00,504.0,23.65,38.0,5.5,4.0,1.7476635514018692
2024-04-23 14:00:00,520.0,23.5,37.0,11.0,3.0,2.2892561983471076
2024-04-23 14:15:00,496.0,23.5,37.0,0.0,3.0,2.4705882352941178
2024-04-23 14:30:00,505.0,23.5,37.0,0.0,2.5,4.121794871794871
2024-04-23 14:45:00,498.0,23.8,37.0,0.0,3.0,3.0580645161290323
2024-04-23 15:00:00,488.0,23.8,37.0,1.5,4.0,3.130434782608696
2024-04-23 15:15:00,464.0,24.0,36.0,0.0,2.0,3.418918918918919
2024-04-23 15:30:00,487.0,23.8,36.0,0.0,3.0,3.694915254237288
2024-04-23 15:45:00,487.5,23.5,37.0,0.0,2.5,3.3641975308641974
2024-04-23 16:00:00,504.0,23.5,36.0,0.0,4.0,4.116564417177914
2024-04-23 16:15:00,510.0,23.3,36.0,0.0,3.0,4.377272727272727
2024-04-23 16:30:00,507.0,23.3,37.0,0.0,2.5,3.3076923076923075
2024-04-23 16:45:00,513.0,23.3,38.0,0.0,1.0,4.658031088082901
2024-04-23 17:00:00,519.5,23.15,39.5,0.0,2.0,2.764705882352941
2024-04-23 17:15:00,549.0,23.0,41.0,0.0,2.0,4.0
2024-04-23 17:30:00,577.0,23.0,41.0,0.0,1.0,3.489539748953975
2024-04-23 17:45:00,554.0,23.0,41.5,0.0,3.5,2.4301075268817205
2024-04-23 18:00:00,540.0,23.0,42.0,0.0,2.0,4.096969696969697
2024-04-23 18:15:00,542.5,22.9,42.0,0.0,2.0,3.1818181818181817
2024-04-23 18:30:00,552.0,22.8,42.0,0.0,1.0,2.7888888888888888
2024-04-23 18:45:00,548.0,22.8,41.0,0.0,1.0,3.246153846153846
2024-04-23 19:00:00,535.5,22.8,40.5,0.0,1.0,3.3191489361702127
2024-04-23 19:15:00,531.0,22.8,40.0,0.0,2.0,2.4545454545454546
2024-04-23 19:30:00,507.0,22.8,39.0,0.0,2.5,2.13953488372093
2024-04-23 19:45:00,488.0,22.8,38.0,0.0,3.0,1.6724137931034482
2024-04-23 20:00:00,488.0,22.8,38.0,0.0,2.0,1.588235294117647
2024-04-23 20:15:00,479.0,22.8,37.0,0.0,4.5,1.5517241379310345
2024-04-23 20:30:00,504.0,22.5,37.0,0.0,1.0,1.2
2024-04-23 20:45:00,485.0,22.5,37.0,0.0,1.0,0.375
2024-04-23 21:00:00,480.0,22.5,37.5,0.0,3.5,0.25
2024-04-23 21:15:00,453.0,22.5,38.0,0.0,3.0,0.3333333333333333
2024-04-23 21:30:00,454.0,22.5,40.0,0.0,3.0,0.3333333333333333
2024-04-23 21:45:00,451.0,22.3,44.0,0.0,1.0,0.3333333333333333
2024-04-23 22:00:00,450.0,22.5,45.0,0.0,1.0,0.3333333333333333
2024-04-23 22:15:00,448.5,22.8,47.5,0.0,3.0,0.3333333333333333
2024-04-23 22:30:00,452.0,23.0,49.0,0.0,2.0,0.75
2024-04-23 22:45:00,444.5,23.0,50.0,0.0,1.0,0.5416666666666666
2024-04-23 23:00:00,441.0,23.0,51.0,0.0,1.0,0.3333333333333333
2024-04-23 23:15:00,445.0,23.0,51.0,0.0,1.0,0.4027777777777778
2024-04-23 23:30:00,453.5,23.0,50.5,0.0,2.0,0.4722222222222222
2024-04-23 23:45:00,446.0,22.8,50.0,0.0,3.0,0.5416666666666666
2024-04-24 00:00:00,432.0,22.65,49.0,0.0,2.0,0.6111111111111112
2024-04-24 00:15:00,440.0,22.5,49.0,0.0,4.0,0.6805555555555556
2024-04-24 00:30:00,425.0,22.3,48.0,11.0,7.0,0.75
2024-04-24 00:45:00,440.5,22.0,48.0,8.5,3.0,0.7589285714285714
2024-04-24 01:00:00,435.0,21.8,48.0,1.0,2.0,0.7678571428571429
2024-04-24 01:15:00,437.0,21.8,48.0,9.0,2.0,0.7767857142857143
2024-04-24 01:30:00,432.0,21.8,48.0,6.0,8.0,0.7857142857142857
2024-04-24 01:45:00,433.0,21.8,48.0,9.0,2.0,0.7946428571428571
2024-04-24 02:00:00,433.5,21.5,48.0,27.5,1.5,0.8035714285714286
2024-04-24 02:15:00,430.0,21.3,48.0,24.0,2.0,0.8125
2024-04-24 02:30:00,423.0,21.3,48.0,32.0,1.0,0.8214285714285714
2024-04-24 02:45:00,430.5,21.0,48.0,47.5,1.0,0.8303571428571429
2024-04-24 03:00:00,431.0,21.0,48.0,55.0,2.0,0.8392857142857143
2024-04-24 03:15:00,429.5,20.8,48.0,35.5,3.5,0.8482142857142857
2024-04-24 03:30:00,431.0,20.8,48.0,27.0,4.0,0.8571428571428571
2024-04-24 03:45:00,432.0,20.5,48.0,42.0,6.0,0.8660714285714286
2024-04-24 04:00:00,431.5,20.5,48.0,20.5,1.0,0.875
2024-04-24 04:15:00,429.0,20.3,48.0,21.0,2.0,0.8839285714285714
2024-04-24 04:30:00,426.0,20.3,48.0,4.5,2.0,0.8928571428571428
2024-04-24 04:45:00,432.0,20.3,48.0,3.0,4.0,0.9017857142857143
2024-04-24 05:00:00,424.0,20.0,48.0,9.0,3.0,0.9107142857142857
2024-04-24 05:15:00,433.0,20.3,48.0,33.0,1.0,0.9196428571428572
2024-04-24 05:30:00,429.0,20.3,49.0,29.0,2.0,0.9285714285714286
2024-04-24 05:45:00,433.0,20.3,49.0,24.0,3.0,0.9375
2024-04-24 06:00:00,423.5,20.15,49.0,16.5,3.0,0.9464285714285714
2024-04-24 06:15:00,445.0,20.0,49.0,11.0,1.0,0.9553571428571428
2024-04-24 06:30:00,432.5,20.0,49.0,11.0,3.5,0.9642857142857143
2024-04-24 06:45:00,434.0,20.0,49.0,10.0,1.0,0.9732142857142857
2024-04-24 07:00:00,430.0,20.0,49.0,6.0,6.0,0.9821428571428572
2024-04-24 07:15:00,434.5,20.55,48.5,0.0,0.5,0.9910714285714286
2024-04-24 07:30:00,417.0,21.3,47.0,0.0,0.0,1.0
2024-04-24 07:45:00,424.0,22.05,45.5,0.0,3.5,0.7058823529411765
2024-04-24 08:00:00,434.0,22.8,44.0,0.0,1.0,0.375
2024-04-24 08:15:00,438.0,23.0,44.0,0.0,0.0,0.625
2024-04-24 08:30:00,437.5,23.55,43.0,0.0,4.0,1.0869565217391304
2024-04-24 08:45:00,450.0,24.0,43.0,0.0,3.0,1.565217391304348
2024-04-24 09:00:00,446.0,24.15,43.0,0.0,0.0,0.5833333333333334
2024-04-24 09:15:00,441.0,24.8,42.0,0.0,2.0,0.7142857142857143
2024-04-24 09:30:00,451.0,24.8,42.0,0.0,0.0,1.368421052631579
2024-04-24 09:45:00,453.5,25.0,42.0,0.0,4.5,1.2222222222222223
2024-04-24 10:00:00,476.0,24.8,42.0,0.0,0.0,1.4857142857142858
2024-04-24 10:15:00,480.0,24.8,42.0,0.0,1.0,1.962962962962963
2024-04-24 10:30:00,482.5,24.5,42.0,0.0,5.5,1.7945205479452055
2024-04-24 10:45:00,505.0,24.3,43.0,0.0,2.0,2.277227722772277
2024-04-24 11:00:00,503.5,24.3,43.0,0.0,5.0,1.897810218978102
2024-04-24 11:15:00,500.0,24.3,43.0,0.0,4.0,3.546583850931677
2024-04-24 11:30:00,534.0,24.3,42.0,0.0,4.0,2.56353591160221
2024-04-24 11:45:00,539.5,24.0,41.0,0.0,2.5,3.7282051282051283
2024-04-24 12:00:00,562.0,23.8,42.0,0.0,1.0,4.457777777777777
2024-04-24 12:15:00,551.0,23.8,42.0,0.0,3.5,3.7206703910614527
2024-04-24 12:30:00,549.0,23.8,42.0,0.0,1.0,2.731958762886598
2024-04-24 12:45:00,549.0,23.5,43.0,0.0,2.0,3.0
2024-04-24 13:00:00,549.5,23.5,43.5,0.5,2.0,3.5425531914893615
2024-04-24 13:15:00,538.0,23.5,45.0,3.0,1.0,4.13265306122449
2024-04-24 13:30:00,535.5,23.5,44.0,0.0,2.5,3.9583333333333335
2024-04-24 13:45:00,542.0,23.5,42.0,0.0,2.0,3.0729166666666665
2024-04-24 14:00:00,555.0,23.3,42.0,0.0,1.0,2.188311688311688
2024-04-24 14:15:00,542.5,23.5,41.0,16.0,2.0,1.6944444444444444
2024-04-24 14:30:00,557.0,23.5,40.0,6.0,1.0,2.1204819277108435
2024-04-24 14:45:00,546.0,23.5,40.0,0.0,1.0,2.5657894736842106
2024-04-24 15:00:00,556.5,23.5,40.0,0.0,2.5,4.57516339869281
2024-04-24 15:15:00,562.0,23.5,39.0,0.0,3.0,3.4411764705882355
2024-04-24 15:30:00,547.5,23.5,38.5,0.0,2.0,2.607476635514019
2024-04-24 15:45:00,552.0,23.5,38.0,0.0,1.0,2.6133333333333333
2024-04-24 16:00:00,558.0,23.5,38.0,0.0,0.0,2.1125
2024-04-24 16:15:00,554.0,23.4,37.0,0.0,2.0,1.088235294117647
2024-04-24 16:30:00,540.0,23.3,37.0,0.0,4.0,1.088235294117647
2024-04-24 16:45:00,530.5,23.3,37.5,0.0,3.0,0.38095238095238093
2024-04-24 17:00:00,519.0,23.3,38.0,0.0,4.0,1.0
2024-04-24 17:15:00,535.0,23.3,38.0,0.0,2.0,0.92
2024-04-24 17:30:00,523.5,23.5,37.5,0.0,4.0,1.25
2024-04-24 17:45:00,534.0,23.5,37.0,0.0,4.0,1.0588235294117647
2024-04-24 18:00:00,517.0,23.5,36.5,0.0,0.5,1.2857142857142858
2024-04-24 18:15:00,487.0,23.3,36.0,0.0,4.0,0.36363636363636365
2024-04-24 18:30:00,494.0,23.3,35.0,0.0,4.0,0.3333333333333333
2024-04-24 18:45:00,476.5,23.3,35.0,0.0,2.5,0.5
2024-04-24 19:00:00,474.0,23.3,35.0,0.0,4.0,0.7857142857142857
2024-04-24 19:15:00,484.0,23.3,35.0,0.0,2.0,0.9230769230769231
2024-04-24 19:30:00,486.5,23.5,36.0,0.0,1.0,0.375
2024-04-24 19:45:00,473.0,23.5,37.0,0.0,6.0,0.2857142857142857
2024-04-24 20:00:00,487.5,23.5,37.0,0.0,1.5,0.375
2024-04-24 20:15:00,494.0,23.5,37.0,0.0,0.0,0.375
2024-04-24 20:30:00,499.0,23.5,37.0,0.0,2.0,0.4
2024-04-24 20:45:00,501.5,23.5,37.0,0.0,2.5,0.3333333333333333
2024-04-24 21:00:00,483.0,23.5,37.0,0.0,4.0,0.3333333333333333
2024-04-24 21:15:00,452.0,23.5,37.0,0.0,2.0,0.3333333333333333
2024-04-24 21:30:00,457.0,23.5,37.0,0.0,1.0,0.875
2024-04-24 21:45:00,437.0,23.5,37.0,0.0,0.0,0.6041666666666666
2024-04-24 22:00:00,452.5,23.65,37.0,0.0,1.0,0.3333333333333333
2024-04-24 22:15:00,432.0,23.8,37.0,0.0,7.0,0.3333333333333333
2024-04-24 22:30:00,435.0,23.8,37.0,0.0,1.0,0.4
2024-04-24 22:45:00,438.5,23.9,37.0,0.0,4.0,0.5
2024-04-24 23:00:00,441.0,24.0,38.0,0.0,0.0,1.2857142857142858
2024-04-24 23:15:00,444.5,23.9,38.0,0.0,2.0,0.9682539682539684
2024-04-24 23:30:00,444.0,23.8,38.0,0.0,2.0,0.6507936507936508
2024-04-24 23:45:00,441.0,23.5,38.0,0.0,3.0,0.3333333333333333
2024-04-25 00:00:00,432.5,23.4,38.0,0.0,4.5,0.3333333333333333
2024-04-25 00:15:00,441.0,23.3,39.0,0.0,2.0,0.3333333333333333
2024-04-25 00:30:00,444.5,23.0,39.0,0.0,2.0,0.3333333333333333
2024-04-25 00:45:00,447.0,23.0,39.0,0.0,3.0,0.3333333333333333
2024-04-25 01:00:00,438.0,23.0,39.0,0.0,4.0,0.33499999999999996
2024-04-25 01:15:00,441.5,22.65,40.0,0.5,1.5,0.33666666666666667
2024-04-25 01:30:00,434.0,22.5,40.0,3.0,1.0,0.3383333333333333
2024-04-25 01:45:00,436.5,22.4,40.0,7.0,2.5,0.33999999999999997
2024-04-25 02:00:00,425.0,22.3,40.0,11.0,3.0,0.3416666666666667
2024-04-25 02:15:00,437.0,22.3,40.0,14.0,1.0,0.3433333333333333
2024-04-25 02:30:00,435.0,22.0,41.0,11.5,2.5,0.345
2024-04-25 02:45:00,439.0,22.0,41.0,21.0,3.0,0.3466666666666667
2024-04-25 03:00:00,436.5,21.9,41.0,27.0,2.0,0.34833333333333333
2024-04-25 03:15:00,436.0,21.8,41.0,24.0,9.0,0.35
2024-04-25 03:30:00,434.0,21.8,41.0,21.0,2.0,0.3516666666666667
2024-04-25 03:45:00,434.5,21.65,41.5,29.5,2.0,0.35333333333333333
2024-04-25 04:00:00,440.0,21.5,42.0,19.0,2.0,0.355
2024-04-25 04:15:00,431.0,21.5,42.0,21.0,2.0,0.35666666666666663
2024-04-25 04:30:00,432.0,21.5,42.5,19.0,2.5,0.35833333333333334
2024-04-25 04:45:00,437.0,21.3,43.0,14.0,2.0,0.36
2024-04-25 05:00:00,439.0,21.3,43.0,18.5,4.0,0.36166666666666664
2024-04-25 05:15:00,443.0,21.3,43.0,16.0,2.0,0.36333333333333334
2024-04-25 05:30:00,425.0,21.3,43.0,14.0,3.0,0.365
2024-04-25 05:45:00,433.0,21.0,44.0,15.0,4.5,0.36666666666666664
2024-04-25 06:00:00,429.0,21.0,44.0,14.0,1.0,0.36833333333333335
2024-04-25 06:15:00,432.0,21.0,44.5,13.5,2.5,0.37
2024-04-25 06:30:00,431.0,21.0,45.0,6.0,3.0,0.37166666666666665
2024-04-25 06:45:00,427.0,20.8,45.0,9.0,2.0,0.37333333333333335
2024-04-25 07:00:00,429.5,20.8,45.5,7.5,2.5,0.375
2024-04-25 07:15:00,434.0,21.0,46.0,0.0,1.0,0.37777777777777777
2024-04-25 07:30:00,434.0,22.05,45.5,0.0,3.5,0.38055555555555554
2024-04-25 07:45:00,436.0,23.5,43.0,0.0,4.0,0.38333333333333336
2024-04-25 08:00:00,429.0,23.8,43.0,0.0,2.0,0.3861111111111111
2024-04-25 08:15:00,433.5,24.0,42.5,0.0,3.5,0.3888888888888889
2024-04-25 08:30:00,423.0,24.0,43.0,0.0,1.0,0.39166666666666666
2024-04-25 08:45:00,445.0,23.8,43.0,0.0,3.0,0.3944444444444445
2024-04-25 09:00:00,424.5,23.8,42.5,0.0,3.0,0.39722222222222225
2024-04-25 09:15:00,427.0,23.8,42.0,0.0,1.0,0.4
2024-04-25 09:30:00,432.0,23.8,42.0,0.0,2.0,0.25
2024-04-25 09:45:00,423.0,24.0,41.0,0.0,2.0,0.29166666666666663
2024-04-25 10:00:00,427.0,23.8,41.0,0.0,0.0,0.3333333333333333
2024-04-25 10:15:00,435.0,23.8,41.0,1.5,3.5,0.3333333333333333
2024-04-25 10:30:00,428.0,23.8,42.0,0.0,2.0,0.3333333333333333
2024-04-25 10:45:00,449.0,23.8,42.0,0.0,2.0,0.3333333333333333
2024-04-25 11:00:00,432.0,23.8,42.0,0.0,3.0,0.3333333333333333
2024-04-25 11:15:00,438.0,23.8,42.0,0.0,0.0,0.7777777777777778
2024-04-25 11:30:00,446.0,23.4,43.5,0.0,1.0,0.4
2024-04-25 11:45:00,459.0,23.3,44.0,0.0,0.0,0.8888888888888888
2024-04-25 12:00:00,446.5,23.5,44.0,0.0,2.0,1.1111111111111112
2024-04-25 12:15:00,435.0,23.5,43.0,0.0,1.0,0.3684210526315789
2024-04-25 12:30:00,433.0,23.5,42.0,0.0,4.0,0.5714285714285714
2024-04-25 12:45:00,444.0,23.5,41.0,0.0,3.5,1.5909090909090908
2024-04-25 13:00:00,444.0,23.5,41.0,0.0,2.0,2.2244897959183674
2024-04-25 13:15:00,454.0,23.3,41.0,0.0,1.0,2.152173913043478
2024-04-25 13:30:00,457.5,23.5,41.5,0.0,2.0,0.36363636363636365
2024-04-25 13:45:00,449.0,23.5,41.0,0.0,1.0,0.9047619047619048
2024-04-25 14:00:00,447.5,23.5,41.0,0.0,3.5,1.5263157894736843
2024-04-25 14:15:00,457.0,23.5,41.0,0.0,1.0,2.130434782608696
2024-04-25 14:30:00,451.0,23.5,41.0,0.0,0.0,1.8333333333333333
2024-04-25 14:45:00,467.5,23.5,41.0,0.0,2.5,1.5542168674698795
2024-04-25 15:00:00,464.0,23.3,41.0,0.0,4.0,1.7450980392156863
2024-04-25 15:15:00,456.0,23.4,40.5,0.0,2.0,1.5614035087719298
2024-04-25 15:30:00,474.0,23.3,40.0,0.0,4.0,1.9375
2024-04-25 15:45:00,475.0,23.3,39.0,0.0,1.0,0.2
2024-04-25 16:00:00,473.0,23.3,39.0,0.0,2.0,2.1818181818181817
2024-04-25 16:15:00,479.0,23.3,40.0,0.0,3.0,3.064516129032258
2024-04-25 16:30:00,461.0,23.3,40.0,0.0,0.5,1.7
2024-04-25 16:45:00,480.0,23.3,41.0,0.0,0.0,2.5641025641025643
2024-04-25 17:00:00,468.0,23.3,41.0,0.0,3.0,2.4814814814814814
2024-04-25 17:15:00,468.0,23.3,42.0,0.0,2.5,2.8793103448275863
2024-04-25 17:30:00,475.0,23.3,42.0,0.0,2.0,2.2222222222222223
2024-04-25 17:45:00,480.0,23.5,42.0,0.0,1.0,3.072289156626506
2024-04-25 18:00:00,478.5,23.3,41.5,0.0,2.0,1.6981132075471699
2024-04-25 18:15:00,466.0,23.3,41.0,0.0,0.0,0.4
2024-04-25 18:30:00,474.0,23.3,41.0,0.0,3.5,0.5
2024-04-25 18:45:00,467.0,23.3,41.0,0.0,2.0,0.3333333333333333
2024-04-25 19:00:00,463.0,23.3,41.0,0.0,4.0,0.5416666666666667
2024-04-25 19:15:00,462.0,23.3,40.0,0.0,1.0,0.75
2024-04-25 19:30:00,472.0,23.3,40.0,0.0,3.0,0.4444444444444444
2024-04-25 19:45:00,442.0,23.3,39.5,0.0,2.5,0.7692307692307693
2024-04-25 20:00:00,438.0,23.3,39.0,0.0,1.0,0.3333333333333333
2024-04-25 20:15:00,443.0,23.3,40.0,0.0,0.0,0.337037037037037
2024-04-25 20:30:00,449.5,23.3,40.0,0.0,4.0,0.34074074074074073
2024-04-25 20:45:00,440.0,23.3,41.0,0.0,1.0,0.34444444444444444
2024-04-25 21:00:00,435.5,23.5,41.0,0.0,2.0,0.34814814814814815
2024-04-25 21:15:00,440.0,23.5,41.0,0.0,6.0,0.35185185185185186
2024-04-25 21:30:00,446.0,23.5,42.0,0.0,0.0,0.3555555555555555
2024-04-25 21:45:00,432.0,23.5,42.0,0.0,3.0,0.3592592592592592
2024-04-25 22:00:00,441.0,23.5,42.0,0.0,3.0,0.36296296296296293
2024-04-25 22:15:00,446.0,23.5,42.0,0.0,0.0,0.36666666666666664
2024-04-25 22:30:00,439.0,23.5,42.0,0.0,2.0,0.37037037037037035
2024-04-25 22:45:00,456.0,23.3,42.0,0.0,1.0,0.37407407407407406
2024-04-25 23:00:00,431.0,23.3,41.0,0.0,1.0,0.37777777777777777
2024-04-25 23:15:00,432.0,23.3,41.0,0.0,4.0,0.3814814814814815
2024-04-25 23:30:00,421.0,23.3,41.0,0.0,1.0,0.3851851851851852
2024-04-25 23:45:00,441.5,23.3,41.0,0.0,2.5,0.3888888888888889
2024-04-26 00:00:00,423.0,23.0,41.0,0.0,2.0,0.3925925925925926
2024-04-26 00:15:00,439.5,23.0,41.0,0.0,5.0,0.39629629629629626
2024-04-26 00:30:00,433.0,23.0,41.0,0.0,2.0,0.39999999999999997
2024-04-26 00:45:00,433.0,22.8,42.0,0.0,6.0,0.4037037037037037
2024-04-26 01:00:00,429.5,22.8,42.0,0.0,3.5,0.4074074074074074
2024-04-26 01:15:00,440.0,22.5,42.0,0.0,4.0,0.4111111111111111
2024-04-26 01:30:00,430.5,22.5,42.0,0.0,2.5,0.4148148148148148
2024-04-26 01:45:00,426.0,22.3,42.0,0.0,1.0,0.4185185185185185
2024-04-26 02:00:00,427.0,22.3,43.0,1.0,1.0,0.4222222222222222
2024-04-26 02:15:00,425.5,22.3,43.0,4.5,2.0,0.42592592592592593
2024-04-26 02:30:00,440.0,22.0,43.0,11.0,4.0,0.4296296296296296
2024-04-26 02:45:00,427.0,22.0,43.0,9.0,4.0,0.43333333333333335
2024-04-26 03:00:00,433.5,22.0,43.0,7.5,2.5,0.437037037037037
2024-04-26 03:15:00,425.0,22.0,43.0,11.0,2.0,0.4407407407407407
2024-04-26 03:30:00,428.5,21.8,43.0,8.5,4.0,0.4444444444444444
2024-04-26 03:45:00,412.0,21.8,43.0,11.0,4.0,0.44814814814814813
2024-04-26 04:00:00,436.0,21.8,43.0,11.0,1.0,0.45185185185185184
2024-04-26 04:15:00,433.5,21.8,43.0,14.0,3.0,0.45555555555555555
2024-04-26 04:30:00,423.0,21.8,43.0,11.0,3.0,0.45925925925925926
2024-04-26 04:45:00,426.0,21.8,43.0,8.5,1.0,0.4629629629629629
2024-04-26 05:00:00,429.0,21.8,43.0,6.0,6.0,0.4666666666666667
2024-04-26 05:15:00,431.0,21.8,43.0,6.0,2.0,0.4703703703703703
2024-04-26 05:30:00,438.0,21.5,43.0,3.0,1.0,0.4740740740740741
2024-04-26 05:45:00,436.0,21.8,44.0,3.0,3.0,0.47777777777777775
2024-04-26 06:00:00,428.0,21.5,44.0,3.0,7.0,0.4814814814814815
2024-04-26 06:15:00,429.5,21.65,44.0,3.0,4.0,0.48518518518518516
2024-04-26 06:30:00,436.0,21.5,44.0,3.0,4.0,0.4888888888888889
2024-04-26 06:45:00,433.0,21.5,44.0,3.0,1.5,0.4925925925925926
2024-04-26 07:00:00,426.0,21.5,44.0,0.0,1.0,0.4962962962962963
2024-04-26 07:15:00,435.0,21.8,44.0,0.0,4.0,0.5
2024-04-26 07:30:00,431.0,22.25,43.0,0.0,2.5,0.25
2024-04-26 07:45:00,432.0,23.0,42.0,0.0,1.0,0.5
2024-04-26 08:00:00,456.0,23.0,42.0,0.0,1.5,1.2972972972972974
2024-04-26 08:15:00,444.0,23.0,42.0,0.0,1.0,1.275
2024-04-26 08:30:00,445.0,23.0,42.0,0.0,1.0,1.6666666666666667
2024-04-26 08:45:00,450.5,23.0,42.0,0.0,2.0,2.073170731707317
2024-04-26 09:00:00,456.0,23.0,42.0,0.0,1.0,2.425531914893617
2024-04-26 09:15:00,477.0,23.0,41.0,0.0,3.0,1.6666666666666667
2024-04-26 09:30:00,478.0,23.0,41.0,0.0,2.0,1.0333333333333334
2024-04-26 09:45:00,489.0,23.3,41.0,0.0,3.0,1.8360655737704918
2024-04-26 10:00:00,484.0,23.3,41.0,0.0,3.0,2.625
2024-04-26 10:15:00,511.0,23.3,41.0,0.0,4.0,2.6744186046511627
2024-04-26 10:30:00,498.0,23.3,41.0,0.0,0.0,2.3098591549295775
2024-04-26 10:45:00,515.0,23.4,41.0,0.5,3.0,2.5161290322580645
2024-04-26 11:00:00,529.0,23.5,40.0,0.0,1.0,2.5652173913043477
2024-04-26 11:15:00,524.5,23.5,40.0,0.0,1.0,3.5789473684210527
2024-04-26 11:30:00,547.0,23.5,40.0,0.0,0.0,3.7010309278350517
2024-04-26 11:45:00,531.0,23.5,40.0,0.0,2.0,4.010309278350515
2024-04-26 12:00:00,540.5,23.5,40.5,0.0,3.0,4.43859649122807
2024-04-26 12:15:00,558.0,23.5,41.0,0.0,3.0,4.0476190476190474
2024-04-26 12:30:00,545.5,23.5,41.0,0.0,3.0,2.9225352112676055
2024-04-26 12:45:00,537.0,23.5,41.0,0.0,4.0,2.5125
2024-04-26 13:00:00,569.0,23.5,41.0,0.0,1.0,1.5932203389830508
2024-04-26 13:15:00,546.5,23.5,40.0,0.5,1.0,1.7377049180327868
2024-04-26 13:30:00,545.0,23.5,40.0,0.0,1.0,2.5168539325842696
2024-04-26 13:45:00,539.5,23.5,39.5,0.0,4.0,2.4698795180722892
2024-04-26 14:00:00,544.0,23.5,39.0,1.0,2.0,1.9811320754716981
2024-04-26 14:15:00,544.0,23.5,39.0,11.0,2.0,1.771186440677966
2024-04-26 14:30:00,545.0,23.5,39.0,0.0,3.5,2.6292134831460676
2024-04-26 14:45:00,545.0,23.5,39.0,0.0,4.0,2.511627906976744
2024-04-26 15:00:00,533.0,23.5,39.0,0.0,1.0,2.142857142857143
2024-04-26 15:15:00,543.5,23.5,39.0,0.0,1.0,3.625
2024-04-26 15:30:00,546.0,23.5,40.0,0.0,0.0,3.0977443609022557
2024-04-26 15:45:00,520.0,23.5,40.0,0.0,4.0,3.958041958041958
2024-04-26 16:00:00,528.0,23.5,41.0,0.0,1.0,5.280254777070064
2024-04-26 16:15:00,536.0,23.5,41.0,0.0,4.0,3.1954022988505746
2024-04-26 16:30:00,555.5,23.3,42.0,0.0,0.5,2.981132075471698
2024-04-26 16:45:00,554.0,23.3,41.0,0.0,4.0,2.6962025316455698
2024-04-26 17:00:00,532.0,23.3,40.0,0.5,3.5,1.9312977099236641
2024-04-26 17:15:00,526.0,23.3,39.0,0.0,2.0,2.1575342465753424
2024-04-26 17:30:00,531.0,23.3,39.0,0.0,2.0,2.1984126984126986
2024-04-26 17:45:00,518.5,23.5,38.0,0.0,1.5,2.2184873949579833
2024-04-26 18:00:00,521.0,23.5,38.0,0.0,1.0,2.925531914893617
2024-04-26 18:15:00,549.0,23.5,38.0,6.0,2.5,3.207920792079208
2024-04-26 18:30:00,518.0,23.5,38.0,0.0,2.0,2.3375
2024-04-26 18:45:00,533.0,23.5,38.0,0.0,3.0,0.5384615384615384
2024-04-26 19:00:00,505.0,23.3,38.0,0.0,2.5,0.6666666666666666
2024-04-26 19:15:00,493.0,23.3,38.0,0.0,2.0,1.1612903225806452
2024-04-26 19:30:00,484.0,23.3,37.0,0.0,1.0,1.2
2024-04-26 19:45:00,467.0,23.3,37.0,0.0,2.5,0.35294117647058826
2024-04-26 20:00:00,468.0,23.3,37.0,0.0,8.0,0.8620689655172413
2024-04-26 20:15:00,481.5,23.3,37.0,0.0,1.0,1.103448275862069
2024-04-26 20:30:00,463.0,23.3,36.0,0.0,0.0,1.2105263157894737
2024-04-26 20:45:00,469.0,23.3,36.0,0.0,3.0,1.2666666666666666
2024-04-26 21:00:00,462.0,23.3,37.0,0.0,1.5,0.3333333333333333
2024-04-26 21:15:00,471.0,23.3,37.0,0.0,1.0,0.75
2024-04-26 21:30:00,456.0,23.3,37.0,0.0,1.5,0.3333333333333333
2024-04-26 21:45:00,471.0,23.3,38.0,0.0,1.0,0.3333333333333333
2024-04-26 22:00:00,457.0,23.3,41.0,0.0,1.0,0.4
2024-04-26 22:15:00,439.5,23.5,42.0,0.0,2.0,0.3333333333333333
2024-04-26 22:30:00,435.0,23.5,42.0,0.0,0.0,0.75
2024-04-26 22:45:00,446.5,23.5,41.5,0.0,0.5,1.4
2024-04-26 23:00:00,438.0,23.5,41.0,0.0,2.0,1.8709677419354838
2024-04-26 23:15:00,462.0,23.5,41.0,0.0,0.0,1.5
2024-04-26 23:30:00,456.5,23.5,41.0,0.0,1.5,1.5
2024-04-26 23:45:00,448.0,23.3,41.0,0.0,1.0,1.8125
2024-04-27 00:00:00,463.0,23.3,41.0,0.0,2.0,1.53125
2024-04-27 00:15:00,471.0,23.15,41.0,0.0,2.0,1.1319444444444444
2024-04-27 00:30:00,457.0,23.0,41.0,0.0,3.0,0.7326388888888888
2024-04-27 00:45:00,467.5,22.9,41.0,0.0,2.0,0.3333333333333333
2024-04-27 01:00:00,443.0,22.8,42.0,0.0,3.0,0.3611111111111111
2024-04-27 01:15:00,472.0,22.8,42.0,0.0,1.0,0.3888888888888889
2024-04-27 01:30:00,452.0,22.65,42.0,0.0,1.5,0.41666666666666663
2024-04-27 01:45:00,461.0,22.5,42.0,0.0,1.0,0.4444444444444444
2024-04-27 02:00:00,454.5,22.5,42.0,0.0,2.5,0.4722222222222222
2024-04-27 02:15:00,446.0,22.3,42.0,0.0,6.0,0.5
2024-04-27 02:30:00,441.0,22.3,42.0,0.0,2.0,0.5277777777777778
2024-04-27 02:45:00,443.5,22.15,42.5,3.5,4.0,0.5555555555555556
2024-04-27 03:00:00,439.0,22.0,43.0,6.0,2.0,0.5833333333333333
2024-04-27 03:15:00,456.0,22.0,43.0,3.0,1.0,0.6111111111111112
2024-04-27 03:30:00,452.0,22.0,43.0,4.5,1.5,0.6388888888888888
2024-04-27 03:45:00,444.0,21.8,43.0,3.0,1.0,0.6666666666666667
2024-04-27 04:00:00,442.0,21.8,43.5,6.0,1.5,0.6944444444444444
2024-04-27 04:15:00,453.0,21.8,44.0,6.0,3.0,0.7222222222222223
2024-04-27 04:30:00,449.0,21.8,44.0,6.0,3.0,0.75
2024-04-27 04:45:00,444.0,21.5,44.0,7.5,2.5,0.7777777777777778
2024-04-27 05:00:00,445.0,21.5,44.0,9.0,2.0,0.8055555555555556
2024-04-27 05:15:00,442.5,21.4,44.0,3.0,2.0,0.8333333333333333
2024-04-27 05:30:00,464.0,21.3,44.0,1.0,3.0,0.8611111111111112
2024-04-27 05:45:00,451.0,21.3,44.0,6.0,1.0,0.8888888888888888
2024-04-27 06:00:00,446.0,21.0,44.0,4.5,1.5,0.9166666666666667
2024-04-27 06:15:00,436.0,21.0,44.0,3.0,3.0,0.9444444444444444
2024-04-27 06:30:00,452.0,20.9,44.0,3.5,3.5,0.9722222222222223
2024-04-27 06:45:00,446.0,20.8,44.0,11.0,3.0,1.0
2024-04-27 07:00:00,458.0,20.5,45.0,0.0,2.0,0.9333333333333333
2024-04-27 07:15:00,465.0,21.15,44.5,0.0,1.5,0.8666666666666667
2024-04-27 07:30:00,457.0,22.3,43.0,0.0,3.0,0.8
2024-04-27 07:45:00,459.0,22.8,41.0,0.0,1.0,0.7333333333333333
2024-04-27 08:00:00,464.5,23.65,39.5,0.0,1.0,0.6666666666666666
2024-04-27 08:15:00,467.0,24.0,38.0,0.0,3.0,0.6
2024-04-27 08:30:00,466.0,24.4,38.0,0.0,2.0,0.5333333333333332
2024-04-27 08:45:00,466.0,24.8,37.0,0.0,2.0,0.46666666666666656
2024-04-27 09:00:00,472.0,24.8,37.0,0.0,6.0,0.3999999999999999
2024-04-27 09:15:00,444.0,24.65,37.0,0.0,1.0,0.3333333333333333
2024-04-27 09:30:00,456.0,24.5,37.0,0.0,1.0,0.8
2024-04-27 09:45:00,459.0,24.3,38.0,0.0,1.5,0.4666666666666667
2024-04-27 10:00:00,457.0,24.0,38.0,0.0,1.0,0.9629629629629629
2024-04-27 10:15:00,463.0,24.0,38.0,0.0,2.0,0.5
2024-04-27 10:30:00,455.5,23.9,38.0,0.0,3.5,0.42857142857142855
2024-04-27 10:45:00,446.0,23.8,38.0,0.0,3.0,1.1
2024-04-27 11:00:00,450.0,23.8,38.0,0.0,2.5,1.5769230769230769
2024-04-27 11:15:00,439.0,23.8,38.0,0.0,1.0,1.7
2024-04-27 11:30:00,442.0,23.8,38.0,0.0,4.0,1.8
2024-04-27 11:45:00,457.0,23.8,38.0,0.0,1.5,1.28125
2024-04-27 12:00:00,450.0,23.8,38.0,0.0,0.0,1.5
2024-04-27 12:15:00,462.0,23.8,37.0,0.0,3.0,1.6296296296296295
2024-04-27 12:30:00,463.5,23.8,37.5,0.0,2.0,1.5
2024-04-27 12:45:00,491.0,23.5,38.0,0.0,2.0,1.5
2024-04-27 13:00:00,484.5,23.65,37.5,0.0,1.0,1.5238095238095237
2024-04-27 13:15:00,479.0,23.8,37.0,0.0,6.0,1.4285714285714286
2024-04-27 13:30:00,468.0,23.8,37.0,0.0,1.0,2.1779661016949152
2024-04-27 13:45:00,481.0,23.8,37.0,0.0,1.0,1.5466666666666666
2024-04-27 14:00:00,491.0,23.8,38.0,0.0,1.0,0.5
2024-04-27 14:15:00,479.0,23.8,39.0,0.0,1.0,2.061224489795918
2024-04-27 14:30:00,502.0,23.8,39.0,0.0,1.0,1.5384615384615385
2024-04-27 14:45:00,488.0,23.8,40.0,0.0,1.0,1.0454545454545454
2024-04-27 15:00:00,471.5,23.8,40.0,0.0,1.5,0.7857142857142857
2024-04-27 15:15:00,469.0,23.8,40.0,0.0,2.0,1.0
2024-04-27 15:30:00,484.0,23.65,40.0,0.0,1.5,1.4166666666666667
2024-04-27 15:45:00,497.0,23.5,40.0,0.0,2.0,1.4821428571428572
2024-04-27 16:00:00,510.0,23.5,40.0,0.0,1.0,0.5909090909090909
2024-04-27 16:15:00,505.5,23.5,40.0,0.0,1.5,0.5652173913043478
2024-04-27 16:30:00,525.0,23.5,40.0,0.0,1.0,1.5227272727272727
2024-04-27 16:45:00,530.0,23.5,40.0,0.0,1.0,1.6344086021505377
2024-04-27 17:00:00,530.0,23.3,40.5,0.0,2.5,1.4761904761904763
2024-04-27 17:15:00,521.0,23.3,41.0,0.0,1.0,1.6349206349206349
2024-04-27 17:30:00,523.0,23.3,41.0,0.0,2.0,0.47058823529411764
2024-04-27 17:45:00,503.0,23.3,41.0,16.0,4.0,0.8
2024-04-27 18:00:00,487.0,23.3,41.0,6.0,4.0,0.9090909090909091
2024-04-27 18:15:00,492.5,23.3,41.0,0.0,1.5,0.625
2024-04-27 18:30:00,489.0,23.3,41.0,0.0,1.0,0.8333333333333334
2024-04-27 18:45:00,486.0,23.3,41.5,0.0,1.5,0.5454545454545454
2024-04-27 19:00:00,471.0,23.3,43.0,0.0,1.0,1.34
2024-04-27 19:15:00,470.0,23.3,43.0,0.0,1.0,1.0769230769230769
2024-04-27 19:30:00,471.5,23.3,43.5,0.0,0.5,1.125
2024-04-27 19:45:00,453.0,23.5,44.0,0.0,1.0,0.2857142857142857
2024-04-27 20:00:00,443.5,23.5,44.0,0.0,2.0,0.5
2024-04-27 20:15:00,457.0,23.5,44.0,0.0,2.0,0.25
2024-04-27 20:30:00,444.0,23.8,44.0,0.0,1.0,0.3333333333333333
2024-04-27 20:45:00,462.5,23.8,44.0,0.0,3.5,0.8666666666666667
2024-04-27 21:00:00,447.0,23.8,44.0,0.0,4.0,1.0
2024-04-27 21:15:00,443.0,23.8,44.0,0.0,1.0,0.5
2024-04-27 21:30:00,455.5,23.8,43.0,0.0,1.0,1.0769230769230769
2024-04-27 21:45:00,452.0,23.8,43.0,0.0,1.0,1.2884615384615383
2024-04-27 22:00:00,444.0,23.8,43.0,0.0,3.0,1.5
2024-04-27 22:15:00,444.0,23.8,43.0,0.0,2.0,1.45
2024-04-27 22:30:00,450.0,23.8,43.0,0.0,1.0,1.4
2024-04-27 22:45:00,450.5,23.5,43.0,0.0,4.5,1.5
2024-04-27 23:00:00,440.0,23.5,43.0,0.0,2.0,1.5
2024-04-27 23:15:00,461.0,23.4,43.0,0.0,2.0,1.2857142857142858
2024-04-27 23:30:00,465.0,23.3,43.0,0.0,3.0,0.375
2024-04-27 23:45:00,474.0,23.3,43.0,0.0,1.0,0.6363636363636364
2024-04-28 00:00:00,481.5,23.0,43.0,0.0,2.0,1.0
2024-04-28 00:15:00,484.0,22.8,43.0,0.0,2.0,0.3333333333333333
2024-04-28 00:30:00,485.5,22.65,43.0,0.0,3.0,0.3333333333333333
2024-04-28 00:45:00,488.0,22.5,43.0,1.0,4.0,0.3333333333333333
2024-04-28 01:00:00,476.0,22.3,43.0,11.0,3.0,0.38095238095238093
2024-04-28 01:15:00,481.5,22.15,43.0,4.5,5.5,0.42857142857142855
2024-04-28 01:30:00,471.0,22.0,43.0,9.0,5.0,0.47619047619047616
2024-04-28 01:45:00,471.0,22.0,43.0,1.0,6.0,0.5238095238095237
2024-04-28 02:00:00,492.5,21.9,43.0,12.5,4.5,0.5714285714285714
2024-04-28 02:15:00,478.0,21.8,43.0,14.0,5.0,0.6190476190476191
2024-04-28 02:30:00,484.0,21.65,43.0,9.5,6.0,0.6666666666666666
2024-04-28 02:45:00,478.0,21.5,43.0,6.0,6.0,0.0
2024-04-28 03:00:00,484.0,21.5,43.0,6.0,5.0,0.5
2024-04-28 03:15:00,496.0,21.3,43.0,46.0,6.5,0.3333333333333333
2024-04-28 03:30:00,491.0,21.3,43.0,29.0,6.0,0.3333333333333333
2024-04-28 03:45:00,481.0,21.15,43.0,20.0,6.5,0.3333333333333333
2024-04-28 04:00:00,477.0,21.0,43.0,14.0,8.0,0.3333333333333333
2024-04-28 04:15:00,462.0,21.0,43.0,14.0,5.0,0.3333333333333333
2024-04-28 04:30:00,470.0,21.0,43.0,8.5,6.5,0.3333333333333333
2024-04-28 04:45:00,468.0,20.8,43.0,3.0,5.0,0.3333333333333333
2024-04-28 05:00:00,462.0,20.8,43.0,3.0,5.0,0.3333333333333333
2024-04-28 05:15:00,463.0,20.5,43.0,6.0,4.0,0.3333333333333333
2024-04-28 05:30:00,468.0,20.5,43.0,3.0,7.0,0.3333333333333333
2024-04-28 05:45:00,467.0,20.4,43.0,2.0,5.0,0.3333333333333333
2024-04-28 06:00:00,454.0,20.3,43.0,1.0,5.0,0.3333333333333333
2024-04-28 06:15:00,471.0,20.3,43.0,0.0,6.0,0.3333333333333333
2024-04-28 06:30:00,459.0,20.3,44.0,0.5,6.5,0.3333333333333333
2024-04-28 06:45:00,461.0,20.0,44.0,0.0,3.0,0.3333333333333333
2024-04-28 07:00:00,462.5,20.0,44.0,0.0,3.5,0.3333333333333333
2024-04-28 07:15:00,452.0,20.3,44.0,0.0,2.0,0.40404040404040403
2024-04-28 07:30:00,453.0,20.8,44.0,0.0,3.0,0.47474747474747475
2024-04-28 07:45:00,458.0,21.65,42.0,0.0,2.0,0.5454545454545454
2024-04-28 08:00:00,467.0,22.8,40.0,0.0,2.0,0.6161616161616161
2024-04-28 08:15:00,460.5,23.4,38.5,0.0,2.0,0.6868686868686869
2024-04-28 08:30:00,448.0,23.8,38.0,0.0,4.0,0.7575757575757576
2024-04-28 08:45:00,467.0,24.0,37.0,0.0,1.0,0.8282828282828283
2024-04-28 09:00:00,455.5,24.4,37.0,0.0,3.0,0.898989898989899
2024-04-28 09:15:00,460.0,24.5,36.0,0.0,8.0,0.9696969696969697
2024-04-28 09:30:00,457.5,24.5,36.0,0.0,2.0,1.0404040404040404
2024-04-28 09:45:00,469.0,24.5,37.0,0.0,2.0,1.1111111111111112
2024-04-28 10:00:00,493.0,24.0,37.0,0.0,1.0,1.170731707317073
2024-04-28 10:15:00,488.5,23.9,38.0,0.0,2.5,0.8620689655172413
2024-04-28 10:30:00,493.0,23.8,38.0,0.0,2.0,0.46153846153846156
2024-04-28 10:45:00,486.0,23.8,38.0,0.0,3.0,0.5
2024-04-28 11:00:00,483.5,23.8,38.0,0.0,2.0,0.4
2024-04-28 11:15:00,470.0,23.8,38.0,0.0,1.0,0.5217391304347826
2024-04-28 11:30:00,469.5,23.8,38.0,0.0,2.5,0.4
2024-04-28 11:45:00,482.0,23.8,38.0,0.0,2.0,0.35294117647058826
2024-04-28 12:00:00,465.0,23.8,38.0,0.0,2.0,0.4166666666666667
2024-04-28 12:15:00,476.0,24.0,37.5,0.0,2.5,0.5714285714285714
2024-04-28 12:30:00,479.0,24.3,37.0,0.0,3.0,0.9473684210526315
2024-04-28 12:45:00,479.5,24.5,36.0,0.0,4.0,2.142857142857143
2024-04-28 13:00:00,450.0,24.5,35.0,0.0,3.0,2.95
2024-04-28 13:15:00,439.0,24.3,35.0,0.0,3.0,2.5760869565217392
2024-04-28 13:30:00,455.5,24.3,35.0,0.0,2.5,2.6763005780346822
2024-04-28 13:45:00,439.0,24.3,36.0,0.0,6.0,2.6818181818181817
2024-04-28 14:00:00,447.0,24.4,36.0,0.0,2.5,3.0923076923076924
2024-04-28 14:15:00,458.0,24.0,37.0,0.0,2.0,2.654320987654321
2024-04-28 14:30:00,466.0,23.8,36.0,0.0,4.0,2.0813008130081303
2024-04-28 14:45:00,456.5,23.5,37.0,0.0,2.5,1.9433962264150944
2024-04-28 15:00:00,450.0,23.8,37.0,0.0,4.0,1.6557377049180328
2024-04-28 15:15:00,447.5,23.8,36.5,0.0,2.5,2.265625
2024-04-28 15:30:00,436.0,23.8,37.0,0.0,4.0,1.8043478260869565
2024-04-28 15:45:00,455.0,23.8,37.0,0.0,4.0,2.8974358974358974
2024-04-28 16:00:00,451.0,23.8,37.5,0.0,2.5,2.2181818181818183
2024-04-28 16:15:00,470.0,23.8,38.0,6.0,1.0,2.12
2024-04-28 16:30:00,482.0,23.5,38.0,11.0,3.0,1.8660714285714286
2024-04-28 16:45:00,478.5,23.5,38.5,5.0,3.0,2.242424242424242
2024-04-28 17:00:00,485.0,23.3,39.0,0.0,1.0,2.0
2024-04-28 17:15:00,477.5,23.15,40.0,0.0,2.0,1.6848484848484848
2024-04-28 17:30:00,472.0,23.0,40.0,0.0,3.0,1.375
2024-04-28 17:45:00,477.0,23.0,40.0,0.0,3.0,1.2105263157894737
2024-04-28 18:00:00,484.5,22.8,41.0,0.0,1.5,1.3478260869565217
2024-04-28 18:15:00,469.0,22.8,41.0,0.0,2.0,0.375
2024-04-28 18:30:00,468.5,22.5,41.5,0.0,2.0,2.8979591836734695
2024-04-28 18:45:00,476.0,22.5,42.0,0.0,3.0,2.6666666666666665
2024-04-28 19:00:00,464.0,22.5,42.0,0.0,3.0,1.8461538461538463
2024-04-28 19:15:00,474.0,22.65,41.0,0.0,2.0,2.043010752688172
2024-04-28 19:30:00,470.0,22.8,41.0,0.0,2.0,1.5
2024-04-28 19:45:00,475.5,22.8,41.0,0.0,2.0,1.5930232558139534
2024-04-28 20:00:00,481.0,22.8,41.0,0.0,3.0,1.5
2024-04-28 20:15:00,476.0,22.8,41.0,0.0,2.0,2.020408163265306
2024-04-28 20:30:00,462.0,23.0,40.0,0.0,2.0,1.7142857142857142
2024-04-28 20:45:00,459.0,23.0,40.0,0.0,3.0,2.0
2024-04-28 21:00:00,455.5,23.0,39.5,0.0,2.0,1.4285714285714286
2024-04-28 21:15:00,456.0,23.0,39.0,0.0,2.0,1.4696048632218845
2024-04-28 21:30:00,447.0,23.0,39.0,0.0,3.0,1.5106382978723405
2024-04-28 21:45:00,447.5,23.0,39.0,0.0,1.5,1.5
2024-04-28 22:00:00,442.0,23.0,39.0,0.0,5.0,1.495049504950495
2024-04-28 22:15:00,451.5,23.0,39.0,0.0,1.5,1.5054945054945055
2024-04-28 22:30:00,440.0,23.0,39.0,0.0,2.0,1.5
2024-04-28 22:45:00,451.0,23.0,39.0,0.0,2.0,1.5
2024-04-28 23:00:00,450.5,23.0,39.0,0.0,3.0,1.4912280701754386
2024-04-28 23:15:00,446.0,23.0,39.0,0.0,2.0,1.4956140350877192
2024-04-28 23:30:00,449.0,23.0,39.0,0.0,3.0,1.5
2024-04-28 23:45:00,460.0,23.0,39.0,0.0,2.0,1.5
2024-04-29 00:00:00,460.0,22.8,39.0,0.0,3.0,1.5
2024-04-29 00:15:00,458.5,22.8,39.0,0.0,2.5,1.5
2024-04-29 00:30:00,455.0,22.8,39.0,0.0,4.0,1.5
2024-04-29 00:45:00,451.0,22.8,39.0,0.0,5.0,1.5
2024-04-29 01:00:00,458.0,22.5,39.0,0.0,6.0,1.5
2024-04-29 01:15:00,461.0,22.5,39.0,0.0,6.0,1.5
2024-04-29 01:30:00,459.0,22.5,39.0,0.0,5.5,1.5
2024-04-29 01:45:00,443.0,22.5,39.0,0.0,5.0,1.2222222222222223
2024-04-29 02:00:00,440.0,22.3,39.0,0.0,6.0,1.0
2024-04-29 02:15:00,460.5,22.3,39.0,0.0,5.0,0.7777777777777779
2024-04-29 02:30:00,438.0,22.3,38.0,0.0,5.0,0.5555555555555556
2024-04-29 02:45:00,458.0,22.0,38.0,0.5,5.0,0.3333333333333333
2024-04-29 03:00:00,452.0,22.0,38.0,0.0,5.0,0.3333333333333333
2024-04-29 03:15:00,447.0,22.0,38.0,3.0,6.0,0.3333333333333333
2024-04-29 03:30:00,455.5,21.8,38.0,8.5,5.5,0.3333333333333333
2024-04-29 03:45:00,455.0,21.8,38.0,6.0,4.0,0.3333333333333333
2024-04-29 04:00:00,442.0,21.8,38.0,17.5,5.5,0.3333333333333333
2024-04-29 04:15:00,445.0,21.5,38.0,6.0,4.0,0.3333333333333333
2024-04-29 04:30:00,452.0,21.5,38.0,3.0,7.0,0.42857142857142855
2024-04-29 04:45:00,443.0,21.5,38.0,18.5,4.0,0.5238095238095238
2024-04-29 05:00:00,446.0,21.5,38.0,14.0,4.0,0.6190476190476191
2024-04-29 05:15:00,448.5,21.5,38.0,9.0,2.5,0.7142857142857143
2024-04-29 05:30:00,455.0,21.8,38.0,6.0,4.0,0.8095238095238095
2024-04-29 05:45:00,439.0,21.5,37.0,5.0,6.0,0.9047619047619049
2024-04-29 06:00:00,438.5,21.65,37.0,2.0,5.5,1.0
2024-04-29 06:15:00,453.0,21.5,37.0,1.0,3.0,0.2
2024-04-29 06:30:00,436.5,21.5,37.0,1.0,4.5,0.275
2024-04-29 06:45:00,461.0,21.5,37.0,1.0,3.0,0.35
2024-04-29 07:00:00,460.0,21.5,36.0,0.0,3.0,0.42500000000000004
2024-04-29 07:15:00,438.0,21.75,35.5,0.0,1.0,0.5
2024-04-29 07:30:00,442.0,22.5,35.0,0.0,1.0,0.0
2024-04-29 07:45:00,455.5,22.9,34.5,0.0,2.5,1.4545454545454546
2024-04-29 08:00:00,455.0,23.0,36.0,0.0,1.0,1.2790697674418605
2024-04-29 08:15:00,440.0,23.0,38.0,0.0,1.0,1.5897435897435896
2024-04-29 08:30:00,447.5,23.0,41.0,0.0,4.0,0.7647058823529411
2024-04-29 08:45:00,458.0,23.0,44.0,0.0,1.0,1.28125
2024-04-29 09:00:00,455.0,23.0,44.5,0.0,2.0,1.5797101449275361
2024-04-29 09:15:00,477.0,23.0,46.0,0.0,1.0,1.5897435897435896
2024-04-29 09:30:00,464.0,23.0,47.0,0.0,1.0,1.3518518518518519
2024-04-29 09:45:00,482.5,23.0,47.5,0.0,2.5,2.0842105263157893
2024-04-29 10:00:00,489.0,23.0,49.0,0.0,7.0,1.34375
2024-04-29 10:15:00,474.0,23.3,49.0,0.0,1.0,2.316326530612245
2024-04-29 10:30:00,480.0,23.3,50.0,0.0,3.0,4.459016393442623
2024-04-29 10:45:00,494.0,23.3,51.0,0.0,1.0,3.3622448979591835
2024-04-29 11:00:00,508.0,23.3,51.0,0.0,2.5,3.6291079812206575
2024-04-29 11:15:00,516.0,23.3,51.0,0.0,4.0,3.4822134387351777
2024-04-29 11:30:00,532.0,23.3,51.0,0.0,3.0,3.6647398843930636
2024-04-29 11:45:00,534.0,23.4,50.5,0.0,2.5,3.8983957219251337
2024-04-29 12:00:00,549.0,23.5,49.0,0.0,1.0,3.517948717948718
2024-04-29 12:15:00,557.0,23.5,49.0,26.0,2.0,5.357142857142857
2024-04-29 12:30:00,552.0,23.5,49.0,105.0,1.0,4.283422459893048
2024-04-29 12:45:00,554.0,23.5,49.0,121.0,1.0,5.276923076923077
2024-04-29 13:00:00,564.5,23.5,47.5,56.0,1.5,5.147186147186147
2024-04-29 13:15:00,570.0,23.3,46.0,37.0,2.0,3.4154589371980677
2024-04-29 13:30:00,560.0,23.3,44.0,50.5,1.5,2.098901098901099
2024-04-29 13:45:00,545.0,23.3,43.0,3.0,1.0,1.5396825396825398
2024-04-29 14:00:00,548.0,23.3,42.0,0.0,3.0,2.4634146341463414
2024-04-29 14:15:00,542.5,23.0,42.5,0.0,3.5,2.56140350877193
2024-04-29 14:30:00,551.0,23.0,44.0,0.0,2.0,5.128571428571429
2024-04-29 14:45:00,539.0,23.3,44.0,64.5,2.5,3.8076923076923075
2024-04-29 15:00:00,553.0,23.3,44.0,50.0,2.0,5.795811518324608
2024-04-29 15:15:00,549.0,23.3,44.0,16.0,7.0,4.66
2024-04-29 15:30:00,557.0,23.3,43.0,0.5,2.0,5.463855421686747
2024-04-29 15:45:00,572.0,23.5,43.0,1.0,0.0,5.52112676056338
2024-04-29 16:00:00,562.5,23.5,42.0,0.0,2.0,4.836633663366337
2024-04-29 16:15:00,587.0,23.5,42.0,0.0,3.0,2.9448818897637796
2024-04-29 16:30:00,565.0,23.5,41.0,0.0,1.0,2.6623376623376624
2024-04-29 16:45:00,566.5,23.5,40.5,0.0,1.5,3.1818181818181817
2024-04-29 17:00:00,565.0,23.5,40.0,0.0,0.0,2.852112676056338
2024-04-29 17:15:00,575.5,23.5,40.0,0.0,3.0,3.0089285714285716
2024-04-29 17:30:00,602.0,23.5,40.0,0.0,1.0,3.0078740157480315
2024-04-29 17:45:00,616.0,23.5,40.0,0.0,1.0,3.400943396226415
2024-04-29 18:00:00,601.5,23.5,38.5,0.0,1.0,0.9642857142857143
2024-04-29 18:15:00,540.0,23.3,38.0,0.0,3.0,1.1666666666666667
2024-04-29 18:30:00,512.0,23.3,37.0,0.0,0.5,0.6666666666666666
2024-04-29 18:45:00,502.0,23.3,36.0,0.0,0.0,0.3333333333333333
2024-04-29 19:00:00,504.0,23.3,36.0,0.0,5.0,1.6181818181818182
2024-04-29 19:15:00,510.5,23.3,36.0,0.0,3.0,1.3076923076923077
2024-04-29 19:30:00,514.0,23.3,36.0,0.0,4.0,1.5
2024-04-29 19:45:00,506.0,23.3,36.0,0.0,2.0,1.0
2024-04-29 20:00:00,506.5,23.3,36.0,0.0,2.0,0.8857142857142857
2024-04-29 20:15:00,524.0,23.3,36.0,0.0,1.0,1.24
2024-04-29 20:30:00,510.5,23.5,36.0,0.0,3.0,0.47368421052631576
2024-04-29 20:45:00,504.0,23.5,36.0,0.0,1.0,0.8823529411764706
2024-04-29 21:00:00,489.0,23.5,36.0,0.0,4.0,2.2972972972972974
2024-04-29 21:15:00,500.5,23.5,36.0,0.0,2.5,3.03125
2024-04-29 21:30:00,491.0,23.5,36.0,0.0,8.0,1.7058823529411764
2024-04-29 21:45:00,481.0,23.5,36.0,0.0,1.0,2.235294117647059
2024-04-29 22:00:00,464.0,23.5,36.0,0.0,3.0,1.826086956521739
2024-04-29 22:15:00,471.0,23.5,36.0,0.0,3.0,1.5
2024-04-29 22:30:00,465.5,23.5,36.0,0.0,1.0,1.4285714285714286
2024-04-29 22:45:00,448.0,23.3,36.0,0.0,10.0,1.1333333333333333
2024-04-29 23:00:00,447.0,23.3,36.0,0.0,5.0,0.5
2024-04-29 23:15:00,460.0,23.3,36.0,0.0,2.0,0.375
2024-04-29 23:30:00,471.0,23.3,36.0,0.0,2.0,0.3333333333333333
2024-04-29 23:45:00,483.5,23.15,37.0,0.0,4.0,1.0
2024-04-30 00:00:00,483.0,23.0,37.0,0.0,3.0,1.3333333333333333
2024-04-30 00:15:00,492.5,22.9,37.0,0.0,2.0,1.6666666666666665
2024-04-30 00:30:00,504.0,22.8,38.0,0.0,6.0,2.0
2024-04-30 00:45:00,497.0,22.8,38.0,0.0,1.0,1.1666666666666665
2024-04-30 01:00:00,475.0,22.5,38.0,0.0,3.0,0.3333333333333333
2024-04-30 01:15:00,470.0,22.5,38.0,0.0,1.0,0.375
2024-04-30 01:30:00,470.5,22.3,38.0,0.0,5.5,0.4
2024-04-30 01:45:00,457.0,22.3,39.0,0.0,1.0,0.425
2024-04-30 02:00:00,466.0,22.0,39.0,0.0,2.0,0.45
2024-04-30 02:15:00,462.5,22.0,39.0,1.5,2.5,0.475
2024-04-30 02:30:00,457.0,22.0,39.0,0.0,4.0,0.5
2024-04-30 02:45:00,454.5,21.8,39.0,1.0,2.5,0.525
2024-04-30 03:00:00,457.0,21.8,39.0,0.0,3.0,0.55
2024-04-30 03:15:00,449.0,21.5,40.0,0.0,3.0,0.575
2024-04-30 03:30:00,443.0,21.5,40.0,0.5,2.0,0.6
2024-04-30 03:45:00,447.0,21.3,40.0,1.0,2.0,0.625
2024-04-30 04:00:00,460.0,21.3,40.0,0.0,1.0,0.65
2024-04-30 04:15:00,454.5,21.0,40.5,0.0,1.5,0.675
2024-04-30 04:30:00,430.0,21.0,41.0,0.0,3.0,0.7
2024-04-30 04:45:00,445.0,21.0,41.0,0.0,2.0,0.725
2024-04-30 05:00:00,431.0,20.8,41.0,0.0,2.0,0.75
2024-04-30 05:15:00,442.0,20.8,41.0,0.0,4.0,0.775
2024-04-30 05:30:00,451.5,20.8,41.0,0.0,4.5,0.8
2024-04-30 05:45:00,435.0,20.8,41.0,0.0,5.0,0.825
2024-04-30 06:00:00,448.5,20.8,41.0,0.0,1.0,0.85
2024-04-30 06:15:00,457.0,20.8,41.0,0.0,3.0,0.875
2024-04-30 06:30:00,448.0,20.8,41.0,0.0,3.0,0.9
2024-04-30 06:45:00,446.5,20.8,41.0,0.0,1.0,0.925
2024-04-30 07:00:00,443.0,20.5,41.0,0.0,2.0,0.95
2024-04-30 07:15:00,436.5,21.05,41.0,0.0,2.5,0.975
2024-04-30 07:30:00,426.0,21.8,41.0,0.0,1.0,1.0
2024-04-30 07:45:00,450.0,22.0,42.0,0.0,10.0,0.6
2024-04-30 08:00:00,444.0,22.3,41.0,0.0,1.5,1.2702702702702702
2024-04-30 08:15:00,456.0,22.5,41.0,0.0,0.0,1.7142857142857142
2024-04-30 08:30:00,455.5,22.5,41.0,0.0,3.5,1.7
2024-04-30 08:45:00,467.0,22.5,41.0,0.0,1.0,1.6
2024-04-30 09:00:00,469.0,22.5,42.0,0.0,1.0,1.4444444444444444
2024-04-30 09:15:00,483.5,22.65,42.0,0.0,4.5,2.0
2024-04-30 09:30:00,502.0,22.8,43.0,0.0,7.0,2.1979166666666665
2024-04-30 09:45:00,512.0,22.8,42.0,0.0,3.0,1.9902912621359223
2024-04-30 10:00:00,510.0,23.0,42.0,0.0,0.0,1.7980769230769231
2024-04-30 10:15:00,524.0,23.3,42.0,0.0,1.0,1.8442622950819672
2024-04-30 10:30:00,530.0,23.4,41.0,0.0,3.5,2.074766355140187
2024-04-30 10:45:00,540.0,23.5,40.0,0.0,3.0,2.3714285714285714
2024-04-30 11:00:00,547.5,23.8,40.0,0.0,2.0,2.3551401869158877
2024-04-30 11:15:00,537.0,23.8,41.0,0.0,6.0,2.107142857142857
2024-04-30 11:30:00,549.0,24.0,41.0,0.0,1.0,2.5477707006369426
2024-04-30 11:45:00,561.0,24.0,40.0,0.0,2.5,2.839160839160839
2024-04-30 12:00:00,581.0,24.3,40.0,0.0,4.0,3.365
2024-04-30 12:15:00,593.0,24.3,39.5,0.0,2.0,3.4180790960451977
2024-04-30 12:30:00,589.0,24.3,39.0,0.0,1.0,3.857142857142857
2024-04-30 12:45:00,574.0,24.0,38.0,0.0,4.0,2.2988505747126435
2024-04-30 13:00:00,585.5,24.0,38.0,0.0,1.5,2.6018518518518516
2024-04-30 13:15:00,608.0,24.0,38.0,0.0,1.0,2.65
2024-04-30 13:30:00,580.0,24.0,38.0,0.0,4.0,4.204379562043796
2024-04-30 13:45:00,579.5,23.8,38.0,0.0,4.0,4.054054054054054
2024-04-30 14:00:00,599.0,23.8,38.0,0.0,1.0,3.5428571428571427
2024-04-30 14:15:00,585.0,23.8,38.0,4.5,4.5,2.608433734939759
2024-04-30 14:30:00,598.0,23.8,38.0,6.0,1.0,2.953020134228188
2024-04-30 14:45:00,591.0,23.8,39.0,3.0,3.0,2.3394495412844036
2024-04-30 15:00:00,580.5,23.8,39.0,31.5,2.0,3.5867768595041323
2024-04-30 15:15:00,597.0,23.8,39.0,90.0,3.0,3.3214285714285716
2024-04-30 15:30:00,610.5,23.5,39.5,119.0,1.0,2.8372093023255816
2024-04-30 15:45:00,603.0,23.5,40.0,82.0,3.0,1.4545454545454546
2024-04-30 16:00:00,582.0,23.5,40.0,55.0,4.0,1.5909090909090908
2024-04-30 16:15:00,554.5,23.5,40.0,4.5,2.0,1.6764705882352942
2024-04-30 16:30:00,561.0,23.5,40.0,0.0,2.0,1.681159420289855
2024-04-30 16:45:00,562.5,23.5,41.0,21.5,2.0,2.426470588235294
2024-04-30 17:00:00,589.0,23.5,41.0,16.0,1.0,2.8658536585365852
2024-04-30 17:15:00,578.0,23.5,42.0,108.0,2.0,1.71875
2024-04-30 17:30:00,582.0,23.5,42.0,44.5,1.0,2.1285714285714286
2024-04-30 17:45:00,551.0,23.5,42.0,16.0,1.0,3.0
2024-04-30 18:00:00,561.0,23.5,42.0,0.5,1.0,2.495798319327731
2024-04-30 18:15:00,578.0,23.5,42.0,6.0,0.0,2.7884615384615383
2024-04-30 18:30:00,577.0,23.5,42.0,0.0,4.0,3.1367521367521367
2024-04-30 18:45:00,566.0,23.5,42.0,0.0,2.0,2.4285714285714284
2024-04-30 19:00:00,563.0,23.5,42.0,1.0,1.0,2.5
2024-04-30 19:15:00,562.5,23.5,42.0,0.0,2.0,1.7333333333333334
2024-04-30 19:30:00,555.0,23.5,42.0,0.0,0.0,1.679245283018868
2024-04-30 19:45:00,547.0,23.5,42.0,1.0,3.0,1.48
2024-04-30 20:00:00,534.5,23.65,42.0,3.0,2.0,1.393939393939394
2024-04-30 20:15:00,527.0,23.8,42.0,0.0,4.0,0.6666666666666666
2024-04-30 20:30:00,504.0,23.8,42.0,0.0,1.5,1.6666666666666667
2024-04-30 20:45:00,511.0,23.8,42.0,40.0,3.0,1.1935483870967742
2024-04-30 21:00:00,502.0,23.8,43.0,0.0,2.0,1.2142857142857142
2024-04-30 21:15:00,505.5,23.9,44.0,0.0,1.0,1.0
2024-04-30 21:30:00,488.0,24.0,44.0,0.0,3.0,1.8888888888888888
2024-04-30 21:45:00,479.0,24.0,44.0,0.0,3.0,1.7
2024-04-30 22:00:00,487.0,24.0,44.0,0.0,1.5,1.7777777777777777
2024-04-30 22:15:00,491.0,24.0,44.0,0.0,3.0,1.5128205128205128
2024-04-30 22:30:00,486.0,24.0,44.0,0.0,0.0,2.4571428571428573
2024-04-30 22:45:00,485.0,24.0,44.0,0.0,1.0,1.5294117647058822
2024-04-30 23:00:00,489.0,23.8,44.0,0.0,1.0,0.4
2024-04-30 23:15:00,486.5,23.65,44.5,0.0,2.5,0.4375
2024-04-30 23:30:00,497.0,23.5,44.0,0.0,2.0,0.6875
2024-04-30 23:45:00,521.0,23.4,45.0,21.0,2.0,0.8571428571428571
2024-05-01 00:00:00,508.0,23.3,45.0,24.0,2.0,0.4
2024-05-01 00:15:00,523.0,23.0,45.0,24.0,2.0,1.0
2024-05-01 00:30:00,510.0,23.0,45.0,22.5,2.5,0.9710144927536232
2024-05-01 00:45:00,503.0,23.0,45.0,21.0,1.0,0.9420289855072463
2024-05-01 01:00:00,505.0,22.8,45.0,18.5,4.5,0.9130434782608695
2024-05-01 01:15:00,489.0,22.8,45.0,16.0,2.0,0.8840579710144927
2024-05-01 01:30:00,486.0,22.8,45.0,14.0,2.0,0.855072463768116
2024-05-01 01:45:00,478.5,22.5,45.0,9.0,3.5,0.8260869565217391
2024-05-01 02:00:00,465.0,22.3,45.0,11.0,4.0,0.7971014492753623
2024-05-01 02:15:00,471.5,22.15,45.0,8.5,2.5,0.7681159420289855
2024-05-01 02:30:00,478.0,22.0,45.0,6.0,1.0,0.7391304347826086
2024-05-01 02:45:00,482.0,21.8,45.0,14.0,2.0,0.7101449275362319
2024-05-01 03:00:00,465.0,21.65,46.0,3.5,1.5,0.681159420289855
2024-05-01 03:15:00,460.0,21.5,46.0,3.0,7.0,0.6521739130434783
2024-05-01 03:30:00,465.5,21.4,46.0,4.5,2.0,0.6231884057971013
2024-05-01 03:45:00,462.0,21.3,46.0,6.0,2.0,0.5942028985507246
2024-05-01 04:00:00,466.0,21.0,46.0,3.0,3.0,0.5652173913043478
2024-05-01 04:15:00,468.0,21.0,46.0,0.5,1.5,0.536231884057971
2024-05-01 04:30:00,459.0,20.8,46.0,0.0,2.0,0.5072463768115942
2024-05-01 04:45:00,458.0,20.8,46.0,0.0,3.5,0.4782608695652173
2024-05-01 05:00:00,456.0,20.8,46.0,3.0,2.0,0.4492753623188406
2024-05-01 05:15:00,458.0,20.5,45.0,21.0,7.0,0.42028985507246375
2024-05-01 05:30:00,457.0,20.5,46.0,69.0,1.5,0.3913043478260869
2024-05-01 05:45:00,472.0,20.5,46.0,72.0,2.0,0.3623188405797101
2024-05-01 06:00:00,473.5,20.5,46.0,53.5,3.5,0.3333333333333333
2024-05-01 06:15:00,470.0,20.3,45.0,34.0,2.0,0.39166666666666666
2024-05-01 06:30:00,467.0,20.3,45.0,27.0,3.0,0.45
2024-05-01 06:45:00,475.5,20.3,45.0,18.5,4.0,0.5083333333333333
2024-05-01 07:00:00,470.0,20.0,45.0,6.0,1.0,0.5666666666666667
2024-05-01 07:15:00,489.0,20.3,45.0,0.0,1.0,0.625
2024-05-01 07:30:00,469.0,20.75,44.5,0.0,2.5,0.6833333333333333
2024-05-01 07:45:00,466.0,21.0,44.0,0.0,1.0,0.7416666666666667
2024-05-01 08:00:00,475.0,21.3,43.0,0.0,1.0,0.8
2024-05-01 08:15:00,463.0,21.3,43.0,0.0,2.0,0.5
2024-05-01 08:30:00,477.0,21.3,43.0,0.0,1.0,0.8690476190476191
2024-05-01 08:45:00,494.0,21.3,43.5,0.0,1.0,1.2380952380952381
2024-05-01 09:00:00,468.0,21.3,44.0,0.0,2.0,1.7547169811320755
2024-05-01 09:15:00,472.0,21.3,44.0,0.0,1.5,1.4736842105263157
2024-05-01 09:30:00,478.0,21.3,44.0,0.0,1.0,0.6666666666666666
2024-05-01 09:45:00,486.0,21.5,44.0,0.0,1.0,0.3333333333333333
2024-05-01 10:00:00,505.0,21.65,44.0,0.0,1.5,2.4310344827586206
2024-05-01 10:15:00,513.0,22.0,44.0,0.0,1.0,2.590909090909091
2024-05-01 10:30:00,515.5,22.15,44.0,0.0,1.5,2.8369565217391304
2024-05-01 10:45:00,530.0,22.5,43.0,0.0,4.0,2.3529411764705883
2024-05-01 11:00:00,525.0,22.8,43.0,0.0,3.0,2.1818181818181817
2024-05-01 11:15:00,518.0,23.15,41.5,0.0,1.5,1.462962962962963
2024-05-01 11:30:00,541.0,23.5,41.0,0.0,1.0,1.7294117647058824
2024-05-01 11:45:00,544.5,23.65,40.5,0.0,2.0,2.748344370860927
2024-05-01 12:00:00,562.0,24.0,40.0,0.0,3.0,2.3404255319148937
2024-05-01 12:15:00,559.0,24.0,40.0,0.0,1.0,3.0
2024-05-01 12:30:00,556.0,24.3,40.0,3.0,1.5,1.7230769230769232
2024-05-01 12:45:00,554.0,24.3,39.0,3.0,1.0,3.227777777777778
2024-05-01 13:00:00,545.5,24.5,39.0,0.0,3.5,1.9047619047619047
2024-05-01 13:15:00,549.0,24.5,39.0,0.0,1.0,2.152317880794702
2024-05-01 13:30:00,539.0,24.5,39.0,0.0,1.0,3.4104046242774566
2024-05-01 13:45:00,557.5,24.3,39.0,0.0,6.0,3.0652173913043477
2024-05-01 14:00:00,562.0,24.3,40.0,0.0,3.0,3.026086956521739
2024-05-01 14:15:00,572.5,24.15,40.0,0.0,1.5,2.2
2024-05-01 14:30:00,563.0,23.8,40.0,0.0,1.0,2.6122448979591835
2024-05-01 14:45:00,559.0,23.8,40.0,0.0,2.0,1.8269230769230769
2024-05-01 15:00:00,562.0,23.8,40.0,0.0,3.0,2.2818791946308723
2024-05-01 15:15:00,570.0,23.8,40.0,32.0,3.0,1.6555555555555554
2024-05-01 15:30:00,568.0,23.8,40.0,9.0,2.0,1.8823529411764706
2024-05-01 15:45:00,569.0,23.8,40.0,66.0,3.0,2.3095238095238093
2024-05-01 16:00:00,562.0,23.5,39.0,55.0,1.0,1.4558823529411764
2024-05-01 16:15:00,544.0,23.5,39.0,3.5,1.0,1.5692307692307692
2024-05-01 16:30:00,521.0,23.5,39.0,0.0,1.0,1.6142857142857143
2024-05-01 16:45:00,512.0,23.5,39.0,0.0,3.0,1.6538461538461537
2024-05-01 17:00:00,540.0,23.4,40.0,0.0,3.5,2.3947368421052633
2024-05-01 17:15:00,546.0,23.5,41.0,0.0,1.0,2.29375
2024-05-01 17:30:00,543.0,23.5,42.5,0.0,3.0,2.2913385826771653
2024-05-01 17:45:00,546.0,23.5,44.0,0.0,5.0,2.7808988764044944
2024-05-01 18:00:00,565.0,23.5,44.0,0.0,3.0,2.9292035398230087
2024-05-01 18:15:00,565.0,23.4,45.0,27.0,1.0,2.188976377952756
2024-05-01 18:30:00,545.0,23.3,45.0,50.0,2.0,1.484375
2024-05-01 18:45:00,529.0,23.3,45.0,42.0,2.5,1.7066666666666668
2024-05-01 19:00:00,521.0,23.3,45.0,34.0,2.0,1.5
2024-05-01 19:15:00,521.0,23.3,45.0,27.0,3.0,1.3584905660377358
2024-05-01 19:30:00,507.0,23.3,45.0,5.5,5.5,1.3818181818181818
2024-05-01 19:45:00,507.0,23.3,45.0,0.0,1.0,1.8936170212765957
2024-05-01 20:00:00,503.5,23.4,45.0,0.0,2.5,2.6785714285714284
2024-05-01 20:15:00,503.0,23.5,45.0,0.0,1.0,0.625
2024-05-01 20:30:00,503.0,23.5,45.0,0.0,6.0,1.2857142857142858
2024-05-01 20:45:00,488.0,23.5,44.0,0.0,2.0,0.875
2024-05-01 21:00:00,487.0,23.5,44.0,0.0,1.0,1.5737704918032787
2024-05-01 21:15:00,490.5,23.65,44.0,7.0,2.0,1.0571428571428572
2024-05-01 21:30:00,489.0,23.8,44.0,16.0,1.0,0.7777777777777778
2024-05-01 21:45:00,491.0,23.5,44.0,0.0,2.0,1.0
2024-05-01 22:00:00,482.0,23.65,44.0,0.0,2.0,0.9166666666666666
2024-05-01 22:15:00,493.0,23.5,44.0,0.0,1.0,2.1375
2024-05-01 22:30:00,490.0,23.5,44.0,0.0,1.5,1.891566265060241
2024-05-01 22:45:00,490.0,23.5,44.0,0.0,1.0,2.1404958677685952
2024-05-01 23:00:00,468.0,23.5,43.0,0.0,3.0,1.2222222222222223
2024-05-01 23:15:00,500.0,23.5,43.5,39.5,2.0,1.0
2024-05-01 23:30:00,515.0,23.3,44.0,14.0,2.0,0.8461538461538461
2024-05-01 23:45:00,525.0,23.3,44.0,6.0,1.0,0.8571428571428571
2024-05-02 00:00:00,533.5,23.0,44.0,0.5,1.5,0.42857142857142855
2024-05-02 00:15:00,531.0,22.8,44.0,0.0,4.0,0.875
2024-05-02 00:30:00,520.5,22.8,44.0,0.0,2.5,0.7647058823529411
2024-05-02 00:45:00,529.0,22.5,44.0,0.0,2.0,1.8481012658227849
2024-05-02 01:00:00,520.0,22.5,44.0,0.0,4.0,1.4285714285714286
2024-05-02 01:15:00,524.5,22.3,45.0,0.0,3.0,0.5555555555555556
2024-05-02 01:30:00,506.0,22.3,45.0,0.0,2.0,0.5726495726495727
2024-05-02 01:45:00,493.0,22.0,45.0,0.0,3.5,0.5897435897435898
2024-05-02 02:00:00,512.0,21.8,45.0,0.0,3.0,0.6068376068376069
2024-05-02 02:15:00,493.0,21.8,45.0,0.0,3.0,0.6239316239316239
2024-05-02 02:30:00,486.0,21.65,45.0,0.0,3.0,0.6410256410256411
2024-05-02 02:45:00,481.0,21.5,45.0,0.0,2.0,0.6581196581196581
2024-05-02 03:00:00,472.5,21.3,45.0,0.0,2.0,0.6752136752136753
2024-05-02 03:15:00,460.0,21.0,45.0,0.0,1.0,0.6923076923076923
2024-05-02 03:30:00,462.0,21.0,45.0,0.0,2.0,0.7094017094017094
2024-05-02 03:45:00,473.0,20.8,45.0,0.0,2.0,0.7264957264957265
2024-05-02 04:00:00,464.0,20.8,45.0,0.0,4.0,0.7435897435897436
2024-05-02 04:15:00,470.5,20.5,45.0,0.0,5.0,0.7606837606837606
2024-05-02 04:30:00,460.0,20.5,45.0,0.0,2.0,0.7777777777777778
2024-05-02 04:45:00,455.0,20.5,45.0,0.0,6.0,0.7948717948717949
2024-05-02 05:00:00,466.5,20.4,45.0,0.0,4.0,0.811965811965812
2024-05-02 05:15:00,477.0,20.3,45.0,0.0,4.0,0.829059829059829
2024-05-02 05:30:00,463.0,20.3,46.0,0.0,5.0,0.8461538461538461
2024-05-02 05:45:00,480.0,20.3,46.0,0.0,4.0,0.8632478632478633
2024-05-02 06:00:00,473.0,20.3,46.0,0.0,6.0,0.8803418803418803
2024-05-02 06:15:00,457.5,20.3,46.0,0.0,4.0,0.8974358974358974
2024-05-02 06:30:00,458.0,20.3,46.0,0.0,6.0,0.9145299145299145
2024-05-02 06:45:00,467.5,20.0,46.5,0.0,4.0,0.9316239316239316
2024-05-02 07:00:00,471.0,20.0,47.0,0.0,4.0,0.9487179487179487
2024-05-02 07:15:00,460.0,20.0,47.0,0.0,2.0,0.9658119658119658
2024-05-02 07:30:00,447.5,20.75,46.0,0.0,1.5,0.982905982905983
2024-05-02 07:45:00,460.0,21.3,45.0,0.0,6.0,1.0
2024-05-02 08:00:00,456.5,21.65,44.5,0.0,2.0,0.2857142857142857
2024-05-02 08:15:00,451.0,21.8,44.0,0.0,1.0,1.0714285714285714
2024-05-02 08:30:00,470.0,21.8,44.0,0.0,1.0,0.8333333333333334
2024-05-02 08:45:00,459.0,21.8,44.0,0.0,3.5,0.5263157894736842
2024-05-02 09:00:00,476.0,21.8,44.0,0.0,2.0,0.8461538461538461
2024-05-02 09:15:00,458.0,21.8,44.0,0.0,2.0,0.8928571428571429
2024-05-02 09:30:00,478.5,21.8,44.0,0.0,3.5,0.6666666666666666
2024-05-02 09:45:00,494.0,21.8,44.0,0.0,7.0,1.0
2024-05-02 10:00:00,504.0,22.0,44.0,0.0,2.0,1.2195121951219512
2024-05-02 10:15:00,519.0,22.0,44.0,0.0,2.0,0.6956521739130435
2024-05-02 10:30:00,511.5,22.0,44.0,0.0,2.0,0.3333333333333333
2024-05-02 10:45:00,512.0,22.0,44.0,0.0,2.0,0.7727272727272727
2024-05-02 11:00:00,514.0,22.0,44.0,0.0,2.0,1.3095238095238095
2024-05-02 11:15:00,510.5,22.3,44.0,0.0,2.0,2.28125
2024-05-02 11:30:00,517.0,22.3,44.0,0.0,2.0,1.6956521739130435
2024-05-02 11:45:00,551.0,22.5,44.0,0.0,10.0,2.5675675675675675
2024-05-02 12:00:00,564.0,22.8,43.0,0.0,13.0,2.6462585034013606
2024-05-02 12:15:00,574.0,22.8,43.0,0.0,9.0,3.4177215189873418
2024-05-02 12:30:00,549.5,23.0,43.0,0.0,4.0,2.7816901408450705
2024-05-02 12:45:00,541.0,23.3,42.0,0.0,4.0,2.106918238993711
2024-05-02 13:00:00,551.5,23.5,42.0,0.0,3.5,2.263157894736842
2024-05-02 13:15:00,530.0,23.8,41.0,0.0,1.0,2.203125
2024-05-02 13:30:00,534.0,24.0,41.0,0.0,4.0,2.0338983050847457
2024-05-02 13:45:00,540.5,24.0,41.0,0.0,2.0,2.0225563909774436
2024-05-02 14:00:00,564.0,24.0,41.0,52.0,2.0,1.8
2024-05-02 14:15:00,567.0,24.3,41.0,21.0,4.0,3.0166666666666666
2024-05-02 14:30:00,562.5,24.3,41.0,20.5,2.5,1.6666666666666667
2024-05-02 14:45:00,576.0,24.3,41.0,0.0,4.0,2.1530612244897958
2024-05-02 15:00:00,579.0,24.0,41.0,0.0,3.0,2.471264367816092
2024-05-02 15:15:00,565.0,23.8,41.0,0.0,3.0,2.6589147286821704
2024-05-02 15:30:00,565.0,23.8,41.0,0.0,1.0,2.8203125
2024-05-02 15:45:00,568.0,23.65,41.5,3.0,4.0,4.50531914893617
2024-05-02 16:00:00,560.0,23.5,42.0,0.0,3.0,4.038461538461538
2024-05-02 16:15:00,554.0,23.5,43.0,0.0,1.5,4.153846153846154
2024-05-02 16:30:00,569.0,23.5,44.0,0.0,4.0,2.293103448275862
2024-05-02 16:45:00,561.0,23.5,44.0,0.0,2.0,2.0483870967741935
2024-05-02 17:00:00,559.0,23.4,44.5,3.0,2.0,1.934065934065934
2024-05-02 17:15:00,556.0,23.3,45.0,0.0,3.0,3.597938144329897
2024-05-02 17:30:00,566.5,23.3,45.5,0.0,1.0,2.872340425531915
2024-05-02 17:45:00,579.0,23.3,46.0,0.0,3.0,2.3642857142857143
2024-05-02 18:00:00,574.0,23.3,46.0,0.0,4.0,2.561946902654867
2024-05-02 18:15:00,594.5,23.4,46.0,0.5,2.0,2.1031746031746033
2024-05-02 18:30:00,588.0,23.5,46.0,0.0,3.0,2.728110599078341
2024-05-02 18:45:00,582.5,23.5,46.0,21.5,3.0,2.6363636363636362
2024-05-02 19:00:00,596.0,23.5,46.0,37.0,2.0,2.6043165467625897
2024-05-02 19:15:00,575.0,23.5,45.0,82.0,2.0,1.4583333333333333
2024-05-02 19:30:00,563.5,23.5,44.5,50.5,3.0,1.6111111111111112
2024-05-02 19:45:00,565.0,23.5,44.0,24.0,1.0,1.3333333333333333
2024-05-02 20:00:00,545.5,23.5,42.5,10.0,1.5,1.6153846153846154
2024-05-02 20:15:00,528.0,23.5,42.0,1.0,1.0,2.043956043956044
2024-05-02 20:30:00,534.0,23.5,41.0,0.0,2.0,1.6153846153846154
2024-05-02 20:45:00,530.0,23.8,40.5,0.0,1.5,1.7017543859649122
2024-05-02 21:00:00,525.0,23.8,40.0,0.0,1.0,1.0
2024-05-02 21:15:00,523.5,23.8,40.0,0.0,1.0,1.1111111111111112
2024-05-02 21:30:00,517.0,23.8,39.0,23.0,3.0,0.8
2024-05-02 21:45:00,497.0,23.8,39.0,27.0,1.0,1.2777777777777777
2024-05-02 22:00:00,504.5,23.9,39.0,10.0,1.0,0.2727272727272727
2024-05-02 22:15:00,489.0,24.0,39.0,1.0,2.0,0.3333333333333333
2024-05-02 22:30:00,490.0,24.0,39.0,0.0,2.5,1.2
2024-05-02 22:45:00,488.0,24.0,39.0,1.0,1.0,0.3333333333333333
2024-05-02 23:00:00,472.0,24.0,38.0,0.0,2.0,1.8297872340425532
2024-05-02 23:15:00,500.5,23.9,38.5,0.5,3.5,1.0
2024-05-02 23:30:00,510.0,23.8,39.0,2.0,2.0,0.2
2024-05-02 23:45:00,522.0,23.5,39.0,1.0,1.0,0.5
2024-05-03 00:00:00,525.5,23.15,40.0,0.5,4.5,1.4736842105263157
2024-05-03 00:15:00,541.0,23.0,40.0,0.0,2.0,1.375
2024-05-03 00:30:00,530.5,22.65,40.0,0.5,2.5,0.2
2024-05-03 00:45:00,533.0,22.5,40.0,0.0,2.0,1.3636363636363635
2024-05-03 01:00:00,529.0,22.3,40.0,0.0,5.0,1.25
2024-05-03 01:15:00,558.5,22.15,41.0,0.0,6.0,1.6326530612244898
2024-05-03 01:30:00,562.0,22.0,41.0,0.0,3.0,1.4655172413793103
2024-05-03 01:45:00,553.5,21.8,41.0,0.0,4.0,1.441860465116279
2024-05-03 02:00:00,555.0,21.8,41.0,0.0,4.0,0.0
2024-05-03 02:15:00,552.0,21.5,41.0,0.0,5.0,0.8
2024-05-03 02:30:00,559.5,21.4,41.0,0.0,7.5,0.7481481481481482
2024-05-03 02:45:00,536.0,21.3,41.0,0.0,6.0,0.6962962962962963
2024-05-03 03:00:00,522.0,21.15,41.0,0.0,8.5,0.6444444444444445
2024-05-03 03:15:00,526.0,21.0,42.0,0.0,9.0,0.5925925925925926
2024-05-03 03:30:00,531.0,21.0,42.0,0.0,8.0,0.5407407407407407
2024-05-03 03:45:00,501.0,20.8,42.0,0.0,12.0,0.4888888888888889
2024-05-03 04:00:00,503.0,20.5,42.0,0.0,8.0,0.437037037037037
2024-05-03 04:15:00,510.0,20.4,42.0,0.0,10.0,0.38518518518518513
2024-05-03 04:30:00,482.0,20.3,42.0,0.0,9.0,0.3333333333333333
2024-05-03 04:45:00,494.0,20.0,42.0,0.0,7.0,0.3333333333333333
2024-05-03 05:00:00,493.0,20.0,42.0,0.0,9.0,0.3333333333333333
2024-05-03 05:15:00,491.0,20.0,43.0,0.0,11.0,0.3333333333333333
2024-05-03 05:30:00,496.5,20.0,43.0,0.0,10.0,0.3333333333333333
2024-05-03 05:45:00,486.0,19.8,43.0,0.0,12.0,0.3333333333333333
2024-05-03 06:00:00,468.0,19.8,43.0,0.0,8.0,0.3333333333333333
2024-05-03 06:15:00,484.0,19.8,43.0,0.0,9.5,0.3333333333333333
2024-05-03 06:30:00,468.0,19.8,44.0,0.0,7.0,0.3333333333333333
2024-05-03 06:45:00,472.0,19.8,44.0,0.0,7.5,0.3333333333333333
2024-05-03 07:00:00,458.0,19.5,44.0,0.0,5.0,0.3333333333333333
2024-05-03 07:15:00,474.0,19.8,44.0,0.0,2.0,0.6666666666666666
2024-05-03 07:30:00,473.0,20.4,43.5,0.0,2.5,0.7142857142857143
2024-05-03 07:45:00,489.0,20.8,43.0,0.0,2.0,0.5
2024-05-03 08:00:00,472.5,21.0,43.0,0.0,2.0,1.2105263157894737
2024-05-03 08:15:00,484.0,21.0,44.0,0.0,1.0,0.6190476190476191
2024-05-03 08:30:00,485.0,21.0,44.0,0.0,1.0,0.875
2024-05-03 08:45:00,478.5,21.0,45.0,0.0,2.5,1.1481481481481481
2024-05-03 09:00:00,484.0,21.3,46.0,0.0,1.0,0.5294117647058824
2024-05-03 09:15:00,485.0,21.3,46.0,1.5,2.5,1.25
2024-05-03 09:30:00,488.0,21.3,46.0,24.0,2.0,1.4545454545454546
2024-05-03 09:45:00,500.0,21.5,46.0,1.0,2.0,1.6511627906976745
2024-05-03 10:00:00,505.0,21.5,46.0,0.0,4.0,3.1731843575418996
2024-05-03 10:15:00,511.0,21.8,46.0,0.0,6.0,3.305699481865285
2024-05-03 10:30:00,508.0,21.8,46.0,0.0,2.0,3.6687898089171975
2024-05-03 10:45:00,517.0,22.0,46.0,0.0,2.5,3.83974358974359
2024-05-03 11:00:00,523.0,22.3,46.0,0.0,4.0,2.144
2024-05-03 11:15:00,535.0,22.4,46.0,59.5,4.0,2.914691943127962
2024-05-03 11:30:00,546.0,22.8,46.0,16.0,2.0,7.161490683229814
2024-05-03 11:45:00,571.0,22.8,45.0,0.0,4.0,6.608391608391608
2024-05-03 12:00:00,558.5,23.15,44.5,181.0,4.0,4.76878612716763
2024-05-03 12:15:00,566.0,23.3,44.0,55.0,4.0,4.19774011299435
2024-05-03 12:30:00,564.5,23.65,43.5,8.5,4.0,4.136054421768708
2024-05-03 12:45:00,582.0,23.8,43.0,3.0,8.0,3.607142857142857
2024-05-03 13:00:00,568.0,23.8,42.0,3.0,2.0,3.093137254901961
2024-05-03 13:15:00,554.0,24.15,41.5,0.0,2.0,1.9157894736842105
2024-05-03 13:30:00,549.0,24.3,41.0,0.0,2.0,2.0686274509803924
2024-05-03 13:45:00,550.0,24.3,41.0,12.5,2.0,3.210526315789474
2024-05-03 14:00:00,550.0,24.0,41.0,0.0,4.0,2.6865671641791047
2024-05-03 14:15:00,554.0,24.0,41.0,0.0,2.0,2.1095890410958904
2024-05-03 14:30:00,553.5,24.0,41.0,0.0,3.5,3.4363636363636365
2024-05-03 14:45:00,554.0,23.8,41.0,0.0,5.0,3.2067510548523206
2024-05-03 15:00:00,560.5,23.8,41.0,0.0,4.0,2.7733333333333334
2024-05-03 15:15:00,569.0,23.5,41.0,0.0,2.0,2.488095238095238
2024-05-03 15:30:00,562.0,23.5,41.0,0.0,2.0,3.627450980392157
2024-05-03 15:45:00,575.5,23.8,41.0,12.0,2.5,3.423076923076923
2024-05-03 16:00:00,577.0,23.8,41.0,11.0,2.0,2.810344827586207
2024-05-03 16:15:00,547.5,23.5,41.5,0.0,2.0,2.3741496598639458
2024-05-03 16:30:00,559.0,23.5,42.0,0.0,3.0,2.556338028169014
2024-05-03 16:45:00,539.0,23.5,43.0,0.0,3.0,3.3181818181818183
2024-05-03 17:00:00,552.5,23.5,43.5,0.0,4.0,3.272727272727273
2024-05-03 17:15:00,556.0,23.5,44.0,0.0,4.0,2.838709677419355
2024-05-03 17:30:00,552.5,23.3,44.0,0.0,4.5,1.972972972972973
2024-05-03 17:45:00,528.0,23.3,44.0,0.0,4.0,1.3636363636363635
2024-05-03 18:00:00,527.0,23.3,43.0,9.0,2.0,1.673913043478261
2024-05-03 18:15:00,523.0,23.3,43.0,19.0,1.5,1.7169811320754718
2024-05-03 18:30:00,513.0,23.3,43.0,0.0,2.0,2.2527472527472527
2024-05-03 18:45:00,501.5,23.3,43.0,0.0,1.0,1.7464788732394365
2024-05-03 19:00:00,502.0,23.3,43.0,0.0,1.0,2.1358024691358026
2024-05-03 19:15:00,483.0,23.3,42.0,0.0,2.0,2.6
2024-05-03 19:30:00,491.0,23.3,42.0,0.0,1.0,1.6593406593406594
2024-05-03 19:45:00,494.0,23.3,42.0,0.0,5.0,2.061224489795918
2024-05-03 20:00:00,484.0,23.3,42.0,0.0,2.0,2.5
2024-05-03 20:15:00,469.0,23.5,41.0,0.0,1.5,1.5
2024-05-03 20:30:00,479.0,23.5,40.0,0.0,2.0,1.4545454545454546
2024-05-03 20:45:00,472.5,23.65,40.0,0.0,2.0,0.7142857142857143
2024-05-03 21:00:00,482.0,23.8,39.0,0.0,6.0,1.5
2024-05-03 21:15:00,472.0,23.8,39.0,0.0,3.0,1.3793103448275863
2024-05-03 21:30:00,462.0,23.8,39.0,0.0,1.0,0.38461538461538464
2024-05-03 21:45:00,474.0,23.8,39.0,221.0,5.0,0.9565217391304348
2024-05-03 22:00:00,469.0,23.9,39.0,150.0,1.5,0.35714285714285715
2024-05-03 22:15:00,466.0,24.0,39.0,114.0,1.0,1.0
2024-05-03 22:30:00,464.0,24.0,39.0,92.0,4.0,0.6666666666666666
2024-05-03 22:45:00,459.0,24.0,38.0,69.5,3.0,0.3333333333333333
2024-05-03 23:00:00,434.0,24.0,38.0,55.0,4.0,0.3333333333333333
2024-05-03 23:15:00,461.5,23.9,38.5,59.5,3.5,0.3333333333333333
2024-05-03 23:30:00,463.0,23.5,39.0,74.0,5.0,0.5
2024-05-03 23:45:00,456.0,23.3,39.0,77.0,1.0,0.6666666666666667
2024-05-04 00:00:00,449.5,23.15,40.0,75.5,3.0,0.8333333333333333
2024-05-04 00:15:00,459.0,22.8,40.0,74.0,4.0,1.0
2024-05-04 00:30:00,451.5,22.65,40.0,73.0,2.5,0.0
2024-05-04 00:45:00,458.0,22.3,41.0,69.0,3.0,0.018518518518518517
2024-05-04 01:00:00,459.0,22.3,41.0,72.0,1.0,0.037037037037037035
2024-05-04 01:15:00,457.0,22.0,41.0,57.0,5.0,0.05555555555555555
2024-05-04 01:30:00,453.0,21.8,41.0,60.0,1.0,0.07407407407407407
2024-05-04 01:45:00,455.0,21.65,41.0,56.0,6.0,0.09259259259259259
2024-05-04 02:00:00,444.0,21.5,42.0,52.0,2.0,0.1111111111111111
2024-05-04 02:15:00,452.0,21.3,42.0,55.0,2.0,0.12962962962962962
2024-05-04 02:30:00,452.0,21.15,42.0,45.0,2.5,0.14814814814814814
2024-05-04 02:45:00,449.0,21.0,42.0,42.0,2.0,0.16666666666666666
2024-05-04 03:00:00,448.0,20.8,42.0,35.5,3.0,0.18518518518518517
2024-05-04 03:15:00,454.0,20.5,42.0,34.0,3.0,0.2037037037037037
2024-05-04 03:30:00,447.0,20.3,42.0,27.0,3.0,0.2222222222222222
2024-05-04 03:45:00,454.0,20.3,42.0,24.0,3.0,0.24074074074074076
2024-05-04 04:00:00,455.0,20.0,42.0,24.0,4.0,0.25925925925925924
2024-05-04 04:15:00,448.0,20.0,42.0,18.5,4.0,0.2777777777777778
2024-05-04 04:30:00,463.0,19.8,42.0,16.0,2.0,0.2962962962962963
2024-05-04 04:45:00,453.0,19.8,42.0,16.0,5.0,0.3148148148148148
2024-05-04 05:00:00,459.0,19.8,43.0,14.0,4.0,0.3333333333333333
2024-05-04 05:15:00,467.0,19.5,43.0,14.0,9.0,0.375
2024-05-04 05:30:00,466.0,19.5,43.0,16.0,6.0,0.41666666666666663
2024-05-04 05:45:00,471.0,19.5,43.0,12.5,7.5,0.4583333333333333
2024-05-04 06:00:00,471.0,19.5,43.0,14.0,5.0,0.5
2024-05-04 06:15:00,461.5,19.4,43.0,11.0,7.5,0.0
2024-05-04 06:30:00,481.0,19.3,43.0,14.0,5.0,0.09090909090909091
2024-05-04 06:45:00,474.0,19.3,42.0,14.0,8.0,0.18181818181818182
2024-05-04 07:00:00,480.5,19.3,43.0,6.5,6.5,0.2727272727272727
2024-05-04 07:15:00,472.0,19.5,44.0,6.0,3.0,0.36363636363636365
2024-05-04 07:30:00,467.5,20.65,42.5,0.0,3.5,0.45454545454545453
2024-05-04 07:45:00,468.0,21.5,42.0,0.0,1.0,0.5454545454545454
2024-05-04 08:00:00,475.0,22.0,41.0,0.0,2.0,0.6363636363636364
2024-05-04 08:15:00,462.0,22.75,40.5,0.0,3.5,0.7272727272727273
2024-05-04 08:30:00,467.0,23.3,40.0,0.0,1.0,0.8181818181818181
2024-05-04 08:45:00,445.5,23.65,40.0,0.0,1.5,0.9090909090909091
2024-05-04 09:00:00,446.0,24.0,39.0,0.0,2.0,1.0
2024-05-04 09:15:00,446.0,24.0,39.0,0.0,1.0,0.6
2024-05-04 09:30:00,451.0,24.4,39.0,0.0,2.5,1.1627906976744187
2024-05-04 09:45:00,478.0,24.5,38.0,0.0,3.0,0.4090909090909091
2024-05-04 10:00:00,458.5,24.9,38.0,0.0,5.5,0.35714285714285715
2024-05-04 10:15:00,487.0,25.0,38.0,0.0,5.0,0.35714285714285715
2024-05-04 10:30:00,483.0,25.3,38.0,0.0,1.0,0.6923076923076923
2024-05-04 10:45:00,488.5,25.3,38.0,0.0,2.0,1.553191489361702
2024-05-04 11:00:00,485.0,25.3,38.0,0.0,2.0,1.5
2024-05-04 11:15:00,487.0,24.9,38.0,0.0,4.5,0.9
2024-05-04 11:30:00,505.0,24.5,39.0,0.0,3.0,0.25
2024-05-04 11:45:00,478.0,24.5,39.0,0.0,6.0,1.9607843137254901
2024-05-04 12:00:00,499.0,24.3,39.0,0.0,3.5,2.445161290322581
2024-05-04 12:15:00,502.0,24.0,40.0,0.0,3.0,2.0373831775700935
2024-05-04 12:30:00,496.5,23.9,40.0,0.0,4.5,2.2830188679245285
2024-05-04 12:45:00,504.0,23.8,40.0,0.0,3.0,1.8395061728395061
2024-05-04 13:00:00,480.0,23.8,41.0,0.0,2.0,1.5178571428571428
2024-05-04 13:15:00,488.0,23.8,41.0,0.0,4.0,1.6666666666666667
2024-05-04 13:30:00,471.0,23.5,41.0,0.0,3.0,1.75
2024-05-04 13:45:00,481.0,23.5,41.0,0.0,2.5,2.438775510204082
2024-05-04 14:00:00,469.0,23.5,41.0,0.0,2.0,2.625
2024-05-04 14:15:00,490.0,23.5,41.0,0.0,4.0,2.02
2024-05-04 14:30:00,472.5,23.5,41.0,0.0,2.0,2.4375
2024-05-04 14:45:00,462.0,23.5,41.0,0.0,2.0,2.5254237288135593
2024-05-04 15:00:00,477.0,23.5,41.0,0.0,2.0,1.5254237288135593
2024-05-04 15:15:00,475.0,23.5,41.0,0.0,3.0,1.6382978723404256
2024-05-04 15:30:00,478.0,23.5,41.0,0.0,3.0,1.4615384615384615
2024-05-04 15:45:00,485.5,23.4,42.0,0.0,3.0,1.7439024390243902
2024-05-04 16:00:00,471.0,23.3,42.0,0.0,1.0,1.2727272727272727
2024-05-04 16:15:00,491.0,23.3,42.0,0.0,3.0,1.40625
2024-05-04 16:30:00,467.0,23.3,42.5,0.0,1.5,1.45
2024-05-04 16:45:00,473.0,23.3,43.0,0.0,2.0,0.4444444444444444
2024-05-04 17:00:00,470.0,23.3,43.0,0.0,4.0,0.2727272727272727
2024-05-04 17:15:00,472.0,23.3,43.0,0.0,2.0,1.3548387096774193
2024-05-04 17:30:00,477.0,23.3,43.0,0.0,3.0,1.4838709677419355
2024-05-04 17:45:00,474.5,23.3,43.5,0.0,4.0,1.7333333333333334
2024-05-04 18:00:00,488.0,23.3,44.0,0.0,3.0,2.585858585858586
2024-05-04 18:15:00,497.0,23.5,44.0,0.0,2.5,1.04
2024-05-04 18:30:00,492.0,23.5,43.0,0.0,4.0,1.2941176470588236
2024-05-04 18:45:00,500.0,23.5,43.0,0.0,4.0,1.3870967741935485
2024-05-04 19:00:00,482.5,23.65,43.0,0.0,1.0,1.5
2024-05-04 19:15:00,490.0,23.8,42.0,0.0,1.0,1.8433734939759037
2024-05-04 19:30:00,493.0,23.8,42.0,0.0,3.5,1.8305084745762712
2024-05-04 19:45:00,502.0,23.8,42.0,0.0,3.0,0.5416666666666666
2024-05-04 20:00:00,481.0,23.8,42.0,0.0,3.0,0.7142857142857143
2024-05-04 20:15:00,486.5,23.8,42.0,0.0,2.5,0.8888888888888888
2024-05-04 20:30:00,481.0,23.8,42.0,0.0,2.0,0.7037037037037036
2024-05-04 20:45:00,484.5,23.8,42.0,0.0,2.5,0.5185185185185184
2024-05-04 21:00:00,495.0,23.8,42.0,0.0,3.0,0.3333333333333333
2024-05-04 21:15:00,486.0,23.8,42.0,0.0,3.0,0.3333333333333333
2024-05-04 21:30:00,490.0,24.0,42.0,0.0,3.0,0.6666666666666667
2024-05-04 21:45:00,508.0,24.0,43.0,0.0,3.0,1.0
2024-05-04 22:00:00,498.0,23.9,43.0,0.0,3.0,1.0
2024-05-04 22:15:00,513.0,24.0,43.0,0.0,2.0,1.0
2024-05-04 22:30:00,511.0,23.8,44.0,0.0,3.0,1.0
2024-05-04 22:45:00,494.5,23.8,44.0,0.0,3.5,0.5
2024-05-04 23:00:00,501.0,23.8,44.0,0.0,4.0,0.5714285714285714
2024-05-04 23:15:00,494.5,23.65,44.0,0.0,4.5,0.3333333333333333
2024-05-04 23:30:00,494.0,23.5,44.0,0.0,7.0,0.3333333333333333
2024-05-04 23:45:00,494.0,23.5,44.0,0.0,5.0,0.3333333333333333
2024-05-05 00:00:00,498.5,23.3,44.0,0.0,7.0,0.3333333333333333
2024-05-05 00:15:00,487.0,23.3,44.0,0.0,5.0,0.34444444444444444
2024-05-05 00:30:00,496.0,23.0,44.0,0.0,7.5,0.3555555555555555
2024-05-05 00:45:00,495.0,23.0,44.0,0.0,11.0,0.36666666666666664
2024-05-05 01:00:00,492.0,22.8,45.0,0.0,11.0,0.37777777777777777
2024-05-05 01:15:00,493.0,22.65,45.0,0.0,13.5,0.38888888888888884
2024-05-05 01:30:00,495.0,22.5,45.0,0.0,13.0,0.39999999999999997
2024-05-05 01:45:00,477.0,22.5,45.0,0.0,11.0,0.4111111111111111
2024-05-05 02:00:00,485.0,22.4,45.0,2.0,17.0,0.4222222222222222
2024-05-05 02:15:00,477.0,22.3,45.0,3.0,15.0,0.4333333333333333
2024-05-05 02:30:00,478.5,22.15,45.0,24.0,17.5,0.4444444444444444
2024-05-05 02:45:00,483.0,22.0,45.0,6.0,10.0,0.45555555555555555
2024-05-05 03:00:00,480.0,21.8,45.0,14.0,14.0,0.4666666666666667
2024-05-05 03:15:00,464.0,21.65,45.0,13.5,14.5,0.47777777777777775
2024-05-05 03:30:00,479.0,21.3,45.0,16.0,14.0,0.4888888888888889
2024-05-05 03:45:00,475.5,21.3,45.0,11.0,11.0,0.5
2024-05-05 04:00:00,460.0,21.0,45.0,9.0,14.0,0.5111111111111111
2024-05-05 04:15:00,468.0,21.0,45.0,14.0,12.0,0.5222222222222221
2024-05-05 04:30:00,471.0,20.9,45.5,13.5,13.0,0.5333333333333333
2024-05-05 04:45:00,462.0,20.8,46.0,6.0,14.0,0.5444444444444444
2024-05-05 05:00:00,457.5,20.8,46.0,6.5,14.5,0.5555555555555556
2024-05-05 05:15:00,458.0,20.5,46.0,6.0,15.0,0.5666666666666667
2024-05-05 05:30:00,475.0,20.5,46.0,3.0,11.0,0.5777777777777777
2024-05-05 05:45:00,462.5,20.3,46.0,3.0,13.5,0.5888888888888888
2024-05-05 06:00:00,477.0,20.3,46.0,3.0,14.0,0.6
2024-05-05 06:15:00,465.0,20.3,46.0,3.0,14.0,0.62
2024-05-05 06:30:00,470.0,20.5,47.0,1.0,18.0,0.64
2024-05-05 06:45:00,471.0,20.5,47.0,1.0,11.0,0.6599999999999999
2024-05-05 07:00:00,468.0,20.4,47.0,0.0,14.5,0.6799999999999999
2024-05-05 07:15:00,461.0,20.5,48.0,0.0,8.0,0.7
2024-05-05 07:30:00,466.5,21.25,46.5,0.0,5.5,0.5
2024-05-05 07:45:00,460.0,22.0,46.0,0.0,6.0,0.2
2024-05-05 08:00:00,466.0,22.5,45.0,0.0,2.0,0.3333333333333333
2024-05-05 08:15:00,475.0,23.4,43.0,0.0,5.0,1.0
2024-05-05 08:30:00,461.0,23.8,42.0,0.0,5.0,0.75
2024-05-05 08:45:00,458.5,24.0,42.0,0.0,4.5,0.5
2024-05-05 09:00:00,467.0,24.3,42.0,0.0,2.0,0.25
2024-05-05 09:15:00,469.0,24.3,42.0,0.0,3.0,0.325
2024-05-05 09:30:00,449.0,24.15,42.0,0.0,5.0,0.4
2024-05-05 09:45:00,462.0,24.0,42.0,0.0,2.0,0.25
2024-05-05 10:00:00,445.5,23.9,42.0,0.0,3.5,0.6666666666666666
2024-05-05 10:15:00,441.0,23.8,42.0,0.0,5.0,0.72
2024-05-05 10:30:00,442.0,23.8,42.0,0.0,5.0,1.3191489361702127
2024-05-05 10:45:00,435.5,23.8,42.0,0.0,3.0,1.6666666666666667
2024-05-05 11:00:00,450.0,23.8,42.0,0.0,4.0,2.0123456790123457
2024-05-05 11:15:00,450.0,23.5,42.0,0.0,5.0,1.0714285714285714
2024-05-05 11:30:00,448.5,23.5,42.0,0.0,6.0,1.5
2024-05-05 11:45:00,440.0,23.5,42.0,0.0,4.0,1.6388888888888888
2024-05-05 12:00:00,455.5,23.5,42.0,0.0,3.0,1.7777777777777777
2024-05-05 12:15:00,442.0,23.5,43.0,0.0,2.0,1.608695652173913
2024-05-05 12:30:00,436.0,23.5,43.0,0.0,5.0,0.2857142857142857
2024-05-05 12:45:00,436.5,23.5,43.5,0.0,3.0,0.375
2024-05-05 13:00:00,441.0,23.8,44.0,0.0,2.0,0.7222222222222222
2024-05-05 13:15:00,439.0,23.5,44.5,0.0,1.5,1.0689655172413792
2024-05-05 13:30:00,441.0,23.5,45.0,0.0,2.0,1.8918918918918919
2024-05-05 13:45:00,454.0,23.5,45.0,0.0,1.0,2.44
2024-05-05 14:00:00,443.0,23.8,46.0,0.0,3.5,1.5434782608695652
2024-05-05 14:15:00,439.0,23.8,46.0,0.0,1.0,1.4615384615384615
2024-05-05 14:30:00,444.5,23.8,44.5,0.0,2.0,1.8055555555555556
2024-05-05 14:45:00,443.0,23.8,44.0,0.0,2.0,1.1111111111111112
2024-05-05 15:00:00,428.0,23.8,44.0,0.0,3.0,1.5
2024-05-05 15:15:00,438.5,23.8,45.0,0.0,1.5,1.1666666666666667
2024-05-05 15:30:00,448.0,23.8,46.0,0.0,1.0,0.5
2024-05-05 15:45:00,445.5,23.5,46.0,0.0,3.5,2.048780487804878
2024-05-05 16:00:00,458.0,23.5,47.0,0.0,3.0,1.6
2024-05-05 16:15:00,438.0,23.5,47.0,0.0,4.0,1.9444444444444444
2024-05-05 16:30:00,445.0,23.5,47.5,0.0,4.0,1.5866666666666667
2024-05-05 16:45:00,433.0,23.3,48.0,0.0,1.0,2.2142857142857144
2024-05-05 17:00:00,443.0,23.3,48.5,0.0,2.0,1.7272727272727273
2024-05-05 17:15:00,450.0,23.3,49.0,0.0,2.0,0.625
2024-05-05 17:30:00,448.0,23.0,50.0,0.0,2.0,1.8333333333333333
2024-05-05 17:45:00,449.0,23.0,50.0,0.0,3.0,1.5689655172413792
2024-05-05 18:00:00,452.0,23.0,50.0,0.0,3.0,2.5
2024-05-05 18:15:00,444.0,23.0,50.0,0.0,2.5,1.8541666666666665
2024-05-05 18:30:00,438.0,23.0,50.0,0.0,3.0,1.2083333333333333
2024-05-05 18:45:00,445.0,23.0,50.0,0.0,1.0,1.1875
2024-05-05 19:00:00,447.0,23.15,50.0,0.0,3.5,1.5
2024-05-05 19:15:00,433.0,23.0,50.0,0.0,1.0,2.3461538461538463
2024-05-05 19:30:00,449.5,23.15,50.0,0.0,2.0,2.0480769230769234
2024-05-05 19:45:00,433.0,23.3,49.0,0.0,2.0,1.75
2024-05-05 20:00:00,448.0,23.3,49.0,0.0,1.0,0.8823529411764706
2024-05-05 20:15:00,436.0,23.4,49.0,0.0,2.5,0.4
2024-05-05 20:30:00,461.0,23.3,49.0,0.0,3.0,0.3333333333333333
2024-05-05 20:45:00,460.0,23.3,49.0,0.0,1.0,0.35
2024-05-05 21:00:00,468.5,23.3,49.0,0.0,2.5,1.9772727272727273
2024-05-05 21:15:00,476.0,23.3,49.0,67.0,4.0,2.4205607476635516
2024-05-05 21:30:00,484.5,23.5,49.0,0.5,5.0,2.2777777777777777
2024-05-05 21:45:00,474.0,23.3,49.0,0.0,1.0,2.121212121212121
2024-05-05 22:00:00,473.0,23.3,49.0,0.0,2.0,2.022222222222222
2024-05-05 22:15:00,472.0,23.3,49.0,0.0,3.5,1.4375
2024-05-05 22:30:00,452.0,23.3,49.0,0.0,2.0,1.5
2024-05-05 22:45:00,450.0,23.5,48.5,0.0,1.0,1.5555555555555556
2024-05-05 23:00:00,450.0,23.5,48.0,0.0,1.0,1.25
2024-05-05 23:15:00,452.0,23.5,48.0,0.0,3.0,1.5
2024-05-05 23:30:00,467.0,23.4,48.0,0.0,1.5,1.6285714285714286
2024-05-05 23:45:00,457.0,23.3,48.0,0.0,1.0,2.1666666666666665
