dt,co2_ppm,temperature_c,lvoc_ppb
2024-03-01 00:05:58,447.0,23.0,0.0
2024-03-01 00:19:16,459.0,23.0,0.0
2024-03-01 00:32:32,459.0,23.0,0.0
2024-03-01 00:45:56,457.0,23.0,0.0
2024-03-01 00:59:24,451.0,23.0,0.0
2024-03-01 01:12:45,460.0,23.0,0.0
2024-03-01 01:26:12,453.0,23.0,0.0
2024-03-01 01:39:38,442.0,23.0,1.0
2024-03-01 01:52:57,440.0,23.0,0.0
2024-03-01 02:06:28,449.0,22.8,0.0
2024-03-01 02:19:52,443.0,22.8,0.0
2024-03-01 02:33:12,437.0,22.8,1.0
2024-03-01 02:46:38,445.0,22.8,3.0
2024-03-01 03:00:00,430.0,22.8,1.0
2024-03-01 03:13:18,442.0,22.8,1.0
2024-03-01 03:26:39,435.0,22.5,1.0
2024-03-01 03:40:02,437.0,22.5,1.0
2024-03-01 03:53:23,429.0,22.5,1.0
2024-03-01 04:06:48,447.0,22.5,3.0
2024-03-01 04:20:10,441.0,22.3,3.0
2024-03-01 04:33:28,440.0,22.3,3.0
2024-03-01 04:46:51,444.0,22.3,6.0
2024-03-01 05:00:24,431.0,22.0,6.0
2024-03-01 05:13:51,462.0,22.0,9.0
2024-03-01 05:27:22,443.0,22.0,6.0
2024-03-01 05:40:51,440.0,22.0,6.0
2024-03-01 05:54:19,457.0,22.0,3.0
2024-03-01 06:07:42,446.0,22.0,6.0
2024-03-01 06:21:06,449.0,22.0,11.0
2024-03-01 06:34:32,446.0,22.0,3.0
2024-03-01 06:48:02,466.0,22.0,6.0
2024-03-01 07:01:26,471.0,21.8,9.0
2024-03-01 07:14:53,465.0,21.8,3.0
2024-03-01 07:28:13,452.0,22.0,0.0
2024-03-01 07:41:32,480.0,22.3,0.0
2024-03-01 07:54:56,476.0,22.8,0.0
2024-03-01 08:08:21,464.0,23.3,0.0
2024-03-01 08:21:40,468.0,23.5,0.0
2024-03-01 08:35:08,469.0,23.5,0.0
2024-03-01 08:48:30,466.0,23.5,0.0
2024-03-01 08:55:18,466.0,23.5,0.0
2024-03-01 09:08:42,488.0,23.5,0.0
2024-03-01 09:22:06,479.0,23.5,0.0
2024-03-01 09:35:29,485.0,23.5,0.0
2024-03-01 09:48:59,484.0,23.8,0.0
2024-03-01 10:02:25,485.0,23.8,0.0
2024-03-01 10:15:45,531.0,24.3,0.0
2024-03-01 10:29:11,555.0,24.3,0.0
2024-03-01 10:42:34,560.0,24.5,0.0
2024-03-01 10:55:59,550.0,24.8,0.0
2024-03-01 11:09:15,565.0,25.0,0.0
2024-03-01 11:22:34,547.0,25.3,11.0
2024-03-01 11:36:03,559.0,25.0,0.0
2024-03-01 11:49:31,574.0,24.8,0.0
2024-03-01 12:02:54,575.0,24.5,0.0
2024-03-01 12:16:28,573.0,24.3,0.0
2024-03-01 12:29:55,582.0,24.3,108.0
2024-03-01 12:43:13,567.0,24.3,57.0
2024-03-01 12:56:35,528.0,24.0,0.0
2024-03-01 13:10:01,536.0,24.0,0.0
2024-03-01 13:23:13,513.0,24.0,0.0
2024-03-01 13:36:25,525.0,24.0,0.0
2024-03-01 13:49:33,534.0,24.0,0.0
2024-03-01 14:02:39,526.0,24.0,0.0
2024-03-01 14:15:56,469.0,24.0,0.0
2024-03-01 14:29:02,461.0,24.3,0.0
2024-03-01 14:42:06,459.0,24.3,0.0
2024-03-01 14:55:22,468.0,24.3,0.0
2024-03-01 15:08:29,457.0,24.3,0.0
2024-03-01 15:21:31,478.0,24.3,0.0
2024-03-01 15:34:38,439.0,24.3,21.0
2024-03-01 15:47:35,464.0,24.3,0.0
2024-03-01 16:00:49,448.0,24.5,0.0
2024-03-01 16:14:00,458.0,24.5,0.0
2024-03-01 16:27:10,461.0,24.8,0.0
2024-03-01 16:40:25,475.0,24.8,0.0
2024-03-01 16:53:25,483.0,24.8,0.0
2024-03-01 17:06:34,463.0,24.8,0.0
2024-03-01 17:19:39,478.0,24.8,0.0
2024-03-01 17:32:46,469.0,24.5,0.0
2024-03-01 17:45:55,477.0,24.0,165.0
2024-03-01 17:59:04,462.0,24.0,55.0
2024-03-01 18:12:10,456.0,23.8,0.0
2024-03-01 18:25:18,470.0,23.5,0.0
2024-03-01 18:38:29,456.0,23.3,1.0
2024-03-01 18:51:37,460.0,23.3,0.0
2024-03-01 19:04:44,479.0,23.0,0.0
2024-03-01 19:17:51,494.0,22.8,0.0
2024-03-01 19:31:01,485.0,22.8,0.0
2024-03-01 19:44:09,474.0,22.5,0.0
2024-03-01 19:57:11,484.0,22.5,0.0
2024-03-01 20:10:25,482.0,22.3,0.0
2024-03-01 20:23:29,490.0,22.0,0.0
2024-03-01 20:36:46,483.0,22.0,0.0
2024-03-01 20:49:55,490.0,21.8,0.0
2024-03-01 21:03:00,476.0,21.8,0.0
2024-03-01 21:16:12,477.0,21.5,0.0
2024-03-01 21:29:19,476.0,21.5,0.0
2024-03-01 21:42:16,470.0,21.5,0.0
2024-03-01 21:55:22,448.0,21.3,0.0
2024-03-01 22:08:29,461.0,21.0,0.0
2024-03-01 22:21:36,468.0,21.0,0.0
2024-03-01 22:34:46,472.0,21.0,0.0
2024-03-01 22:48:03,458.0,21.0,0.0
2024-03-01 23:01:14,453.0,20.8,0.0
2024-03-01 23:14:21,468.0,20.8,0.0
2024-03-01 23:27:28,477.0,21.3,0.0
2024-03-01 23:40:38,477.0,21.5,0.0
2024-03-01 23:53:42,503.0,21.8,0.0
2024-03-02 00:06:45,482.0,22.0,0.0
2024-03-02 00:19:54,492.0,22.3,0.0
2024-03-02 00:32:59,474.0,22.3,0.0
2024-03-02 00:46:08,499.0,22.5,0.0
2024-03-02 00:59:06,503.0,22.5,0.0
2024-03-02 01:12:04,498.0,22.8,0.0
2024-03-02 01:25:07,510.0,22.8,0.0
2024-03-02 01:38:24,502.0,22.8,0.0
2024-03-02 01:51:32,519.0,22.8,0.0
2024-03-02 02:04:39,488.0,22.8,0.0
2024-03-02 02:17:44,480.0,22.8,0.0
2024-03-02 02:30:46,482.0,22.8,0.0
2024-03-02 02:43:50,493.0,22.8,0.0
2024-03-02 02:57:06,488.0,22.8,0.0
2024-03-02 03:10:13,502.0,22.8,0.0
2024-03-02 03:23:20,479.0,22.8,0.0
2024-03-02 03:36:32,471.0,22.8,0.0
2024-03-02 03:49:44,475.0,22.8,0.0
2024-03-02 04:02:51,466.0,22.8,0.0
2024-03-02 04:16:13,468.0,22.8,0.0
2024-03-02 04:29:23,463.0,22.8,0.0
2024-03-02 04:42:30,470.0,22.8,0.0
2024-03-02 04:55:34,460.0,22.8,0.0
2024-03-02 05:08:44,456.0,22.8,0.0
2024-03-02 05:21:47,472.0,22.8,0.0
2024-03-02 05:34:55,478.0,22.5,0.0
2024-03-02 05:48:04,468.0,22.5,0.0
2024-03-02 06:01:15,468.0,22.5,0.0
2024-03-02 06:14:24,451.0,22.5,0.0
2024-03-02 06:27:34,450.0,22.5,0.0
2024-03-02 06:40:42,454.0,22.5,0.0
2024-03-02 06:53:41,455.0,22.5,0.0
2024-03-02 07:06:50,441.0,22.5,0.0
2024-03-02 07:19:58,432.0,22.5,0.0
2024-03-02 07:33:01,440.0,22.8,0.0
2024-03-02 07:46:02,422.0,23.0,0.0
2024-03-02 07:59:07,424.0,22.8,0.0
2024-03-02 08:12:13,423.0,22.8,0.0
2024-03-02 08:25:25,435.0,22.8,0.0
2024-03-02 08:38:27,424.0,22.8,0.0
2024-03-02 08:51:34,433.0,22.8,0.0
2024-03-02 09:04:50,422.0,23.0,0.0
2024-03-02 09:17:55,448.0,23.0,0.0
2024-03-02 09:30:55,438.0,22.8,0.0
2024-03-02 09:43:57,443.0,22.8,0.0
2024-03-02 09:57:01,441.0,23.0,0.0
2024-03-02 10:10:09,451.0,23.0,0.0
2024-03-02 10:23:11,439.0,23.0,0.0
2024-03-02 10:36:18,445.0,23.3,0.0
2024-03-02 10:49:24,449.0,23.3,0.0
2024-03-02 11:02:36,452.0,23.3,0.0
2024-03-02 11:15:46,451.0,23.5,0.0
2024-03-02 11:28:55,450.0,23.5,0.0
2024-03-02 11:42:01,443.0,23.5,0.0
2024-03-02 11:55:15,434.0,23.8,0.0
2024-03-02 12:08:18,454.0,23.8,0.0
2024-03-02 12:21:23,445.0,23.8,0.0
2024-03-02 12:34:31,440.0,24.0,0.0
2024-03-02 12:47:37,444.0,24.0,0.0
2024-03-02 13:00:52,444.0,24.0,0.0
2024-03-02 13:14:04,438.0,24.0,0.0
2024-03-02 13:27:09,441.0,24.3,0.0
2024-03-02 13:40:25,463.0,24.3,0.0
2024-03-02 13:53:34,446.0,24.3,0.0
2024-03-02 14:06:44,439.0,24.3,0.0
2024-03-02 14:20:01,441.0,24.3,0.0
2024-03-02 14:33:02,448.0,24.3,0.0
2024-03-02 14:46:16,440.0,23.8,0.0
2024-03-02 14:59:24,435.0,23.8,0.0
2024-03-02 15:12:29,454.0,23.5,0.0
2024-03-02 15:25:40,445.0,23.5,0.0
2024-03-02 15:38:52,440.0,23.3,0.0
2024-03-02 15:51:57,448.0,23.3,0.0
2024-03-02 16:05:12,468.0,23.3,0.0
2024-03-02 16:18:24,461.0,23.0,0.0
2024-03-02 16:31:30,467.0,23.0,0.0
2024-03-02 16:44:35,458.0,23.0,0.0
2024-03-02 16:57:46,471.0,23.0,0.0
2024-03-02 17:10:52,446.0,23.0,0.0
2024-03-02 17:24:03,462.0,23.0,0.0
2024-03-02 17:37:12,440.0,22.8,0.0
2024-03-02 17:50:28,448.0,22.8,0.0
2024-03-02 18:03:42,443.0,22.8,0.0
2024-03-02 18:16:51,453.0,22.8,0.0
2024-03-02 18:29:58,455.0,22.8,0.0
2024-03-02 18:43:01,447.0,22.5,0.0
2024-03-02 18:56:18,449.0,22.5,0.0
2024-03-02 19:09:31,448.0,22.3,0.0
2024-03-02 19:22:32,459.0,22.3,0.0
2024-03-02 19:35:40,462.0,22.3,0.0
2024-03-02 19:48:47,465.0,22.5,0.0
2024-03-02 20:01:54,448.0,22.5,0.0
2024-03-02 20:15:07,443.0,22.8,0.0
2024-03-02 20:28:11,455.0,22.8,0.0
2024-03-02 20:41:24,441.0,22.8,0.0
2024-03-02 20:54:31,435.0,23.0,0.0
2024-03-02 21:07:47,428.0,23.0,0.0
2024-03-02 21:20:55,448.0,23.0,0.0
2024-03-02 21:34:02,445.0,23.3,0.0
2024-03-02 21:47:16,453.0,23.0,0.0
2024-03-02 22:00:32,451.0,23.0,0.0
2024-03-02 22:13:34,427.0,23.0,0.0
2024-03-02 22:26:39,446.0,23.0,0.0
2024-03-02 22:39:49,427.0,23.0,0.0
2024-03-02 22:52:57,432.0,23.0,0.0
2024-03-02 23:06:18,425.0,23.3,0.0
2024-03-02 23:19:23,459.0,23.3,0.0
2024-03-02 23:32:25,441.0,23.3,0.0
2024-03-02 23:45:47,452.0,23.0,0.0
2024-03-02 23:58:57,455.0,23.0,0.0
2024-03-03 00:12:00,445.0,22.8,0.0
2024-03-03 00:25:11,441.0,22.8,0.0
2024-03-03 00:38:20,442.0,22.5,0.0
2024-03-03 00:51:30,453.0,22.5,0.0
2024-03-03 01:04:42,436.0,22.5,0.0
2024-03-03 01:17:47,442.0,22.5,0.0
2024-03-03 01:31:05,449.0,22.3,0.0
2024-03-03 01:44:18,449.0,22.3,0.0
2024-03-03 01:57:20,443.0,22.3,0.0
2024-03-03 02:10:33,426.0,22.0,0.0
2024-03-03 02:23:46,444.0,22.0,0.0
2024-03-03 02:36:52,415.0,22.0,0.0
2024-03-03 02:50:03,434.0,22.0,0.0
2024-03-03 03:03:13,436.0,21.8,0.0
2024-03-03 03:16:29,433.0,21.8,0.0
2024-03-03 03:29:44,429.0,21.8,0.0
2024-03-03 03:42:46,428.0,21.8,0.0
2024-03-03 03:55:59,431.0,21.8,0.0
2024-03-03 04:09:01,426.0,21.5,0.0
2024-03-03 04:22:08,429.0,21.5,0.0
2024-03-03 04:35:13,437.0,21.5,0.0
2024-03-03 04:48:16,436.0,21.5,0.0
2024-03-03 05:01:38,436.0,21.5,0.0
2024-03-03 05:14:53,440.0,21.5,0.0
2024-03-03 05:27:58,440.0,21.5,0.0
2024-03-03 05:41:07,424.0,21.5,1.0
2024-03-03 05:54:11,435.0,21.3,0.0
2024-03-03 06:07:28,436.0,21.3,0.0
2024-03-03 06:20:42,438.0,21.3,0.0
2024-03-03 06:33:46,438.0,21.3,0.0
2024-03-03 06:47:03,421.0,21.3,0.0
2024-03-03 07:00:18,422.0,21.3,0.0
2024-03-03 07:13:32,432.0,21.0,0.0
2024-03-03 07:26:40,436.0,21.8,0.0
2024-03-03 07:39:56,443.0,22.5,0.0
2024-03-03 07:52:59,419.0,22.8,0.0
2024-03-03 08:06:17,418.0,23.5,0.0
2024-03-03 08:19:28,428.0,23.8,0.0
2024-03-03 08:32:36,418.0,23.8,0.0
2024-03-03 08:45:47,439.0,23.8,0.0
2024-03-03 08:58:51,439.0,23.8,0.0
2024-03-03 09:11:52,434.0,23.5,0.0
2024-03-03 09:25:13,451.0,23.5,0.0
2024-03-03 09:38:26,460.0,23.5,0.0
2024-03-03 09:51:28,470.0,23.5,0.0
2024-03-03 10:04:43,487.0,23.5,0.0
2024-03-03 10:17:55,461.0,23.3,0.0
2024-03-03 10:31:12,449.0,23.3,0.0
2024-03-03 10:44:20,441.0,23.5,0.0
2024-03-03 10:57:32,440.0,23.3,0.0
2024-03-03 11:10:38,435.0,23.3,0.0
2024-03-03 11:23:45,428.0,23.3,0.0
2024-03-03 11:36:54,435.0,23.3,0.0
2024-03-03 11:50:10,426.0,23.5,0.0
2024-03-03 12:03:14,439.0,23.5,0.0
2024-03-03 12:16:30,431.0,23.5,0.0
2024-03-03 12:29:34,444.0,23.5,0.0
2024-03-03 12:42:39,438.0,23.5,32.0
2024-03-03 12:55:54,428.0,23.5,0.0
2024-03-03 13:09:06,442.0,23.5,0.0
2024-03-03 13:22:09,446.0,23.5,0.0
2024-03-03 13:35:14,422.0,23.5,0.0
2024-03-03 13:48:26,435.0,23.3,0.0
2024-03-03 14:01:39,450.0,23.3,0.0
2024-03-03 14:14:56,426.0,23.3,0.0
2024-03-03 14:28:00,445.0,23.3,0.0
2024-03-03 14:41:11,452.0,23.3,0.0
2024-03-03 14:54:21,447.0,23.5,0.0
2024-03-03 15:07:37,433.0,23.5,0.0
2024-03-03 15:20:47,436.0,23.5,0.0
2024-03-03 15:33:52,425.0,23.5,0.0
2024-03-03 15:47:08,427.0,23.8,0.0
2024-03-03 16:00:21,445.0,23.8,0.0
2024-03-03 16:13:22,425.0,23.8,0.0
2024-03-03 16:26:37,427.0,23.8,0.0
2024-03-03 16:39:52,429.0,23.8,0.0
2024-03-03 16:52:57,431.0,23.8,0.0
2024-03-03 17:06:09,429.0,23.8,0.0
2024-03-03 17:19:22,430.0,23.8,0.0
2024-03-03 17:32:22,425.0,23.8,0.0
2024-03-03 17:45:29,426.0,23.5,0.0
2024-03-03 17:58:38,428.0,23.5,0.0
2024-03-03 18:11:42,443.0,23.5,0.0
2024-03-03 18:24:56,425.0,23.5,0.0
2024-03-03 18:38:12,461.0,23.5,0.0
2024-03-03 18:51:14,456.0,23.3,0.0
2024-03-03 19:04:22,442.0,23.3,0.0
2024-03-03 19:17:31,432.0,23.3,0.0
2024-03-03 19:30:46,455.0,23.3,0.0
2024-03-03 19:43:51,443.0,23.3,0.0
2024-03-03 19:56:55,446.0,23.3,0.0
2024-03-03 20:10:07,433.0,23.3,0.0
2024-03-03 20:23:12,449.0,23.3,0.0
2024-03-03 20:36:24,444.0,23.3,0.0
2024-03-03 20:49:46,446.0,23.0,0.0
2024-03-03 21:02:58,436.0,23.0,0.0
2024-03-03 21:16:08,433.0,23.0,0.0
2024-03-03 21:29:16,433.0,23.0,0.0
2024-03-03 21:42:20,431.0,23.0,0.0
2024-03-03 21:55:27,446.0,23.3,0.0
2024-03-03 22:08:35,445.0,23.3,0.0
2024-03-03 22:21:40,416.0,23.0,0.0
2024-03-03 22:34:51,440.0,23.3,0.0
2024-03-03 22:48:05,428.0,23.0,0.0
2024-03-03 23:01:14,425.0,23.0,0.0
2024-03-03 23:14:25,432.0,23.0,0.0
2024-03-03 23:27:37,422.0,23.0,0.0
2024-03-03 23:40:47,427.0,23.0,0.0
2024-03-03 23:53:56,439.0,22.8,0.0
2024-03-04 00:07:06,425.0,22.8,0.0
2024-03-04 00:20:24,432.0,22.8,0.0
2024-03-04 00:33:28,421.0,22.5,0.0
2024-03-04 00:46:40,428.0,22.5,0.0
2024-03-04 00:59:48,422.0,22.3,0.0
2024-03-04 01:12:50,415.0,22.3,0.0
2024-03-04 01:26:00,425.0,22.3,0.0
2024-03-04 01:39:12,433.0,22.3,0.0
2024-03-04 01:52:31,425.0,22.0,0.0
2024-03-04 02:05:49,413.0,22.0,0.0
2024-03-04 02:18:49,428.0,22.0,0.0
2024-03-04 02:31:57,416.0,22.0,0.0
2024-03-04 02:45:07,429.0,21.8,0.0
2024-03-04 02:58:09,431.0,21.8,0.0
2024-03-04 03:11:17,427.0,21.5,0.0
2024-03-04 03:24:19,428.0,21.5,0.0
2024-03-04 03:37:33,422.0,21.5,0.0
2024-03-04 03:50:46,426.0,21.3,0.0
2024-03-04 04:03:51,429.0,21.3,0.0
2024-03-04 04:17:01,430.0,21.3,0.0
2024-03-04 04:30:12,432.0,21.3,0.0
2024-03-04 04:43:13,413.0,21.3,0.0
2024-03-04 04:56:21,424.0,21.3,0.0
2024-03-04 05:09:31,427.0,21.3,0.0
2024-03-04 05:22:35,427.0,21.3,0.0
2024-03-04 05:35:52,428.0,21.3,0.0
2024-03-04 05:48:56,422.0,21.0,0.0
2024-03-04 06:02:11,427.0,21.0,0.0
2024-03-04 06:15:26,428.0,21.0,0.0
2024-03-04 06:28:42,427.0,21.0,0.0
2024-03-04 06:41:49,426.0,21.0,0.0
2024-03-04 06:54:58,443.0,21.0,0.0
2024-03-04 07:08:02,440.0,21.0,0.0
2024-03-04 07:21:10,446.0,21.3,0.0
2024-03-04 07:34:16,437.0,21.8,0.0
2024-03-04 07:47:29,447.0,22.8,0.0
2024-03-04 08:00:50,443.0,23.3,0.0
2024-03-04 08:14:00,433.0,23.5,0.0
2024-03-04 08:27:14,455.0,24.0,0.0
2024-03-04 08:40:27,455.0,24.3,0.0
2024-03-04 08:53:31,440.0,24.3,0.0
2024-03-04 09:06:45,458.0,24.0,0.0
2024-03-04 09:19:59,448.0,23.8,0.0
2024-03-04 09:32:59,459.0,23.8,0.0
2024-03-04 09:46:21,459.0,23.8,0.0
2024-03-04 09:59:30,472.0,23.8,0.0
2024-03-04 10:12:44,486.0,23.8,0.0
2024-03-04 10:25:49,490.0,23.8,0.0
2024-03-04 10:38:55,500.0,23.8,0.0
2024-03-04 10:52:06,498.0,23.8,0.0
2024-03-04 11:05:29,508.0,24.0,0.0
2024-03-04 11:18:33,504.0,24.0,0.0
2024-03-04 11:31:45,488.0,24.0,0.0
2024-03-04 11:45:00,510.0,24.0,0.0
2024-03-04 11:58:15,489.0,24.0,0.0
2024-03-04 12:11:24,501.0,24.3,0.0
2024-03-04 12:24:27,515.0,24.3,0.0
2024-03-04 12:37:32,509.0,24.3,0.0
2024-03-04 12:50:42,521.0,24.3,0.0
2024-03-04 13:03:43,520.0,24.5,0.0
2024-03-04 13:16:56,535.0,24.5,0.0
2024-03-04 13:30:01,532.0,24.5,74.0
2024-03-04 13:43:01,518.0,24.5,45.0
2024-03-04 13:56:17,485.0,24.3,37.0
2024-03-04 14:09:29,476.0,24.3,11.0
2024-03-04 14:22:35,478.0,24.0,29.0
2024-03-04 14:35:49,495.0,24.0,0.0
2024-03-04 14:48:56,506.0,23.8,0.0
2024-03-04 15:02:04,495.0,23.8,0.0
2024-03-04 15:15:20,491.0,23.5,0.0
2024-03-04 15:28:36,487.0,23.5,0.0
2024-03-04 15:41:50,497.0,23.5,0.0
2024-03-04 15:55:13,499.0,23.5,0.0
2024-03-04 16:08:24,483.0,23.5,0.0
2024-03-04 16:21:36,496.0,23.5,187.0
2024-03-04 16:34:40,484.0,23.5,108.0
2024-03-04 16:47:39,479.0,23.5,3.0
2024-03-04 17:00:40,491.0,23.3,0.0
2024-03-04 17:13:36,513.0,23.5,0.0
2024-03-04 17:26:26,506.0,23.3,0.0
2024-03-04 17:39:23,534.0,23.3,0.0
2024-03-04 17:52:25,504.0,23.3,0.0
2024-03-04 18:05:42,512.0,23.0,0.0
2024-03-04 18:18:53,494.0,23.0,0.0
2024-03-04 18:32:02,483.0,23.0,0.0
2024-03-04 18:45:10,482.0,23.0,0.0
2024-03-04 18:58:18,456.0,23.0,0.0
2024-03-04 19:11:32,463.0,22.8,0.0
2024-03-04 19:24:58,461.0,22.8,0.0
2024-03-04 19:38:22,467.0,22.5,0.0
2024-03-04 19:51:39,448.0,22.5,0.0
2024-03-04 20:05:11,449.0,22.3,0.0
2024-03-04 20:18:39,469.0,22.5,0.0
2024-03-04 20:31:58,446.0,22.5,0.0
2024-03-04 20:45:24,445.0,22.8,0.0
2024-03-04 20:58:46,455.0,22.8,0.0
2024-03-04 21:12:13,440.0,22.8,0.0
2024-03-04 21:25:40,468.0,23.0,0.0
2024-03-04 21:39:06,475.0,23.0,0.0
2024-03-04 21:52:31,483.0,23.0,0.0
2024-03-04 22:05:54,453.0,23.0,0.0
2024-03-04 22:19:21,459.0,23.0,0.0
2024-03-04 22:32:46,459.0,23.0,0.0
2024-03-04 22:46:17,441.0,23.0,0.0
2024-03-04 22:59:45,433.0,23.0,0.0
2024-03-04 23:12:59,440.0,23.0,0.0
2024-03-04 23:26:22,431.0,23.0,0.0
2024-03-04 23:39:42,424.0,23.0,0.0
2024-03-04 23:53:03,439.0,23.0,0.0
2024-03-05 00:06:35,441.0,23.0,0.0
2024-03-05 00:20:07,440.0,22.8,0.0
2024-03-05 00:33:26,439.0,22.8,0.0
2024-03-05 00:47:03,436.0,22.5,0.0
2024-03-05 01:00:30,432.0,22.5,0.0
2024-03-05 01:13:50,435.0,22.5,0.0
2024-03-05 01:27:06,427.0,22.5,0.0
2024-03-05 01:40:32,438.0,22.3,0.0
2024-03-05 01:53:52,442.0,22.3,0.0
2024-03-05 02:07:29,433.0,22.3,0.0
2024-03-05 02:20:51,447.0,22.3,0.0
2024-03-05 02:34:04,440.0,22.3,0.0
2024-03-05 02:47:28,438.0,22.0,0.0
2024-03-05 03:01:00,448.0,22.0,0.0
2024-03-05 03:14:25,432.0,22.0,3.0
2024-03-05 03:27:54,432.0,22.0,0.0
2024-03-05 03:31:41,432.0,22.0,0.0
2024-03-05 03:41:22,444.0,22.0,1.0
2024-03-05 03:45:16,444.0,22.0,1.0
2024-03-05 03:54:39,446.0,21.8,0.0
2024-03-05 03:58:38,430.0,21.8,0.0
2024-03-05 04:08:05,439.0,21.8,0.0
2024-03-05 04:12:05,439.0,21.8,0.0
2024-03-05 04:21:29,438.0,21.8,1.0
2024-03-05 04:25:41,445.0,21.8,1.0
2024-03-05 04:35:00,445.0,21.8,1.0
2024-03-05 04:39:23,435.0,21.8,1.0
2024-03-05 04:48:25,434.0,21.8,0.0
2024-03-05 04:52:58,434.0,21.8,0.0
2024-03-05 05:02:09,443.0,21.8,1.0
2024-03-05 05:06:43,453.0,21.8,1.0
2024-03-05 05:15:42,443.0,21.5,1.0
2024-03-05 05:20:25,443.0,21.5,1.0
2024-03-05 05:29:16,438.0,21.5,3.0
2024-03-05 05:33:52,438.0,21.5,3.0
2024-03-05 05:42:40,446.0,21.5,1.0
2024-03-05 05:47:31,438.0,21.5,1.0
2024-03-05 05:56:17,440.0,21.5,1.0
2024-03-05 06:01:05,440.0,21.5,1.0
2024-03-05 06:09:44,431.0,21.5,1.0
2024-03-05 06:14:41,431.0,21.5,1.0
2024-03-05 06:23:05,453.0,21.5,1.0
2024-03-05 06:28:21,446.0,21.5,1.0
2024-03-05 06:36:28,437.0,21.5,1.0
2024-03-05 06:41:51,437.0,21.5,1.0
2024-03-05 06:49:55,437.0,21.5,3.0
2024-03-05 06:55:33,434.0,21.5,1.0
2024-03-05 07:03:20,434.0,21.5,1.0
2024-03-05 07:09:07,435.0,21.3,0.0
2024-03-05 07:16:54,437.0,21.3,0.0
2024-03-05 07:22:27,437.0,21.3,0.0
2024-03-05 07:30:22,448.0,22.0,0.0
2024-03-05 07:36:07,438.0,22.5,0.0
2024-03-05 07:43:47,438.0,22.5,0.0
2024-03-05 07:49:38,469.0,23.0,0.0
2024-03-05 07:57:19,460.0,23.3,0.0
2024-03-05 08:03:17,460.0,23.3,0.0
2024-03-05 08:10:49,439.0,23.5,0.0
2024-03-05 08:16:57,447.0,24.0,0.0
2024-03-05 08:24:12,447.0,24.0,0.0
2024-03-05 08:30:38,457.0,24.3,0.0
2024-03-05 08:37:37,464.0,24.3,0.0
2024-03-05 08:44:05,464.0,24.3,0.0
2024-03-05 08:50:58,461.0,24.3,0.0
2024-03-05 08:57:46,455.0,24.0,0.0
2024-03-05 09:04:26,455.0,24.0,0.0
2024-03-05 09:11:21,460.0,24.0,0.0
2024-03-05 09:17:51,469.0,24.0,0.0
2024-03-05 09:24:54,469.0,24.0,0.0
2024-03-05 09:31:15,460.0,23.8,0.0
2024-03-05 09:38:36,456.0,23.5,0.0
2024-03-05 09:44:42,456.0,23.5,0.0
2024-03-05 09:51:58,470.0,23.5,0.0
2024-03-05 09:58:09,484.0,23.8,0.0
2024-03-05 10:05:29,489.0,23.8,0.0
2024-03-05 10:11:31,489.0,23.8,0.0
2024-03-05 10:19:13,520.0,24.0,0.0
2024-03-05 10:25:02,520.0,24.0,0.0
2024-03-05 10:32:49,503.0,24.3,0.0
2024-03-05 10:38:35,528.0,24.3,0.0
2024-03-05 10:46:28,537.0,24.5,0.0
2024-03-05 10:51:55,537.0,24.5,0.0
2024-03-05 11:00:11,551.0,24.8,0.0
2024-03-05 11:05:17,550.0,25.0,0.0
2024-03-05 11:13:42,550.0,25.0,0.0
2024-03-05 11:18:45,539.0,25.0,0.0
2024-03-05 11:27:28,535.0,24.8,0.0
2024-03-05 11:32:04,535.0,24.8,0.0
2024-03-05 11:40:57,519.0,24.5,0.0
2024-03-05 11:45:29,527.0,24.3,0.0
2024-03-05 11:54:23,527.0,24.3,0.0
2024-03-05 11:58:49,494.0,24.3,0.0
2024-03-05 12:08:01,531.0,24.0,0.0
2024-03-05 12:12:07,531.0,24.0,0.0
2024-03-05 12:21:33,493.0,24.0,0.0
2024-03-05 12:25:36,497.0,24.0,0.0
2024-03-05 12:35:12,497.0,24.0,0.0
2024-03-05 12:39:09,509.0,24.0,0.0
2024-03-05 12:48:47,501.0,24.0,0.0
2024-03-05 12:52:20,501.0,24.0,0.0
2024-03-05 13:02:18,501.0,24.0,0.0
2024-03-05 13:05:33,468.0,24.0,0.0
2024-03-05 13:15:43,460.0,24.3,0.0
2024-03-05 13:18:51,460.0,24.3,0.0
2024-03-05 13:29:03,477.0,24.8,0.0
2024-03-05 13:32:01,477.0,24.8,0.0
2024-03-05 13:42:24,469.0,24.8,0.0
2024-03-05 13:45:29,465.0,25.0,0.0
2024-03-05 13:56:05,460.0,25.3,0.0
2024-03-05 13:58:44,460.0,25.3,0.0
2024-03-05 14:09:46,452.0,25.3,0.0
2024-03-05 14:12:02,452.0,25.3,0.0
2024-03-05 14:23:05,453.0,25.5,0.0
2024-03-05 14:25:17,453.0,25.5,0.0
2024-03-05 14:38:40,469.0,25.8,0.0
2024-03-05 14:52:04,438.0,26.0,0.0
2024-03-05 15:05:35,447.0,26.0,0.0
2024-03-05 15:19:06,444.0,26.3,0.0
2024-03-05 15:32:35,456.0,26.3,0.0
2024-03-05 15:46:10,469.0,26.5,0.0
2024-03-05 15:59:41,458.0,26.5,0.0
2024-03-05 16:13:04,452.0,26.5,0.0
2024-03-05 16:26:33,450.0,26.8,177.0
2024-03-05 16:40:08,460.0,26.8,42.0
2024-03-05 16:53:29,461.0,26.8,0.0
2024-03-05 17:07:03,454.0,26.8,0.0
2024-03-05 17:20:32,481.0,27.0,0.0
2024-03-05 17:33:56,470.0,26.8,0.0
2024-03-05 17:47:32,454.0,26.8,0.0
2024-03-05 18:01:00,434.0,26.8,0.0
2024-03-05 18:14:20,445.0,26.8,0.0
2024-03-05 18:27:51,432.0,26.5,0.0
2024-03-05 18:41:15,440.0,26.5,0.0
2024-03-05 18:54:39,432.0,26.3,0.0
2024-03-05 19:08:07,446.0,26.0,0.0
2024-03-05 19:21:30,431.0,26.0,0.0
2024-03-05 19:34:38,435.0,25.8,0.0
2024-03-05 19:47:52,433.0,25.5,0.0
2024-03-05 20:01:10,441.0,25.3,0.0
2024-03-05 20:14:36,438.0,25.0,0.0
2024-03-05 20:27:59,430.0,24.8,0.0
2024-03-05 20:41:18,438.0,24.5,0.0
2024-03-05 20:54:41,438.0,24.3,0.0
2024-03-05 21:08:12,441.0,23.8,0.0
2024-03-05 21:21:27,451.0,23.3,0.0
2024-03-05 21:34:52,455.0,23.3,0.0
2024-03-05 21:48:17,438.0,23.0,0.0
2024-03-05 22:01:36,451.0,22.8,0.0
2024-03-05 22:15:11,439.0,22.8,0.0
2024-03-05 22:28:34,442.0,22.5,0.0
2024-03-05 22:41:51,447.0,22.5,0.0
2024-03-05 22:55:11,441.0,22.5,0.0
2024-03-05 23:08:36,447.0,22.3,0.0
2024-03-05 23:21:57,444.0,22.5,0.0
2024-03-05 23:35:22,467.0,22.8,0.0
2024-03-05 23:48:44,467.0,23.0,0.0
2024-03-06 00:02:05,452.0,23.0,0.0
2024-03-06 00:15:33,475.0,23.3,0.0
2024-03-06 00:29:05,480.0,23.3,0.0
2024-03-06 00:42:26,473.0,23.3,0.0
2024-03-06 00:55:57,459.0,23.5,0.0
2024-03-06 01:09:23,490.0,23.5,0.0
2024-03-06 01:22:44,483.0,23.5,0.0
2024-03-06 01:36:12,468.0,23.5,0.0
2024-03-06 01:49:40,482.0,23.5,0.0
2024-03-06 02:03:02,482.0,23.5,0.0
2024-03-06 02:16:32,460.0,23.3,0.0
2024-03-06 02:30:01,472.0,23.3,0.0
2024-03-06 02:43:22,461.0,23.3,0.0
2024-03-06 02:56:50,463.0,23.0,0.0
2024-03-06 03:10:16,465.0,23.0,1.0
2024-03-06 03:23:34,484.0,23.0,3.0
2024-03-06 03:36:56,477.0,23.0,6.0
2024-03-06 03:50:27,444.0,23.0,14.0
2024-03-06 04:03:45,460.0,22.8,3.0
2024-03-06 04:17:19,460.0,22.8,16.0
2024-03-06 04:30:45,460.0,22.8,15.0
2024-03-06 04:44:05,479.0,22.8,11.0
2024-03-06 04:57:37,466.0,22.8,16.0
2024-03-06 05:11:00,460.0,22.8,14.0
2024-03-06 05:24:26,464.0,22.8,6.0
2024-03-06 05:37:49,471.0,22.5,11.0
2024-03-06 05:51:17,443.0,22.8,19.0
2024-03-06 06:04:41,454.0,22.8,7.0
2024-03-06 06:18:04,456.0,22.5,11.0
2024-03-06 06:31:21,473.0,22.5,14.0
2024-03-06 06:44:44,492.0,22.8,14.0
2024-03-06 06:58:08,482.0,22.8,11.0
2024-03-06 07:11:27,490.0,22.5,6.0
2024-03-06 07:24:40,484.0,22.5,0.0
2024-03-06 07:37:59,467.0,22.8,0.0
2024-03-06 07:51:23,466.0,22.8,0.0
2024-03-06 08:04:44,458.0,22.8,0.0
2024-03-06 08:18:08,455.0,22.8,0.0
2024-03-06 08:31:33,478.0,23.0,0.0
2024-03-06 08:44:59,480.0,23.0,0.0
2024-03-06 08:58:23,504.0,23.3,0.0
2024-03-06 09:11:37,497.0,23.3,0.0
2024-03-06 09:25:02,492.0,23.3,0.0
2024-03-06 09:38:30,490.0,23.5,0.0
2024-03-06 09:51:52,497.0,23.5,0.0
2024-03-06 10:05:21,507.0,23.8,0.0
2024-03-06 10:18:44,498.0,23.8,0.0
2024-03-06 10:31:58,509.0,24.0,0.0
2024-03-06 10:45:27,527.0,24.8,0.0
2024-03-06 10:58:46,517.0,25.0,0.0
2024-03-06 11:11:52,526.0,25.3,0.0
2024-03-06 11:25:11,489.0,25.0,0.0
2024-03-06 11:38:41,490.0,24.5,0.0
2024-03-06 11:52:09,486.0,24.5,0.0
2024-03-06 12:05:44,489.0,24.5,0.0
2024-03-06 12:19:16,458.0,24.5,0.0
2024-03-06 12:32:41,470.0,24.8,0.0
2024-03-06 12:46:11,462.0,24.8,0.0
2024-03-06 12:59:41,466.0,25.0,0.0
2024-03-06 13:12:59,462.0,25.0,0.0
2024-03-06 13:26:00,468.0,25.3,0.0
2024-03-06 13:33:44,468.0,25.3,0.0
2024-03-06 13:39:22,447.0,25.3,0.0
2024-03-06 13:47:21,440.0,25.3,0.0
2024-03-06 13:52:50,440.0,25.3,0.0
2024-03-06 14:00:49,460.0,25.3,32.0
2024-03-06 14:06:26,456.0,25.3,0.0
2024-03-06 14:14:09,456.0,25.3,0.0
2024-03-06 14:19:43,456.0,25.3,0.0
2024-03-06 14:27:47,456.0,25.3,0.0
2024-03-06 14:33:05,456.0,25.3,0.0
2024-03-06 14:41:24,466.0,25.3,0.0
2024-03-06 14:46:35,449.0,25.5,0.0
2024-03-06 14:54:59,449.0,25.5,0.0
2024-03-06 15:00:02,443.0,25.3,0.0
2024-03-06 15:08:35,466.0,25.3,27.0
2024-03-06 15:13:27,466.0,25.3,27.0
2024-03-06 15:22:07,459.0,25.5,0.0
2024-03-06 15:27:01,467.0,25.5,0.0
2024-03-06 15:35:44,446.0,25.3,0.0
2024-03-06 15:40:26,446.0,25.3,0.0
2024-03-06 15:49:22,452.0,25.3,0.0
2024-03-06 15:53:51,452.0,25.3,0.0
2024-03-06 16:02:57,460.0,25.0,24.0
2024-03-06 16:07:16,444.0,25.0,47.0
2024-03-06 16:16:27,447.0,24.8,14.0
2024-03-06 16:20:47,447.0,24.8,14.0
2024-03-06 16:30:01,452.0,24.8,0.0
2024-03-06 16:34:08,452.0,24.8,0.0
2024-03-06 16:43:33,465.0,24.5,0.0
2024-03-06 16:47:30,441.0,24.3,0.0
2024-03-06 16:57:15,446.0,24.3,74.0
2024-03-06 17:01:01,446.0,24.3,74.0
2024-03-06 17:10:49,453.0,24.0,55.0
2024-03-06 17:14:32,453.0,24.0,55.0
2024-03-06 17:24:13,445.0,24.0,0.0
2024-03-06 17:28:02,452.0,24.0,0.0
2024-03-06 17:37:47,439.0,24.0,0.0
2024-03-06 17:41:27,439.0,24.0,0.0
2024-03-06 17:51:18,443.0,24.0,0.0
2024-03-06 17:55:00,443.0,24.0,0.0
2024-03-06 18:05:00,430.0,23.8,0.0
2024-03-06 18:08:22,452.0,23.8,0.0
2024-03-06 18:18:33,446.0,23.5,0.0
2024-03-06 18:21:46,446.0,23.5,0.0
2024-03-06 18:32:03,446.0,23.5,0.0
2024-03-06 18:35:18,451.0,23.5,0.0
2024-03-06 18:45:42,442.0,23.3,0.0
2024-03-06 18:48:40,442.0,23.3,0.0
2024-03-06 18:59:28,450.0,23.3,0.0
2024-03-06 19:02:10,450.0,23.3,0.0
2024-03-06 19:13:07,470.0,23.0,0.0
2024-03-06 19:15:44,461.0,23.0,0.0
2024-03-06 19:26:46,496.0,23.0,0.0
2024-03-06 19:29:11,496.0,23.0,0.0
2024-03-06 19:40:20,480.0,23.0,14.0
2024-03-06 19:42:34,480.0,23.0,14.0
2024-03-06 19:53:56,464.0,22.8,45.0
2024-03-06 19:56:02,474.0,22.8,37.0
2024-03-06 20:07:25,477.0,22.8,27.0
2024-03-06 20:09:21,477.0,22.8,27.0
2024-03-06 20:21:00,473.0,22.5,19.0
2024-03-06 20:22:44,473.0,22.5,19.0
2024-03-06 20:34:29,496.0,22.5,14.0
2024-03-06 20:36:02,492.0,22.5,6.0
2024-03-06 20:48:00,477.0,22.3,6.0
2024-03-06 20:49:15,477.0,22.3,6.0
2024-03-06 21:01:32,478.0,22.3,3.0
2024-03-06 21:02:35,478.0,22.3,3.0
2024-03-06 21:15:04,480.0,22.3,1.0
2024-03-06 21:15:49,464.0,22.3,0.0
2024-03-06 21:28:22,453.0,22.0,14.0
2024-03-06 21:29:03,453.0,22.0,14.0
2024-03-06 21:41:34,461.0,22.0,6.0
2024-03-06 21:42:15,461.0,22.0,6.0
2024-03-06 21:54:57,468.0,22.3,3.0
2024-03-06 21:55:31,472.0,22.3,0.0
2024-03-06 22:08:13,453.0,22.5,0.0
2024-03-06 22:08:35,453.0,22.5,0.0
2024-03-06 22:21:27,456.0,22.5,0.0
2024-03-06 22:21:36,456.0,22.5,0.0
2024-03-06 22:34:47,441.0,22.8,0.0
2024-03-06 22:34:56,441.0,22.8,0.0
2024-03-06 22:48:13,439.0,22.8,0.0
2024-03-06 22:48:16,439.0,22.8,0.0
2024-03-06 23:01:26,428.0,23.0,0.0
2024-03-06 23:01:30,428.0,23.0,0.0
2024-03-06 23:14:35,454.0,23.0,24.0
2024-03-06 23:14:50,454.0,23.0,24.0
2024-03-06 23:27:43,464.0,23.3,21.0
2024-03-06 23:28:19,464.0,23.3,21.0
2024-03-06 23:40:51,457.0,23.3,21.0
2024-03-06 23:41:43,457.0,23.3,21.0
2024-03-06 23:54:04,468.0,23.5,21.0
2024-03-06 23:55:13,468.0,23.5,21.0
2024-03-07 00:07:17,476.0,23.5,19.0
2024-03-07 00:08:36,476.0,23.5,19.0
2024-03-07 00:20:25,457.0,23.5,19.0
2024-03-07 00:22:00,457.0,23.5,19.0
2024-03-07 00:33:30,475.0,23.5,19.0
2024-03-07 00:35:17,487.0,23.8,19.0
2024-03-07 00:46:32,463.0,23.8,19.0
2024-03-07 00:48:41,463.0,23.8,19.0
2024-03-07 00:59:44,476.0,23.8,19.0
2024-03-07 01:02:03,476.0,23.8,19.0
2024-03-07 01:12:57,471.0,23.8,19.0
2024-03-07 01:15:35,472.0,23.8,19.0
2024-03-07 01:26:06,474.0,23.8,21.0
2024-03-07 01:29:00,474.0,23.8,21.0
2024-03-07 01:39:13,470.0,23.8,19.0
2024-03-07 01:42:16,470.0,23.8,19.0
2024-03-07 01:52:14,481.0,23.8,21.0
2024-03-07 01:55:38,475.0,23.8,21.0
2024-03-07 02:05:16,482.0,23.8,21.0
2024-03-07 02:09:05,482.0,23.8,21.0
2024-03-07 02:18:21,463.0,23.8,21.0
2024-03-07 02:22:33,463.0,23.8,21.0
2024-03-07 02:31:16,490.0,23.8,21.0
2024-03-07 02:36:02,464.0,23.8,21.0
2024-03-07 02:44:23,464.0,23.8,21.0
2024-03-07 02:49:34,464.0,23.8,21.0
2024-03-07 02:57:39,464.0,23.8,21.0
2024-03-07 03:02:50,464.0,23.8,21.0
2024-03-07 03:10:45,462.0,23.8,21.0
2024-03-07 03:16:15,467.0,23.8,21.0
2024-03-07 03:23:54,467.0,23.8,21.0
2024-03-07 03:29:42,456.0,23.8,21.0
2024-03-07 03:37:15,471.0,23.8,21.0
2024-03-07 03:43:08,471.0,23.8,21.0
2024-03-07 03:50:18,478.0,23.5,24.0
2024-03-07 03:56:31,449.0,23.5,21.0
2024-03-07 04:03:24,449.0,23.5,21.0
2024-03-07 04:10:02,459.0,23.5,21.0
2024-03-07 04:16:33,470.0,23.5,19.0
2024-03-07 04:23:26,470.0,23.5,19.0
2024-03-07 04:29:45,452.0,23.3,21.0
2024-03-07 04:36:50,462.0,23.3,18.0
2024-03-07 04:42:44,462.0,23.3,18.0
2024-03-07 04:50:12,456.0,23.3,16.0
2024-03-07 04:55:54,444.0,23.3,16.0
2024-03-07 05:03:38,444.0,23.3,16.0
2024-03-07 05:09:06,440.0,23.0,17.0
2024-03-07 05:17:03,446.0,23.0,19.0
2024-03-07 05:22:18,446.0,23.0,19.0
2024-03-07 05:30:21,452.0,23.0,19.0
2024-03-07 05:35:38,450.0,23.0,21.0
2024-03-07 05:43:43,450.0,23.0,21.0
2024-03-07 05:48:52,457.0,23.0,21.0
2024-03-07 05:57:09,437.0,23.0,21.0
2024-03-07 06:01:54,437.0,23.0,21.0
2024-03-07 06:10:35,454.0,23.0,21.0
2024-03-07 06:15:11,454.0,23.0,21.0
2024-03-07 06:23:51,443.0,23.0,19.0
2024-03-07 06:28:20,447.0,23.0,16.0
2024-03-07 06:37:16,469.0,23.0,11.0
2024-03-07 06:41:22,469.0,23.0,11.0
2024-03-07 06:50:40,457.0,23.0,14.0
2024-03-07 06:54:28,457.0,23.0,14.0
2024-03-07 07:04:06,465.0,23.0,11.0
2024-03-07 07:07:42,441.0,22.8,14.0
2024-03-07 07:17:27,450.0,22.8,9.0
2024-03-07 07:20:56,450.0,22.8,9.0
2024-03-07 07:30:44,439.0,22.8,6.0
2024-03-07 07:34:08,439.0,22.8,6.0
2024-03-07 07:44:05,441.0,23.0,6.0
2024-03-07 07:47:26,440.0,23.0,3.0
2024-03-07 07:57:24,438.0,23.0,3.0
2024-03-07 08:00:40,438.0,23.0,3.0
2024-03-07 08:10:50,442.0,23.0,11.0
2024-03-07 08:13:55,442.0,23.0,11.0
2024-03-07 08:24:15,447.0,23.0,1.0
2024-03-07 08:27:14,432.0,23.0,0.0
2024-03-07 08:37:39,442.0,23.0,1.0
2024-03-07 08:40:32,442.0,23.0,1.0
2024-03-07 08:51:05,450.0,23.0,1.0
2024-03-07 08:53:42,450.0,23.0,1.0
2024-03-07 09:04:24,448.0,23.0,0.0
2024-03-07 09:07:04,441.0,23.3,0.0
2024-03-07 09:17:48,438.0,23.3,0.0
2024-03-07 09:20:17,438.0,23.3,0.0
2024-03-07 09:31:11,453.0,23.3,0.0
2024-03-07 09:33:18,453.0,23.3,0.0
2024-03-07 09:44:36,463.0,23.3,0.0
2024-03-07 09:46:24,475.0,23.3,0.0
2024-03-07 09:57:56,490.0,23.3,0.0
2024-03-07 09:59:24,490.0,23.3,0.0
2024-03-07 10:11:17,492.0,23.5,0.0
2024-03-07 10:12:34,492.0,23.5,0.0
2024-03-07 10:24:32,508.0,23.5,1.0
2024-03-07 10:25:40,500.0,23.5,0.0
2024-03-07 10:37:59,497.0,23.5,19.0
2024-03-07 10:38:55,497.0,23.5,19.0
2024-03-07 10:52:06,505.0,23.8,14.0
2024-03-07 11:05:33,544.0,24.0,3.0
2024-03-07 11:18:43,545.0,24.3,21.0
2024-03-07 11:31:53,550.0,24.3,3.0
2024-03-07 11:45:09,557.0,24.3,1.0
2024-03-07 11:58:14,602.0,24.5,1.0
2024-03-07 12:11:21,581.0,24.8,1.0
2024-03-07 12:24:26,578.0,24.8,0.0
2024-03-07 12:37:28,546.0,24.5,11.0
2024-03-07 12:50:42,557.0,24.8,14.0
2024-03-07 13:03:38,556.0,24.8,6.0
2024-03-07 13:16:36,552.0,24.3,1.0
2024-03-07 13:29:47,556.0,24.3,1.0
2024-03-07 13:42:56,533.0,24.0,1.0
2024-03-07 13:56:11,527.0,24.0,1.0
2024-03-07 14:09:20,527.0,24.0,1.0
2024-03-07 14:22:27,507.0,24.0,0.0
2024-03-07 14:35:39,491.0,23.8,39.0
2024-03-07 14:48:47,488.0,23.8,6.0
2024-03-07 15:01:59,512.0,23.8,0.0
2024-03-07 15:15:12,497.0,23.8,0.0
2024-03-07 15:28:19,459.0,23.8,0.0
2024-03-07 15:41:22,448.0,23.8,0.0
2024-03-07 15:54:31,462.0,23.8,0.0
2024-03-07 16:07:41,476.0,23.8,0.0
2024-03-07 16:20:44,458.0,24.0,0.0
2024-03-07 16:33:45,471.0,24.0,0.0
2024-03-07 16:46:54,475.0,24.0,0.0
2024-03-07 17:00:06,462.0,23.8,0.0
2024-03-07 17:13:14,468.0,23.8,0.0
2024-03-07 17:26:22,452.0,23.8,0.0
2024-03-07 17:39:28,462.0,23.5,0.0
2024-03-07 17:52:39,471.0,23.5,3.0
2024-03-07 18:05:46,489.0,23.5,3.0
2024-03-07 18:18:52,517.0,23.3,27.0
2024-03-07 18:31:47,542.0,23.3,39.0
2024-03-07 18:44:54,533.0,23.3,21.0
2024-03-07 18:58:00,506.0,23.0,3.0
2024-03-07 19:10:59,499.0,23.0,0.0
2024-03-07 19:24:08,504.0,22.8,0.0
2024-03-07 19:37:22,497.0,22.5,1.0
2024-03-07 19:50:30,504.0,22.3,1.0
2024-03-07 20:03:33,507.0,22.3,6.0
2024-03-07 20:16:42,502.0,22.5,1.0
2024-03-07 20:29:54,481.0,22.8,0.0
2024-03-07 20:42:58,469.0,22.8,0.0
2024-03-07 20:56:05,470.0,23.0,0.0
2024-03-07 21:09:13,473.0,23.0,0.0
2024-03-07 21:22:10,476.0,23.0,0.0
2024-03-07 21:35:16,450.0,23.0,0.0
2024-03-07 21:48:24,458.0,23.0,0.0
2024-03-07 22:01:28,450.0,23.0,0.0
2024-03-07 22:14:40,444.0,23.0,0.0
2024-03-07 22:27:48,435.0,23.0,1.0
2024-03-07 22:41:00,441.0,23.0,1.0
2024-03-07 22:54:06,453.0,23.3,0.0
2024-03-07 23:07:13,455.0,23.0,0.0
2024-03-07 23:20:33,438.0,23.3,0.0
2024-03-07 23:33:38,439.0,23.3,0.0
2024-03-07 23:46:49,450.0,23.3,1.0
2024-03-08 00:00:05,449.0,23.3,2.0
2024-03-08 00:13:07,460.0,23.0,3.0
2024-03-08 00:26:22,464.0,23.0,6.0
2024-03-08 00:39:30,461.0,23.0,9.0
2024-03-08 00:52:43,464.0,23.0,11.0
2024-03-08 01:05:49,465.0,22.8,11.0
2024-03-08 01:19:05,458.0,22.8,11.0
2024-03-08 01:32:02,477.0,22.8,14.0
2024-03-08 01:44:59,468.0,22.8,14.0
2024-03-08 01:58:05,454.0,22.5,14.0
2024-03-08 02:11:08,457.0,22.5,14.0
2024-03-08 02:24:29,464.0,22.5,16.0
2024-03-08 02:37:26,458.0,22.3,16.0
2024-03-08 02:50:26,450.0,22.3,21.0
2024-03-08 03:03:30,456.0,22.3,24.0
2024-03-08 03:16:39,457.0,22.3,24.0
2024-03-08 03:29:53,451.0,22.3,21.0
2024-03-08 03:43:03,452.0,22.0,24.0
2024-03-08 03:56:15,456.0,22.0,24.0
2024-03-08 04:09:29,455.0,22.0,24.0
2024-03-08 04:22:39,445.0,22.0,24.0
2024-03-08 04:35:55,445.0,22.0,21.0
2024-03-08 04:49:03,454.0,22.0,27.0
2024-03-08 05:02:18,445.0,22.0,24.0
2024-03-08 05:15:30,453.0,22.0,32.0
2024-03-08 05:28:37,457.0,22.0,27.0
2024-03-08 05:41:40,452.0,22.0,27.0
2024-03-08 05:54:59,443.0,21.8,27.0
2024-03-08 06:08:07,458.0,21.8,27.0
2024-03-08 06:21:15,450.0,21.8,27.0
2024-03-08 06:34:20,451.0,21.8,24.0
2024-03-08 06:47:23,457.0,21.8,24.0
2024-03-08 07:00:41,456.0,21.8,24.0
2024-03-08 07:13:51,440.0,21.8,16.0
2024-03-08 07:27:06,458.0,22.0,0.0
2024-03-08 07:40:25,462.0,22.5,0.0
2024-03-08 07:53:35,473.0,23.0,0.0
2024-03-08 08:06:49,468.0,23.5,0.0
2024-03-08 08:20:11,469.0,23.8,0.0
2024-03-08 08:33:21,474.0,24.0,0.0
2024-03-08 08:46:40,470.0,24.0,0.0
2024-03-08 08:59:49,462.0,24.0,1.0
2024-03-08 09:13:01,482.0,23.8,1.0
2024-03-08 09:26:13,466.0,23.8,0.0
2024-03-08 09:39:25,480.0,23.8,0.0
2024-03-08 09:52:39,460.0,23.5,0.0
2024-03-08 10:05:47,484.0,23.8,0.0
2024-03-08 10:19:07,519.0,23.8,0.0
2024-03-08 10:32:21,518.0,23.8,0.0
2024-03-08 10:45:32,511.0,24.0,0.0
2024-03-08 10:58:40,507.0,24.0,0.0
2024-03-08 11:11:50,514.0,24.0,0.0
2024-03-08 11:25:02,537.0,24.3,0.0
2024-03-08 11:38:20,542.0,24.5,0.0
2024-03-08 11:51:29,561.0,24.8,0.0
2024-03-08 12:04:40,600.0,24.8,0.0
2024-03-08 12:17:51,602.0,24.5,1.0
2024-03-08 12:30:58,597.0,24.5,0.0
2024-03-08 12:44:05,564.0,24.3,0.0
2024-03-08 12:57:17,534.0,24.3,0.0
2024-03-08 13:10:24,533.0,24.3,0.0
2024-03-08 13:23:28,514.0,24.3,0.0
2024-03-08 13:36:40,469.0,24.3,0.0
2024-03-08 13:49:48,460.0,24.5,0.0
2024-03-08 14:02:57,469.0,24.8,0.0
2024-03-08 14:16:01,445.0,25.0,0.0
2024-03-08 14:29:08,464.0,25.3,0.0
2024-03-08 14:42:20,457.0,25.3,0.0
2024-03-08 14:55:36,463.0,25.3,0.0
2024-03-08 15:08:47,452.0,25.3,0.0
2024-03-08 15:21:50,454.0,25.5,0.0
2024-03-08 15:35:03,456.0,25.5,0.0
2024-03-08 15:48:04,468.0,25.8,0.0
2024-03-08 16:01:13,470.0,26.0,0.0
2024-03-08 16:14:18,474.0,26.0,0.0
2024-03-08 16:27:36,461.0,26.3,0.0
2024-03-08 16:40:57,464.0,26.0,0.0
2024-03-08 16:54:08,467.0,26.0,0.0
2024-03-08 17:07:23,453.0,26.0,0.0
2024-03-08 17:20:38,471.0,26.0,0.0
2024-03-08 17:33:52,487.0,25.8,0.0
2024-03-08 17:46:57,456.0,25.5,0.0
2024-03-08 18:00:09,439.0,25.5,0.0
2024-03-08 18:13:21,457.0,25.5,0.0
2024-03-08 18:26:34,471.0,25.0,0.0
2024-03-08 18:39:46,465.0,25.0,0.0
2024-03-08 18:52:56,462.0,24.8,0.0
2024-03-08 19:06:12,442.0,24.5,0.0
2024-03-08 19:19:20,443.0,24.5,0.0
2024-03-08 19:32:32,452.0,24.3,0.0
2024-03-08 19:45:51,457.0,24.0,0.0
2024-03-08 19:59:05,463.0,23.8,0.0
2024-03-08 20:12:08,458.0,23.8,0.0
2024-03-08 20:25:16,443.0,23.8,0.0
2024-03-08 20:38:33,463.0,23.5,0.0
2024-03-08 20:51:39,457.0,23.5,0.0
2024-03-08 21:04:55,452.0,23.5,0.0
2024-03-08 21:18:02,468.0,23.3,0.0
2024-03-08 21:31:16,472.0,23.3,0.0
2024-03-08 21:44:32,478.0,23.0,0.0
2024-03-08 21:57:43,490.0,23.0,1.0
2024-03-08 22:10:57,485.0,22.8,0.0
2024-03-08 22:24:09,491.0,22.8,1.0
2024-03-08 22:37:26,495.0,22.8,0.0
2024-03-08 22:50:39,496.0,22.8,0.0
2024-03-08 23:04:02,478.0,22.5,0.0
2024-03-08 23:19:25,496.0,22.8,0.0
2024-03-08 23:32:41,521.0,23.0,0.0
2024-03-08 23:45:53,549.0,23.3,0.0
2024-03-08 23:59:06,539.0,23.5,1.0
2024-03-09 00:12:15,566.0,23.5,1.0
2024-03-09 00:25:33,543.0,23.8,11.0
2024-03-09 00:38:47,557.0,23.8,16.0
2024-03-09 00:51:59,564.0,23.8,14.0
2024-03-09 01:05:08,558.0,24.0,16.0
2024-03-09 01:18:21,572.0,23.8,16.0
2024-03-09 01:31:30,559.0,24.0,16.0
2024-03-09 01:44:37,562.0,24.0,16.0
2024-03-09 01:57:47,542.0,24.0,14.0
2024-03-09 02:11:01,537.0,24.0,14.0
2024-03-09 02:24:13,553.0,23.8,16.0
2024-03-09 02:37:23,522.0,23.8,19.0
2024-03-09 02:50:33,532.0,23.8,16.0
2024-03-09 03:03:46,530.0,23.8,19.0
2024-03-09 03:17:00,516.0,23.8,21.0
2024-03-09 03:30:04,514.0,23.5,21.0
2024-03-09 03:43:23,521.0,23.5,21.0
2024-03-09 03:56:33,509.0,23.5,21.0
2024-03-09 04:09:38,504.0,23.5,21.0
2024-03-09 04:22:52,504.0,23.3,21.0
2024-03-09 04:36:01,502.0,23.3,21.0
2024-03-09 04:49:14,506.0,23.3,24.0
2024-03-09 05:02:25,494.0,23.3,24.0
2024-03-09 05:15:31,500.0,23.0,24.0
2024-03-09 05:28:41,511.0,23.0,24.0
2024-03-09 05:41:51,506.0,23.0,24.0
2024-03-09 05:54:58,495.0,23.0,24.0
2024-03-09 06:08:02,498.0,23.0,24.0
2024-03-09 06:21:07,481.0,22.8,24.0
2024-03-09 06:34:18,483.0,22.8,24.0
2024-03-09 06:47:31,478.0,22.8,24.0
2024-03-09 07:00:41,488.0,22.8,24.0
2024-03-09 07:14:02,496.0,22.8,27.0
2024-03-09 07:27:13,486.0,22.5,9.0
2024-03-09 07:40:30,478.0,22.5,3.0
2024-03-09 07:53:35,482.0,22.8,3.0
2024-03-09 08:06:43,478.0,22.8,1.0
2024-03-09 08:20:01,485.0,22.8,6.0
2024-03-09 08:33:11,483.0,22.8,3.0
2024-03-09 08:46:27,479.0,22.8,3.0
2024-03-09 08:59:40,493.0,22.8,1.0
2024-03-09 09:12:43,489.0,23.0,1.0
2024-03-09 09:26:02,493.0,23.3,6.0
2024-03-09 09:39:20,516.0,23.3,16.0
2024-03-09 09:52:29,531.0,23.5,21.0
2024-03-09 10:05:43,544.0,24.3,14.0
2024-03-09 10:18:53,549.0,24.5,1.0
2024-03-09 10:32:03,561.0,25.0,0.0
2024-03-09 10:45:11,561.0,25.5,0.0
2024-03-09 10:58:21,566.0,25.8,3.0
2024-03-09 11:11:28,533.0,25.8,0.0
2024-03-09 11:24:39,484.0,26.0,0.0
2024-03-09 11:37:50,462.0,25.5,0.0
2024-03-09 11:51:03,470.0,25.3,0.0
2024-03-09 12:04:13,458.0,25.5,0.0
2024-03-09 12:17:22,446.0,25.5,0.0
2024-03-09 12:30:40,470.0,25.5,0.0
2024-03-09 12:43:52,462.0,25.8,0.0
2024-03-09 12:56:59,475.0,26.0,0.0
2024-03-09 13:10:15,455.0,26.3,0.0
2024-03-09 13:23:18,466.0,26.3,0.0
2024-03-09 13:36:25,470.0,26.5,0.0
2024-03-09 13:49:46,448.0,26.8,0.0
2024-03-09 14:02:57,460.0,27.0,0.0
2024-03-09 14:16:01,456.0,27.3,0.0
2024-03-09 14:29:10,432.0,27.3,0.0
2024-03-09 14:42:21,450.0,27.5,0.0
2024-03-09 14:55:24,443.0,27.8,0.0
2024-03-09 15:08:30,444.0,27.8,0.0
2024-03-09 15:21:31,423.0,27.8,0.0
2024-03-09 15:34:49,438.0,28.0,0.0
2024-03-09 15:47:47,446.0,28.0,0.0
2024-03-09 16:01:01,432.0,28.0,0.0
2024-03-09 16:14:05,403.0,28.3,0.0
2024-03-09 16:27:11,431.0,28.3,0.0
2024-03-09 16:40:27,420.0,28.3,0.0
2024-03-09 16:53:44,431.0,28.3,0.0
2024-03-09 17:07:09,428.0,28.0,0.0
2024-03-09 17:20:50,430.0,28.0,0.0
2024-03-09 17:34:16,425.0,27.8,0.0
2024-03-09 17:47:40,435.0,27.5,0.0
2024-03-09 18:01:08,434.0,27.5,0.0
2024-03-09 18:14:33,435.0,27.5,0.0
2024-03-09 18:28:02,425.0,27.3,0.0
2024-03-09 18:41:23,442.0,27.3,0.0
2024-03-09 18:54:53,430.0,27.3,0.0
2024-03-09 19:08:24,455.0,27.3,0.0
2024-03-09 19:21:38,439.0,27.0,0.0
2024-03-09 19:35:06,428.0,27.0,0.0
2024-03-09 19:48:30,432.0,26.8,0.0
2024-03-09 20:01:54,434.0,26.5,0.0
2024-03-09 20:15:30,441.0,26.3,0.0
2024-03-09 20:28:55,433.0,26.3,0.0
2024-03-09 20:42:12,432.0,26.0,0.0
2024-03-09 20:55:46,442.0,25.8,0.0
2024-03-09 21:09:14,440.0,25.8,0.0
2024-03-09 21:22:40,424.0,25.5,0.0
2024-03-09 21:36:04,444.0,25.5,0.0
2024-03-09 21:49:34,442.0,25.3,0.0
2024-03-09 22:03:01,445.0,25.3,0.0
2024-03-09 22:16:30,435.0,25.0,0.0
2024-03-09 22:30:04,436.0,25.0,0.0
2024-03-09 22:43:34,424.0,24.8,0.0
2024-03-09 22:57:00,420.0,24.8,0.0
2024-03-09 23:10:27,426.0,24.8,0.0
2024-03-09 23:23:55,438.0,25.0,0.0
2024-03-09 23:37:25,432.0,25.5,0.0
2024-03-09 23:50:51,435.0,25.8,0.0
2024-03-10 00:04:14,429.0,26.0,0.0
2024-03-10 00:17:43,436.0,26.5,0.0
2024-03-10 00:31:11,430.0,26.5,0.0
2024-03-10 00:44:34,442.0,26.5,0.0
2024-03-10 00:58:00,425.0,26.8,0.0
2024-03-10 01:11:24,437.0,27.0,0.0
2024-03-10 01:24:50,450.0,27.0,0.0
2024-03-10 01:38:21,444.0,27.0,0.0
2024-03-10 01:51:44,446.0,27.0,1.0
2024-03-10 02:05:18,438.0,27.3,3.0
2024-03-10 02:18:41,437.0,27.3,3.0
2024-03-10 02:32:08,448.0,27.3,3.0
2024-03-10 02:45:29,457.0,27.3,11.0
2024-03-10 02:58:56,459.0,27.3,11.0
2024-03-10 03:12:24,441.0,27.3,11.0
2024-03-10 03:25:46,453.0,27.3,14.0
2024-03-10 03:39:18,426.0,27.3,14.0
2024-03-10 03:53:00,432.0,27.3,16.0
2024-03-10 04:06:27,444.0,27.3,16.0
2024-03-10 04:19:56,431.0,27.3,19.0
2024-03-10 04:33:23,444.0,27.3,21.0
2024-03-10 04:46:38,436.0,27.0,16.0
2024-03-10 05:00:11,443.0,27.0,19.0
2024-03-10 05:13:47,432.0,27.0,14.0
2024-03-10 05:27:13,422.0,26.8,14.0
2024-03-10 05:40:41,428.0,26.8,16.0
2024-03-10 05:54:09,442.0,26.8,16.0
2024-03-10 06:07:38,438.0,26.8,14.0
2024-03-10 06:21:05,431.0,26.8,14.0
2024-03-10 06:34:29,426.0,26.8,14.0
2024-03-10 06:47:56,437.0,26.8,12.0
2024-03-10 07:01:31,437.0,26.5,11.0
2024-03-10 07:15:10,442.0,26.5,11.0
2024-03-10 07:28:32,425.0,25.5,0.0
2024-03-10 07:42:00,429.0,25.0,0.0
2024-03-10 07:55:41,444.0,24.8,0.0
2024-03-10 08:09:11,421.0,24.5,0.0
2024-03-10 08:22:48,422.0,24.5,0.0
2024-03-10 08:36:15,430.0,24.5,0.0
2024-03-10 08:49:47,427.0,24.5,0.0
2024-03-10 09:03:11,441.0,24.5,0.0
2024-03-10 09:16:39,432.0,24.5,0.0
2024-03-10 09:30:03,425.0,24.5,0.0
2024-03-10 09:43:32,438.0,24.5,0.0
2024-03-10 09:56:54,455.0,24.8,0.0
2024-03-10 10:10:20,462.0,25.0,0.0
2024-03-10 10:23:46,449.0,25.3,0.0
2024-03-10 10:37:12,452.0,25.8,0.0
2024-03-10 10:50:34,431.0,26.0,0.0
2024-03-10 11:04:06,419.0,26.3,0.0
2024-03-10 11:17:32,438.0,26.8,0.0
2024-03-10 11:30:57,437.0,26.8,0.0
2024-03-10 11:44:26,416.0,26.8,0.0
2024-03-10 11:57:59,428.0,26.3,0.0
2024-03-10 12:11:21,430.0,26.3,0.0
2024-03-10 12:24:47,433.0,26.0,0.0
2024-03-10 12:38:15,419.0,26.3,0.0
2024-03-10 12:51:31,421.0,26.5,0.0
2024-03-10 13:05:06,417.0,26.5,0.0
2024-03-10 13:18:35,424.0,26.8,0.0
2024-03-10 13:31:45,436.0,26.8,0.0
2024-03-10 13:45:23,438.0,27.0,0.0
2024-03-10 13:58:42,431.0,27.3,0.0
2024-03-10 14:12:04,441.0,27.3,0.0
2024-03-10 14:25:35,420.0,27.5,0.0
2024-03-10 14:39:09,425.0,27.8,0.0
2024-03-10 14:52:33,423.0,27.8,0.0
2024-03-10 15:06:03,445.0,28.0,0.0
2024-03-10 15:19:29,437.0,28.0,0.0
2024-03-10 15:32:58,430.0,28.0,0.0
2024-03-10 15:46:27,425.0,28.3,0.0
2024-03-10 15:59:54,433.0,28.3,0.0
2024-03-10 16:13:11,450.0,28.3,0.0
2024-03-10 16:26:35,439.0,28.5,0.0
2024-03-10 16:40:05,437.0,28.5,0.0
2024-03-10 16:53:29,461.0,28.5,0.0
2024-03-10 17:06:54,432.0,28.5,0.0
2024-03-10 17:20:16,450.0,28.5,0.0
2024-03-10 17:33:46,437.0,28.5,0.0
2024-03-10 17:47:04,432.0,28.5,0.0
2024-03-10 18:00:35,429.0,28.5,0.0
2024-03-10 18:14:03,445.0,28.5,0.0
2024-03-10 18:27:34,439.0,28.3,0.0
2024-03-10 18:41:01,437.0,28.3,0.0
2024-03-10 18:54:37,434.0,28.3,0.0
2024-03-10 19:08:01,438.0,28.0,0.0
2024-03-10 19:21:21,427.0,28.0,0.0
2024-03-10 19:34:48,439.0,27.8,0.0
2024-03-10 19:48:13,435.0,27.5,0.0
2024-03-10 20:01:31,437.0,27.3,0.0
2024-03-10 20:15:08,432.0,27.3,0.0
2024-03-10 20:28:34,434.0,26.8,0.0
2024-03-10 20:41:57,461.0,26.8,0.0
2024-03-10 20:55:18,440.0,26.5,0.0
2024-03-10 21:08:41,442.0,26.3,0.0
2024-03-10 21:22:08,440.0,26.0,0.0
2024-03-10 21:35:36,444.0,25.8,0.0
2024-03-10 21:49:08,444.0,25.8,0.0
2024-03-10 22:02:40,443.0,25.8,0.0
2024-03-10 22:16:13,437.0,25.5,0.0
2024-03-10 22:29:43,453.0,25.5,0.0
2024-03-10 22:43:16,441.0,25.3,0.0
2024-03-10 22:56:46,440.0,25.3,0.0
2024-03-10 23:10:18,440.0,25.3,0.0
2024-03-10 23:23:38,465.0,25.3,0.0
2024-03-10 23:37:05,465.0,25.5,0.0
2024-03-10 23:50:31,480.0,26.0,0.0
2024-03-11 00:03:51,472.0,26.0,0.0
2024-03-11 00:17:11,453.0,26.3,0.0
2024-03-11 00:30:42,457.0,26.5,0.0
2024-03-11 00:44:11,435.0,26.5,0.0
2024-03-11 00:57:45,472.0,26.5,1.0
2024-03-11 01:11:02,490.0,26.5,1.0
2024-03-11 01:24:27,472.0,26.5,3.0
2024-03-11 01:37:58,472.0,26.5,9.0
2024-03-11 01:51:19,484.0,26.5,7.0
2024-03-11 02:04:47,467.0,26.5,14.0
2024-03-11 02:18:20,467.0,26.5,7.0
2024-03-11 02:31:43,460.0,26.5,11.0
2024-03-11 02:45:14,465.0,26.5,14.0
2024-03-11 02:58:41,462.0,26.3,6.0
2024-03-11 03:12:07,460.0,26.3,9.0
2024-03-11 03:25:40,459.0,26.3,11.0
2024-03-11 03:39:05,470.0,26.3,14.0
2024-03-11 03:52:36,444.0,26.3,14.0
2024-03-11 04:06:08,465.0,26.3,16.0
2024-03-11 04:19:28,463.0,26.3,16.0
2024-03-11 04:32:49,461.0,26.3,24.0
2024-03-11 04:46:12,477.0,26.0,24.0
2024-03-11 04:59:48,467.0,26.0,24.0
2024-03-11 05:13:17,460.0,26.0,27.0
2024-03-11 05:26:45,457.0,26.0,34.0
2024-03-11 05:40:13,467.0,26.0,34.0
2024-03-11 05:53:45,476.0,25.8,36.0
2024-03-11 06:07:17,470.0,25.8,29.0
2024-03-11 06:20:47,470.0,25.8,32.0
2024-03-11 06:34:09,472.0,25.8,34.0
2024-03-11 06:47:36,461.0,25.8,34.0
2024-03-11 07:01:09,456.0,25.8,34.0
2024-03-11 07:14:40,464.0,25.8,34.0
2024-03-11 07:28:04,482.0,24.5,6.0
2024-03-11 07:41:34,456.0,24.3,1.0
2024-03-11 07:55:02,447.0,24.0,0.0
2024-03-11 08:08:35,451.0,23.8,0.0
2024-03-11 08:22:02,452.0,23.8,0.0
2024-03-11 08:35:27,464.0,23.5,0.0
2024-03-11 08:48:52,471.0,23.5,0.0
2024-03-11 09:02:23,470.0,23.5,3.0
2024-03-11 09:15:48,468.0,23.5,0.0
2024-03-11 09:29:26,466.0,23.3,0.0
2024-03-11 09:42:58,476.0,23.5,0.0
2024-03-11 09:56:32,444.0,23.5,0.0
2024-03-11 10:09:58,462.0,23.3,0.0
2024-03-11 10:23:27,468.0,23.5,0.0
2024-03-11 10:36:46,474.0,23.5,0.0
2024-03-11 10:50:13,490.0,23.5,0.0
2024-03-11 11:03:35,489.0,23.8,0.0
2024-03-11 11:16:54,461.0,23.8,0.0
2024-03-11 11:30:24,462.0,23.8,0.0
2024-03-11 11:43:48,452.0,24.0,0.0
2024-03-11 11:57:20,451.0,24.5,0.0
2024-03-11 12:10:53,456.0,24.8,0.0
2024-03-11 12:24:19,463.0,25.0,0.0
2024-03-11 12:37:43,470.0,25.3,0.0
2024-03-11 12:51:05,488.0,25.5,0.0
2024-03-11 13:04:32,476.0,25.8,0.0
2024-03-11 13:17:59,467.0,26.3,0.0
2024-03-11 13:31:11,474.0,26.3,0.0
2024-03-11 13:44:29,470.0,26.5,0.0
2024-03-11 13:57:51,495.0,26.8,0.0
2024-03-11 14:11:19,475.0,27.0,0.0
2024-03-11 14:24:54,457.0,27.0,0.0
2024-03-11 14:38:26,474.0,27.3,0.0
2024-03-11 14:51:35,474.0,27.5,0.0
2024-03-11 15:05:08,453.0,27.5,0.0
2024-03-11 15:18:36,463.0,27.8,0.0
2024-03-11 15:32:00,455.0,27.8,0.0
2024-03-11 15:45:30,474.0,27.8,0.0
2024-03-11 15:58:52,442.0,27.8,0.0
2024-03-11 16:12:18,442.0,27.8,0.0
2024-03-11 16:25:55,487.0,28.0,0.0
2024-03-11 16:39:22,462.0,27.8,6.0
2024-03-11 16:52:54,485.0,27.8,0.0
2024-03-11 17:06:12,480.0,27.8,0.0
2024-03-11 17:19:47,474.0,27.5,0.0
2024-03-11 17:33:15,460.0,27.5,0.0
2024-03-11 17:46:42,481.0,27.5,0.0
2024-03-11 18:00:04,459.0,27.5,0.0
2024-03-11 18:13:40,457.0,27.5,0.0
2024-03-11 18:27:05,438.0,27.3,0.0
2024-03-11 18:40:39,436.0,27.3,0.0
2024-03-11 18:54:07,430.0,27.0,37.0
2024-03-11 19:07:35,437.0,27.0,0.0
2024-03-11 19:20:50,432.0,26.8,0.0
2024-03-11 19:34:10,436.0,26.8,0.0
2024-03-11 19:47:40,451.0,26.5,0.0
2024-03-11 20:01:16,431.0,26.3,0.0
2024-03-11 20:14:40,434.0,26.3,0.0
2024-03-11 20:28:03,427.0,26.0,0.0
2024-03-11 20:41:31,432.0,25.8,0.0
2024-03-11 20:55:04,443.0,25.8,0.0
2024-03-11 21:08:19,451.0,25.5,0.0
2024-03-11 21:21:40,452.0,25.5,0.0
2024-03-11 21:35:02,447.0,25.5,0.0
2024-03-11 21:48:27,453.0,25.3,0.0
2024-03-11 22:01:58,433.0,25.3,0.0
2024-03-11 22:15:24,439.0,24.8,3.0
2024-03-11 22:28:47,439.0,24.8,0.0
2024-03-11 22:42:11,439.0,24.8,21.0
2024-03-11 22:55:28,441.0,24.5,0.0
2024-03-11 23:08:49,450.0,24.5,11.0
2024-03-11 23:22:16,437.0,24.8,3.0
2024-03-11 23:35:39,437.0,25.3,19.0
2024-03-11 23:49:04,436.0,25.5,27.0
2024-03-12 00:02:29,455.0,25.5,24.0
2024-03-12 00:15:54,460.0,25.8,6.0
2024-03-12 00:29:15,458.0,25.8,3.0
2024-03-12 00:42:44,453.0,26.0,3.0
2024-03-12 00:55:59,470.0,26.0,3.0
2024-03-12 01:09:19,452.0,26.0,1.0
2024-03-12 01:22:46,450.0,26.0,3.0
2024-03-12 01:36:09,469.0,26.3,3.0
2024-03-12 01:49:30,455.0,26.3,1.0
2024-03-12 02:03:02,475.0,26.3,1.0
2024-03-12 02:16:28,440.0,26.3,3.0
2024-03-12 02:29:51,435.0,26.3,1.0
2024-03-12 02:43:12,451.0,26.3,3.0
2024-03-12 02:56:48,443.0,26.3,0.0
2024-03-12 03:10:09,457.0,26.3,0.0
2024-03-12 03:23:42,452.0,26.3,0.0
2024-03-12 03:37:07,455.0,26.3,0.0
2024-03-12 03:50:34,441.0,26.3,0.0
2024-03-12 04:04:01,443.0,26.3,0.0
2024-03-12 04:17:25,420.0,26.3,0.0
2024-03-12 04:30:49,441.0,26.3,0.0
2024-03-12 04:44:07,435.0,26.5,0.0
2024-03-12 04:57:36,445.0,26.5,0.0
2024-03-12 05:11:01,444.0,26.3,0.0
2024-03-12 05:24:29,446.0,26.3,0.0
2024-03-12 05:37:56,457.0,26.3,0.0
2024-03-12 05:51:12,453.0,26.3,0.0
2024-03-12 06:04:44,438.0,26.3,0.0
2024-03-12 06:18:19,447.0,26.3,0.0
2024-03-12 06:31:37,446.0,26.0,0.0
2024-03-12 06:45:08,449.0,26.0,0.0
2024-03-12 06:58:41,442.0,26.0,1.0
2024-03-12 07:12:12,460.0,26.0,3.0
2024-03-12 07:25:43,452.0,24.8,0.0
2024-03-12 07:39:15,449.0,24.5,0.0
2024-03-12 07:52:36,450.0,24.3,0.0
2024-03-12 08:06:09,455.0,24.0,0.0
2024-03-12 08:19:41,456.0,23.8,0.0
2024-03-12 08:33:04,479.0,23.8,0.0
2024-03-12 08:46:34,469.0,23.8,0.0
2024-03-12 09:00:04,453.0,23.8,0.0
2024-03-12 09:13:23,446.0,23.8,0.0
2024-03-12 09:26:57,460.0,23.5,0.0
2024-03-12 09:40:30,476.0,23.5,0.0
2024-03-12 09:53:56,466.0,23.5,0.0
2024-03-12 10:07:27,478.0,23.5,0.0
2024-03-12 10:20:57,516.0,23.5,0.0
2024-03-12 10:34:20,505.0,23.3,0.0
2024-03-12 10:47:50,495.0,23.5,0.0
2024-03-12 11:01:25,506.0,23.3,0.0
2024-03-12 11:14:44,500.0,23.3,0.0
2024-03-12 11:28:17,512.0,23.3,0.0
2024-03-12 11:41:35,501.0,23.5,0.0
2024-03-12 11:55:06,499.0,23.3,0.0
2024-03-12 12:08:37,527.0,23.3,0.0
2024-03-12 12:22:01,537.0,23.3,0.0
2024-03-12 12:35:27,536.0,23.0,0.0
2024-03-12 12:48:54,547.0,23.0,3.0
2024-03-12 13:02:15,560.0,23.0,45.0
2024-03-12 13:15:50,570.0,23.0,79.0
2024-03-12 13:29:21,572.0,23.0,69.0
2024-03-12 13:42:45,563.0,23.0,82.0
2024-03-12 13:56:08,561.0,23.0,97.0
2024-03-12 14:09:32,573.0,23.0,108.0
2024-03-12 14:23:09,574.0,23.0,133.0
2024-03-12 14:36:29,558.0,23.0,121.0
2024-03-12 14:49:59,562.0,23.0,74.0
2024-03-12 15:03:28,553.0,23.0,47.0
2024-03-12 15:16:54,562.0,23.0,14.0
2024-03-12 15:30:25,553.0,23.0,6.0
2024-03-12 15:43:50,567.0,23.0,1.0
2024-03-12 15:57:18,578.0,23.0,0.0
2024-03-12 16:10:37,579.0,23.0,3.0
2024-03-12 16:24:02,577.0,23.0,0.0
2024-03-12 16:37:31,566.0,23.0,0.0
2024-03-12 16:50:54,563.0,22.8,0.0
2024-03-12 17:04:23,560.0,22.8,321.0
2024-03-12 17:17:51,561.0,22.8,78.0
2024-03-12 17:31:14,581.0,22.8,42.0
2024-03-12 17:44:44,591.0,22.8,37.0
2024-03-12 17:58:17,541.0,22.8,32.0
2024-03-12 18:11:35,557.0,22.8,21.0
2024-03-12 18:24:56,539.0,22.8,24.0
2024-03-12 18:38:00,543.0,22.8,1.0
2024-03-12 18:51:04,564.0,22.8,1.0
2024-03-12 19:04:15,531.0,22.8,0.0
2024-03-12 19:17:24,528.0,22.5,0.0
2024-03-12 19:30:39,518.0,22.5,0.0
2024-03-12 19:43:48,513.0,22.5,0.0
2024-03-12 19:57:00,503.0,22.3,0.0
2024-03-12 20:10:04,516.0,22.3,16.0
2024-03-12 20:23:14,505.0,22.3,39.0
2024-03-12 20:36:19,525.0,22.3,19.0
2024-03-12 20:49:34,496.0,22.3,45.0
2024-03-12 21:02:40,496.0,22.3,21.0
2024-03-12 21:15:41,500.0,22.5,0.0
2024-03-12 21:28:53,475.0,22.8,0.0
2024-03-12 21:42:03,486.0,22.8,0.0
2024-03-12 21:55:18,476.0,22.8,0.0
2024-03-12 22:08:33,492.0,23.0,0.0
2024-03-12 22:21:38,488.0,23.0,0.0
2024-03-12 22:34:49,491.0,23.0,0.0
2024-03-12 22:47:56,474.0,23.0,0.0
2024-03-12 23:01:08,485.0,23.3,0.0
2024-03-12 23:14:23,458.0,23.3,0.0
2024-03-12 23:27:32,501.0,23.5,17.0
2024-03-12 23:40:46,506.0,23.5,21.0
2024-03-12 23:53:55,505.0,23.5,14.0
2024-03-13 00:07:10,512.0,23.8,7.0
2024-03-13 00:20:20,505.0,23.8,5.0
2024-03-13 00:33:26,504.0,23.8,3.0
2024-03-13 00:46:41,514.0,23.8,1.0
2024-03-13 00:59:56,504.0,23.8,0.0
2024-03-13 01:13:09,521.0,23.8,0.0
2024-03-13 01:26:15,500.0,23.8,0.0
2024-03-13 01:39:23,504.0,23.8,0.0
2024-03-13 01:52:28,479.0,23.8,0.0
2024-03-13 02:05:39,490.0,23.8,0.0
2024-03-13 02:18:47,469.0,23.8,0.0
2024-03-13 02:32:03,486.0,23.8,0.0
2024-03-13 02:45:08,492.0,23.8,0.0
2024-03-13 02:58:27,475.0,23.5,0.0
2024-03-13 03:11:27,463.0,23.5,0.0
2024-03-13 03:24:37,472.0,23.5,0.0
2024-03-13 03:37:53,477.0,23.5,0.0
2024-03-13 03:51:06,472.0,23.5,0.0
2024-03-13 04:04:20,459.0,23.5,0.0
2024-03-13 04:17:24,466.0,23.5,0.0
2024-03-13 04:30:39,477.0,23.5,0.0
2024-03-13 04:43:50,451.0,23.5,0.0
2024-03-13 04:57:00,466.0,23.3,0.0
2024-03-13 05:10:13,449.0,23.3,0.0
2024-03-13 05:23:28,462.0,23.3,0.0
2024-03-13 05:36:45,456.0,23.3,0.0
2024-03-13 05:49:59,466.0,23.3,0.0
2024-03-13 06:03:09,455.0,23.3,0.0
2024-03-13 06:16:21,458.0,23.3,0.0
2024-03-13 06:29:32,465.0,23.3,0.0
2024-03-13 06:42:40,465.0,23.3,0.0
2024-03-13 06:55:58,461.0,23.3,0.0
2024-03-13 07:09:09,453.0,23.3,6.0
2024-03-13 07:22:13,447.0,23.0,1.0
2024-03-13 07:35:26,447.0,23.0,0.0
2024-03-13 07:48:28,438.0,23.0,0.0
2024-03-13 08:01:39,443.0,23.0,0.0
2024-03-13 08:15:00,444.0,23.0,0.0
2024-03-13 08:28:03,435.0,23.3,0.0
2024-03-13 08:41:07,449.0,23.3,0.0
2024-03-13 08:54:18,453.0,23.3,0.0
2024-03-13 09:07:24,473.0,23.3,0.0
2024-03-13 09:20:39,442.0,23.3,0.0
2024-03-13 09:33:51,465.0,23.3,0.0
2024-03-13 09:47:08,465.0,23.3,0.0
2024-03-13 10:00:14,481.0,23.5,0.0
2024-03-13 10:13:27,478.0,23.5,16.0
2024-03-13 10:26:36,490.0,23.5,1.0
2024-03-13 10:39:47,507.0,23.3,34.0
2024-03-13 10:52:58,500.0,23.3,45.0
2024-03-13 11:06:09,540.0,23.5,118.0
2024-03-13 11:19:25,562.0,23.5,144.0
2024-03-13 11:32:34,554.0,23.5,128.0
2024-03-13 11:45:50,569.0,23.5,559.0
2024-03-13 11:59:08,551.0,23.5,400.0
2024-03-13 12:12:20,563.0,23.5,322.0
2024-03-13 12:25:31,548.0,23.5,200.0
2024-03-13 12:38:53,535.0,23.8,55.0
2024-03-13 12:52:01,548.0,23.8,37.0
2024-03-13 13:05:21,558.0,23.8,24.0
2024-03-13 13:18:30,539.0,23.8,6.0
2024-03-13 13:31:39,534.0,24.0,3.0
2024-03-13 13:44:53,530.0,24.0,3.0
2024-03-13 13:57:57,545.0,24.0,0.0
2024-03-13 14:11:16,540.0,24.0,0.0
2024-03-13 14:24:35,556.0,24.0,0.0
2024-03-13 14:37:46,545.0,24.0,0.0
2024-03-13 14:50:55,546.0,24.0,0.0
2024-03-13 15:04:10,543.0,24.0,0.0
2024-03-13 15:17:25,548.0,24.3,0.0
2024-03-13 15:30:46,550.0,24.3,1.0
2024-03-13 15:44:02,543.0,24.3,0.0
2024-03-13 15:57:19,553.0,24.3,87.0
2024-03-13 16:10:35,530.0,24.3,45.0
2024-03-13 16:23:41,526.0,24.3,24.0
2024-03-13 16:36:54,523.0,24.0,90.0
2024-03-13 16:50:08,514.0,24.0,115.0
2024-03-13 17:03:14,522.0,24.0,67.0
2024-03-13 17:16:30,503.0,24.0,9.0
2024-03-13 17:29:42,508.0,24.0,1.0
2024-03-13 17:42:53,511.0,24.0,0.0
2024-03-13 17:56:12,510.0,24.0,0.0
2024-03-13 18:09:25,506.0,24.0,0.0
2024-03-13 18:22:37,528.0,24.0,0.0
2024-03-13 18:35:43,489.0,24.0,0.0
2024-03-13 18:49:01,498.0,24.0,0.0
2024-03-13 19:02:14,479.0,24.0,0.0
2024-03-13 19:15:32,492.0,23.8,0.0
2024-03-13 19:28:45,490.0,23.8,0.0
2024-03-13 19:41:48,491.0,23.8,0.0
2024-03-13 19:55:08,477.0,23.8,0.0
2024-03-13 20:08:17,484.0,23.5,0.0
2024-03-13 20:21:29,482.0,23.5,0.0
2024-03-13 20:34:48,489.0,23.5,0.0
2024-03-13 20:47:54,485.0,23.5,0.0
2024-03-13 21:01:00,486.0,23.5,0.0
2024-03-13 21:14:21,469.0,23.5,0.0
2024-03-13 21:27:44,476.0,23.5,0.0
2024-03-13 21:40:52,489.0,23.5,0.0
2024-03-13 21:54:01,494.0,23.5,14.0
2024-03-13 22:07:16,538.0,23.5,14.0
2024-03-13 22:20:28,514.0,23.5,6.0
2024-03-13 22:33:28,516.0,23.5,1.0
2024-03-13 22:46:39,485.0,23.5,0.0
2024-03-13 22:59:49,491.0,23.5,0.0
2024-03-13 23:13:04,478.0,23.3,0.0
2024-03-13 23:26:14,492.0,23.5,0.0
2024-03-13 23:39:30,490.0,23.5,0.0
2024-03-13 23:52:47,494.0,23.8,1.0
2024-03-14 00:06:06,489.0,23.8,1.0
2024-03-14 00:19:24,498.0,23.8,1.0
2024-03-14 00:32:28,485.0,23.8,1.0
2024-03-14 00:45:49,505.0,23.8,1.0
2024-03-14 00:59:05,501.0,23.8,1.0
2024-03-14 01:12:10,479.0,23.8,1.0
2024-03-14 01:25:23,499.0,23.8,1.0
2024-03-14 01:38:30,477.0,23.5,1.0
2024-03-14 01:51:32,489.0,23.5,1.0
2024-03-14 02:04:54,476.0,23.5,1.0
2024-03-14 02:18:05,484.0,23.5,1.0
2024-03-14 02:31:09,460.0,23.5,1.0
2024-03-14 02:44:24,477.0,23.5,1.0
2024-03-14 02:57:41,456.0,23.3,1.0
2024-03-14 03:10:58,464.0,23.3,1.0
2024-03-14 03:24:08,459.0,23.3,1.0
2024-03-14 03:37:22,469.0,23.3,1.0
2024-03-14 03:50:36,466.0,23.0,1.0
2024-03-14 04:03:45,465.0,23.0,1.0
2024-03-14 04:16:55,468.0,23.0,1.0
2024-03-14 04:29:54,451.0,23.0,3.0
2024-03-14 04:42:59,469.0,23.0,1.0
2024-03-14 04:56:09,464.0,23.0,1.0
2024-03-14 05:09:18,465.0,23.0,1.0
2024-03-14 05:22:31,456.0,23.0,1.0
2024-03-14 05:35:49,466.0,23.0,1.0
2024-03-14 05:49:12,474.0,23.0,1.0
2024-03-14 06:02:17,453.0,23.0,1.0
2024-03-14 06:15:33,460.0,23.0,1.0
2024-03-14 06:28:52,458.0,23.0,1.0
2024-03-14 06:41:59,469.0,23.0,1.0
2024-03-14 06:55:15,454.0,23.0,0.0
2024-03-14 07:08:29,472.0,23.0,1.0
2024-03-14 07:21:32,451.0,22.8,0.0
2024-03-14 07:34:39,462.0,22.8,0.0
2024-03-14 07:47:44,467.0,23.0,0.0
2024-03-14 08:00:58,450.0,23.0,0.0
2024-03-14 08:14:11,452.0,23.0,0.0
2024-03-14 08:27:25,473.0,23.0,0.0
2024-03-14 08:40:37,458.0,23.3,0.0
2024-03-14 08:53:47,453.0,23.3,0.0
2024-03-14 09:06:54,470.0,23.3,0.0
2024-03-14 09:20:02,461.0,23.3,0.0
2024-03-14 09:33:11,457.0,23.5,0.0
2024-03-14 09:46:28,454.0,23.5,0.0
2024-03-14 09:59:36,471.0,23.5,0.0
2024-03-14 10:12:54,470.0,23.5,0.0
2024-03-14 10:26:13,469.0,23.5,0.0
2024-03-14 10:39:26,493.0,23.5,0.0
2024-03-14 10:52:31,479.0,23.8,0.0
2024-03-14 11:05:39,483.0,24.0,0.0
2024-03-14 11:18:47,483.0,24.0,0.0
2024-03-14 11:32:01,507.0,24.0,0.0
2024-03-14 11:45:11,485.0,24.3,0.0
2024-03-14 11:56:38,489.0,24.3,0.0
2024-03-14 12:07:26,488.0,24.3,0.0
2024-03-14 12:18:14,545.0,24.3,0.0
2024-03-14 12:29:01,528.0,24.3,0.0
2024-03-14 12:39:48,533.0,24.3,0.0
2024-03-14 12:50:35,528.0,24.3,0.0
2024-03-14 13:01:23,517.0,24.3,0.0
2024-03-14 13:12:11,517.0,24.3,0.0
2024-03-14 13:22:59,503.0,24.3,0.0
2024-03-14 13:33:47,532.0,24.0,0.0
2024-03-14 13:44:36,528.0,24.0,0.0
2024-03-14 13:55:24,528.0,24.0,0.0
2024-03-14 14:06:12,497.0,24.0,82.0
2024-03-14 14:17:00,499.0,23.8,45.0
2024-03-14 14:27:48,496.0,23.8,0.0
2024-03-14 14:38:36,465.0,24.0,0.0
2024-03-14 14:49:24,464.0,24.0,0.0
2024-03-14 15:00:13,476.0,23.8,0.0
2024-03-14 15:11:01,495.0,23.8,0.0
2024-03-14 15:21:49,538.0,23.8,0.0
2024-03-14 15:32:37,539.0,23.8,0.0
2024-03-14 15:43:24,527.0,23.8,0.0
2024-03-14 15:54:11,519.0,23.8,0.0
2024-03-14 16:04:59,540.0,23.5,62.0
2024-03-14 16:15:47,525.0,23.5,3.0
2024-03-14 16:26:35,526.0,23.5,0.0
2024-03-14 16:37:24,512.0,23.5,0.0
2024-03-14 16:48:12,502.0,23.5,0.0
2024-03-14 16:59:00,490.0,23.5,0.0
2024-03-14 17:09:48,521.0,23.5,0.0
2024-03-14 17:20:35,525.0,23.3,0.0
2024-03-14 17:31:23,539.0,23.3,11.0
2024-03-14 17:42:12,537.0,23.3,1.0
2024-03-14 17:52:59,525.0,23.3,0.0
2024-03-14 18:03:47,520.0,23.3,0.0
2024-03-14 18:14:35,531.0,23.3,0.0
2024-03-14 18:25:23,541.0,23.3,27.0
2024-03-14 18:36:11,537.0,23.3,0.0
2024-03-14 18:46:59,537.0,23.0,0.0
2024-03-14 18:57:48,525.0,23.0,0.0
2024-03-14 19:08:36,524.0,22.8,0.0
2024-03-14 19:19:25,508.0,22.8,0.0
2024-03-14 19:30:13,492.0,22.8,0.0
2024-03-14 19:41:01,494.0,22.5,0.0
2024-03-14 19:51:48,494.0,22.5,32.0
2024-03-14 20:02:38,489.0,22.5,14.0
2024-03-14 20:13:27,479.0,22.5,0.0
2024-03-14 20:24:15,491.0,22.5,0.0
2024-03-14 20:35:02,476.0,22.5,0.0
2024-03-14 20:45:50,471.0,22.5,0.0
2024-03-14 20:56:38,484.0,22.5,0.0
2024-03-14 21:07:26,454.0,22.8,0.0
2024-03-14 21:18:14,456.0,22.8,0.0
2024-03-14 21:29:02,482.0,23.0,0.0
2024-03-14 21:39:49,467.0,23.0,0.0
2024-03-14 21:50:37,463.0,23.0,0.0
2024-03-14 22:01:25,450.0,23.0,0.0
2024-03-14 22:12:14,458.0,23.0,0.0
2024-03-14 22:23:01,463.0,23.3,0.0
2024-03-14 22:33:49,467.0,23.0,0.0
2024-03-14 22:44:36,469.0,23.3,0.0
2024-03-14 22:55:24,459.0,23.3,0.0
2024-03-14 23:06:12,471.0,23.3,0.0
2024-03-14 23:16:59,484.0,23.3,0.0
2024-03-14 23:27:47,491.0,23.3,0.0
2024-03-14 23:38:36,491.0,23.5,0.0
2024-03-14 23:49:24,479.0,23.5,0.0
2024-03-15 00:00:14,498.0,23.5,0.0
2024-03-15 00:11:03,490.0,23.5,0.0
2024-03-15 00:21:51,490.0,23.5,0.0
2024-03-15 00:32:39,498.0,23.5,0.0
2024-03-15 00:43:27,506.0,23.5,0.0
2024-03-15 00:54:15,496.0,23.5,0.0
2024-03-15 01:05:02,512.0,23.5,0.0
2024-03-15 01:15:50,493.0,23.5,0.0
2024-03-15 01:26:38,492.0,23.5,0.0
2024-03-15 01:37:27,478.0,23.5,0.0
2024-03-15 01:48:15,479.0,23.5,0.0
2024-03-15 01:59:03,491.0,23.5,0.0
2024-03-15 02:09:51,491.0,23.5,0.0
2024-03-15 02:20:38,502.0,23.5,0.0
2024-03-15 02:31:26,498.0,23.5,0.0
2024-03-15 02:42:14,493.0,23.3,0.0
2024-03-15 02:53:01,485.0,23.3,0.0
2024-03-15 03:03:49,492.0,23.3,0.0
2024-03-15 03:14:38,466.0,23.3,0.0
2024-03-15 03:25:25,474.0,23.3,0.0
2024-03-15 03:36:14,475.0,23.3,0.0
2024-03-15 03:47:02,478.0,23.0,0.0
2024-03-15 03:57:50,477.0,23.0,0.0
2024-03-15 04:08:38,471.0,23.0,0.0
2024-03-15 04:19:26,462.0,23.0,0.0
2024-03-15 04:30:14,456.0,23.0,0.0
2024-03-15 04:41:02,458.0,23.0,0.0
2024-03-15 04:51:49,462.0,23.0,0.0
2024-03-15 05:02:37,467.0,22.8,0.0
2024-03-15 05:13:26,464.0,22.8,0.0
2024-03-15 05:24:14,472.0,22.8,0.0
2024-03-15 05:35:01,472.0,22.8,0.0
2024-03-15 05:45:49,464.0,22.8,0.0
2024-03-15 05:56:37,470.0,22.8,0.0
2024-03-15 06:07:25,472.0,22.8,0.0
2024-03-15 06:18:13,465.0,22.5,0.0
2024-03-15 06:29:01,461.0,22.5,0.0
2024-03-15 06:39:48,474.0,22.5,0.0
2024-03-15 06:50:37,468.0,22.5,0.0
2024-03-15 07:01:24,472.0,22.5,0.0
2024-03-15 07:12:13,472.0,22.5,0.0
2024-03-15 07:23:00,459.0,22.3,0.0
2024-03-15 07:33:49,456.0,22.5,0.0
2024-03-15 07:44:37,455.0,22.8,0.0
2024-03-15 07:55:25,454.0,23.3,0.0
2024-03-15 08:06:12,460.0,23.3,0.0
2024-03-15 08:17:00,475.0,23.3,0.0
2024-03-15 08:27:48,479.0,23.3,0.0
2024-03-15 08:38:35,459.0,23.5,0.0
2024-03-15 08:49:23,469.0,23.3,0.0
2024-03-15 09:00:13,469.0,23.3,0.0
2024-03-15 09:11:01,481.0,23.3,0.0
2024-03-15 09:21:49,485.0,23.3,0.0
2024-03-15 09:32:38,479.0,23.3,0.0
2024-03-15 09:43:25,476.0,23.3,12.0
2024-03-15 09:54:13,476.0,23.3,85.0
2024-03-15 10:05:01,510.0,23.3,60.0
2024-03-15 10:15:48,499.0,23.3,0.0
2024-03-15 10:26:36,523.0,23.5,0.0
2024-03-15 10:37:24,511.0,23.5,0.0
2024-03-15 10:48:12,496.0,23.8,0.0
2024-03-15 10:59:00,519.0,23.8,0.0
2024-03-15 11:09:48,527.0,24.0,3.0
2024-03-15 11:20:36,512.0,24.3,14.0
2024-03-15 11:31:25,543.0,24.3,34.0
2024-03-15 11:42:13,541.0,24.3,42.0
2024-03-15 11:53:01,552.0,24.5,62.0
2024-03-15 12:03:49,557.0,24.5,35.0
2024-03-15 12:14:36,532.0,24.5,24.0
2024-03-15 12:25:24,513.0,24.5,3.0
2024-03-15 12:36:12,508.0,24.3,0.0
2024-03-15 12:47:00,527.0,24.3,0.0
2024-03-15 12:57:48,540.0,24.3,0.0
2024-03-15 13:08:37,524.0,24.0,0.0
2024-03-15 13:19:25,523.0,24.0,0.0
2024-03-15 13:30:13,522.0,23.8,11.0
2024-03-15 13:41:00,512.0,23.8,0.0
2024-03-15 13:51:49,512.0,23.8,1.0
2024-03-15 14:02:37,487.0,23.8,0.0
2024-03-15 14:13:26,485.0,24.0,0.0
2024-03-15 14:24:14,471.0,24.0,0.0
2024-03-15 14:35:02,444.0,24.3,0.0
2024-03-15 14:45:50,444.0,24.5,0.0
2024-03-15 14:56:38,462.0,24.5,0.0
2024-03-15 15:07:27,447.0,24.5,0.0
2024-03-15 15:18:15,446.0,24.8,0.0
2024-03-15 15:29:03,457.0,25.0,0.0
2024-03-15 15:39:51,452.0,25.0,0.0
2024-03-15 15:50:39,454.0,25.0,0.0
2024-03-15 16:01:26,445.0,25.3,0.0
2024-03-15 16:12:15,455.0,25.3,0.0
2024-03-15 16:23:03,484.0,25.3,0.0
2024-03-15 16:33:51,447.0,25.0,0.0
2024-03-15 16:44:39,452.0,25.0,0.0
2024-03-15 16:55:26,447.0,24.8,0.0
2024-03-15 17:06:14,453.0,24.5,0.0
2024-03-15 17:17:02,450.0,24.5,0.0
2024-03-15 17:27:49,449.0,24.5,0.0
2024-03-15 17:38:37,448.0,24.5,0.0
2024-03-15 17:49:25,454.0,24.3,0.0
2024-03-15 18:00:14,469.0,24.3,0.0
2024-03-15 18:11:03,454.0,24.0,0.0
2024-03-15 18:21:51,457.0,24.0,0.0
2024-03-15 18:32:39,461.0,23.8,0.0
2024-03-15 18:43:27,444.0,23.8,0.0
2024-03-15 18:54:15,443.0,23.5,0.0
2024-03-15 19:05:03,443.0,23.3,0.0
2024-03-15 19:15:50,431.0,23.0,0.0
2024-03-15 19:26:39,463.0,23.0,0.0
2024-03-15 19:37:27,471.0,22.8,0.0
2024-03-15 19:48:15,456.0,22.8,0.0
2024-03-15 19:59:03,462.0,22.5,0.0
2024-03-15 20:09:52,462.0,22.5,0.0
2024-03-15 20:20:40,470.0,22.3,0.0
2024-03-15 20:31:28,458.0,22.3,0.0
2024-03-15 20:42:17,472.0,22.3,0.0
2024-03-15 20:53:04,467.0,22.0,0.0
2024-03-15 21:03:52,475.0,22.0,0.0
2024-03-15 21:14:40,469.0,22.0,0.0
2024-03-15 21:25:27,482.0,22.3,0.0
2024-03-15 21:36:15,476.0,22.3,0.0
2024-03-15 21:47:02,481.0,22.3,0.0
2024-03-15 21:57:50,467.0,22.5,0.0
2024-03-15 22:08:38,466.0,22.5,0.0
2024-03-15 22:19:26,459.0,22.5,0.0
2024-03-15 22:30:15,455.0,22.8,0.0
2024-03-15 22:41:02,471.0,22.8,0.0
2024-03-15 22:51:50,467.0,22.8,0.0
2024-03-15 23:02:38,460.0,22.8,0.0
2024-03-15 23:13:25,462.0,23.0,0.0
2024-03-15 23:24:13,456.0,23.3,0.0
2024-03-15 23:35:01,459.0,23.3,0.0
2024-03-15 23:45:49,458.0,23.3,0.0
2024-03-15 23:56:38,455.0,23.3,0.0
2024-03-16 00:07:25,451.0,23.3,0.0
2024-03-16 00:18:14,463.0,23.3,0.0
2024-03-16 00:29:02,452.0,23.3,0.0
2024-03-16 00:39:50,460.0,23.3,0.0
2024-03-16 00:50:38,455.0,23.3,0.0
2024-03-16 01:01:26,460.0,23.3,0.0
2024-03-16 01:12:14,469.0,23.3,0.0
2024-03-16 01:23:02,454.0,23.3,0.0
2024-03-16 01:33:50,459.0,23.3,0.0
2024-03-16 01:44:37,452.0,23.3,0.0
2024-03-16 01:55:25,462.0,23.3,0.0
2024-03-16 02:06:12,447.0,23.3,0.0
2024-03-16 02:17:01,461.0,23.3,0.0
2024-03-16 02:27:49,464.0,23.3,0.0
2024-03-16 02:38:37,456.0,23.3,0.0
2024-03-16 02:49:24,438.0,23.3,0.0
2024-03-16 03:00:13,451.0,23.3,0.0
2024-03-16 03:11:01,457.0,23.3,0.0
2024-03-16 03:21:49,455.0,23.3,0.0
2024-03-16 03:32:37,456.0,23.3,0.0
2024-03-16 03:43:24,446.0,23.3,0.0
2024-03-16 03:54:13,465.0,23.3,0.0
2024-03-16 04:05:01,459.0,23.3,0.0
2024-03-16 04:15:48,474.0,23.3,0.0
2024-03-16 04:26:37,459.0,23.3,0.0
2024-03-16 04:37:24,465.0,23.3,0.0
2024-03-16 04:48:13,460.0,23.3,0.0
2024-03-16 04:59:00,454.0,23.3,0.0
2024-03-16 05:09:48,460.0,23.3,0.0
2024-03-16 05:20:35,459.0,23.3,0.0
2024-03-16 05:31:24,457.0,23.3,0.0
2024-03-16 05:42:12,457.0,23.3,0.0
2024-03-16 05:53:00,452.0,23.0,0.0
2024-03-16 06:03:47,454.0,23.0,0.0
2024-03-16 06:14:35,453.0,23.0,0.0
2024-03-16 06:25:23,454.0,23.3,0.0
2024-03-16 06:36:11,443.0,23.5,0.0
2024-03-16 06:47:01,457.0,23.3,0.0
2024-03-16 06:57:49,464.0,23.3,0.0
2024-03-16 07:08:37,472.0,23.3,0.0
2024-03-16 07:19:26,455.0,23.3,0.0
2024-03-16 07:30:14,456.0,23.0,0.0
2024-03-16 07:41:02,457.0,23.0,0.0
2024-03-16 07:51:50,468.0,23.3,0.0
2024-03-16 08:02:38,481.0,23.3,0.0
2024-03-16 08:13:27,469.0,23.3,0.0
2024-03-16 08:24:15,462.0,23.5,0.0
2024-03-16 08:35:03,463.0,23.5,0.0
2024-03-16 08:45:50,458.0,23.5,0.0
2024-03-16 08:56:39,463.0,23.3,0.0
2024-03-16 09:07:27,460.0,23.3,0.0
2024-03-16 09:18:15,468.0,23.0,0.0
2024-03-16 09:29:03,469.0,23.0,0.0
2024-03-16 09:39:51,484.0,23.0,0.0
2024-03-16 09:50:39,478.0,23.3,0.0
2024-03-16 10:01:26,488.0,23.3,0.0
2024-03-16 10:12:14,481.0,23.5,0.0
2024-03-16 10:23:02,476.0,23.8,0.0
2024-03-16 10:33:50,477.0,23.8,0.0
2024-03-16 10:44:38,490.0,24.0,0.0
2024-03-16 10:55:26,464.0,24.5,0.0
2024-03-16 11:06:15,470.0,24.5,0.0
2024-03-16 11:17:03,477.0,24.8,0.0
2024-03-16 11:27:51,449.0,24.5,0.0
2024-03-16 11:38:39,443.0,24.3,0.0
2024-03-16 11:49:26,445.0,24.3,0.0
2024-03-16 12:00:15,435.0,24.3,0.0
2024-03-16 12:11:03,446.0,24.3,0.0
2024-03-16 12:21:50,459.0,24.0,0.0
2024-03-16 12:32:38,458.0,24.0,0.0
2024-03-16 12:43:26,470.0,24.0,0.0
2024-03-16 12:54:13,479.0,24.0,0.0
2024-03-16 13:05:01,475.0,24.0,0.0
2024-03-16 13:15:49,470.0,24.0,0.0
2024-03-16 13:26:37,455.0,24.0,0.0
2024-03-16 13:37:24,439.0,24.0,0.0
2024-03-16 13:48:12,434.0,24.3,0.0
2024-03-16 13:59:00,435.0,24.3,0.0
2024-03-16 14:09:49,447.0,24.3,0.0
2024-03-16 14:20:36,435.0,24.5,0.0
2024-03-16 14:31:24,433.0,24.5,0.0
2024-03-16 14:42:12,434.0,24.5,0.0
2024-03-16 14:53:00,433.0,24.5,0.0
2024-03-16 15:03:49,440.0,24.5,0.0
2024-03-16 15:14:37,423.0,24.5,0.0
2024-03-16 15:25:25,442.0,24.5,0.0
2024-03-16 15:36:12,427.0,24.8,0.0
2024-03-16 15:47:01,438.0,24.8,0.0
2024-03-16 15:57:49,428.0,24.8,0.0
2024-03-16 16:08:37,435.0,24.5,0.0
2024-03-16 16:19:25,429.0,24.5,0.0
2024-03-16 16:30:13,433.0,24.5,0.0
2024-03-16 16:41:00,426.0,24.8,0.0
2024-03-16 16:51:48,438.0,24.8,0.0
2024-03-16 17:02:36,436.0,24.8,0.0
2024-03-16 17:13:25,437.0,24.8,0.0
2024-03-16 17:24:12,428.0,24.5,0.0
2024-03-16 17:35:01,432.0,24.5,0.0
2024-03-16 17:45:49,433.0,24.5,0.0
2024-03-16 17:56:37,440.0,24.5,0.0
2024-03-16 18:07:25,428.0,24.3,0.0
2024-03-16 18:18:12,434.0,24.3,0.0
2024-03-16 18:29:00,443.0,24.3,0.0
2024-03-16 18:39:47,427.0,24.3,0.0
2024-03-16 18:50:35,440.0,24.3,0.0
2024-03-16 19:01:23,435.0,24.3,0.0
2024-03-16 19:12:11,425.0,24.0,0.0
2024-03-16 19:22:59,449.0,24.0,0.0
2024-03-16 19:33:47,457.0,24.0,6.0
2024-03-16 19:44:35,456.0,24.0,0.0
2024-03-16 19:55:23,457.0,23.8,0.0
2024-03-16 20:06:11,437.0,23.8,0.0
2024-03-16 20:16:59,443.0,23.5,0.0
2024-03-16 20:27:47,434.0,23.5,0.0
2024-03-16 20:38:35,438.0,23.5,0.0
2024-03-16 20:49:23,438.0,23.5,0.0
2024-03-16 21:00:13,437.0,23.3,0.0
2024-03-16 21:11:01,442.0,23.3,0.0
2024-03-16 21:21:48,444.0,23.3,0.0
2024-03-16 21:32:36,454.0,23.0,0.0
2024-03-16 21:43:24,449.0,23.0,0.0
2024-03-16 21:54:12,459.0,22.8,0.0
2024-03-16 22:04:59,462.0,22.8,0.0
2024-03-16 22:15:47,444.0,22.8,0.0
2024-03-16 22:26:35,465.0,22.5,0.0
2024-03-16 22:37:23,450.0,22.5,0.0
2024-03-16 22:48:11,434.0,22.5,0.0
2024-03-16 22:58:59,453.0,22.3,0.0
2024-03-16 23:09:47,448.0,22.3,0.0
2024-03-16 23:20:35,436.0,22.5,0.0
2024-03-16 23:31:22,444.0,22.8,0.0
2024-03-16 23:42:11,447.0,22.8,0.0
2024-03-16 23:52:58,456.0,23.0,0.0
2024-03-17 00:03:46,448.0,23.0,0.0
2024-03-17 00:14:34,452.0,23.0,6.0
2024-03-17 00:25:21,455.0,23.0,0.0
2024-03-17 00:36:09,459.0,23.3,0.0
2024-03-17 00:46:57,454.0,23.3,0.0
2024-03-17 00:57:45,448.0,23.3,0.0
2024-03-17 01:08:33,469.0,23.3,0.0
2024-03-17 01:19:21,453.0,23.3,0.0
2024-03-17 01:30:09,444.0,23.0,0.0
2024-03-17 01:40:56,466.0,23.0,11.0
2024-03-17 01:51:44,460.0,23.0,3.0
2024-03-17 02:02:32,455.0,23.0,0.0
2024-03-17 02:13:20,455.0,23.0,0.0
2024-03-17 02:24:08,452.0,23.0,21.0
2024-03-17 02:34:56,469.0,23.0,34.0
2024-03-17 02:45:44,463.0,22.8,3.0
2024-03-17 02:56:32,470.0,22.8,6.0
2024-03-17 03:07:19,445.0,22.8,27.0
2024-03-17 03:18:07,469.0,22.8,24.0
2024-03-17 03:28:55,468.0,22.8,14.0
2024-03-17 03:39:44,455.0,22.8,11.0
2024-03-17 03:50:31,468.0,22.8,6.0
2024-03-17 04:01:20,465.0,22.8,6.0
2024-03-17 04:12:08,464.0,22.8,6.0
2024-03-17 04:22:56,456.0,22.8,3.0
2024-03-17 04:33:44,449.0,22.8,3.0
2024-03-17 04:44:32,464.0,22.8,1.0
2024-03-17 04:55:20,448.0,22.8,0.0
2024-03-17 05:06:08,459.0,22.8,0.0
2024-03-17 05:16:56,460.0,22.8,0.0
2024-03-17 05:27:44,450.0,22.5,0.0
2024-03-17 05:38:32,452.0,22.5,0.0
2024-03-17 05:49:20,447.0,22.5,0.0
2024-03-17 06:00:10,445.0,22.5,0.0
2024-03-17 06:10:57,448.0,22.5,0.0
2024-03-17 06:21:45,441.0,22.5,0.0
2024-03-17 06:32:33,449.0,22.5,0.0
2024-03-17 06:43:21,453.0,22.5,1.0
2024-03-17 06:54:09,442.0,22.5,0.0
2024-03-17 07:04:57,459.0,22.5,0.0
2024-03-17 07:15:45,434.0,22.3,0.0
2024-03-17 07:26:33,451.0,22.3,0.0
2024-03-17 07:37:21,434.0,22.5,0.0
2024-03-17 07:48:09,430.0,22.5,0.0
2024-03-17 07:58:56,450.0,22.8,0.0
2024-03-17 08:09:44,427.0,22.8,0.0
2024-03-17 08:20:32,432.0,22.8,0.0
2024-03-17 08:31:19,438.0,22.8,0.0
2024-03-17 08:42:07,432.0,22.8,0.0
2024-03-17 08:52:55,433.0,23.0,0.0
2024-03-17 09:03:43,431.0,23.0,0.0
2024-03-17 09:14:31,448.0,23.0,0.0
2024-03-17 09:25:20,439.0,23.0,0.0
2024-03-17 09:36:08,448.0,23.3,0.0
2024-03-17 09:46:56,440.0,23.3,0.0
2024-03-17 09:57:44,445.0,23.3,0.0
2024-03-17 10:08:32,456.0,23.3,0.0
2024-03-17 10:19:20,468.0,23.5,0.0
2024-03-17 10:30:08,466.0,23.5,0.0
2024-03-17 10:40:56,466.0,23.8,0.0
2024-03-17 10:51:44,472.0,24.0,0.0
2024-03-17 11:02:32,456.0,24.3,0.0
2024-03-17 11:13:19,446.0,24.5,0.0
2024-03-17 11:24:08,442.0,24.8,0.0
2024-03-17 11:34:55,442.0,24.8,0.0
2024-03-17 11:45:43,426.0,24.5,0.0
2024-03-17 11:56:30,443.0,24.3,0.0
2024-03-17 12:07:18,433.0,24.3,0.0
2024-03-17 12:18:06,439.0,24.3,0.0
2024-03-17 12:28:54,420.0,24.3,0.0
2024-03-17 12:39:42,421.0,24.3,0.0
2024-03-17 12:50:30,423.0,24.3,0.0
2024-03-17 13:01:18,426.0,24.5,0.0
2024-03-17 13:12:05,436.0,24.5,0.0
2024-03-17 13:22:53,421.0,24.5,0.0
2024-03-17 13:33:41,415.0,24.8,0.0
2024-03-17 13:44:29,427.0,24.5,0.0
2024-03-17 13:55:17,421.0,24.5,0.0
2024-03-17 14:06:06,415.0,24.5,0.0
2024-03-17 14:16:53,431.0,24.8,0.0
2024-03-17 14:27:41,429.0,25.0,0.0
2024-03-17 14:38:29,413.0,25.0,0.0
2024-03-17 14:49:17,433.0,25.3,0.0
2024-03-17 15:00:06,414.0,25.3,0.0
2024-03-17 15:10:54,419.0,25.3,0.0
2024-03-17 15:21:42,425.0,25.3,0.0
2024-03-17 15:32:30,440.0,25.3,0.0
2024-03-17 15:43:17,428.0,25.3,0.0
2024-03-17 15:54:05,427.0,25.3,0.0
2024-03-17 16:04:52,437.0,25.3,0.0
2024-03-17 16:15:41,425.0,25.3,0.0
2024-03-17 16:26:28,427.0,25.3,0.0
2024-03-17 16:37:17,421.0,25.3,0.0
2024-03-17 16:48:05,422.0,25.3,0.0
2024-03-17 16:58:53,424.0,25.0,0.0
2024-03-17 17:09:42,421.0,25.0,0.0
2024-03-17 17:20:30,425.0,25.0,0.0
2024-03-17 17:31:18,419.0,25.0,0.0
2024-03-17 17:42:06,436.0,25.0,0.0
2024-03-17 17:52:54,415.0,25.0,0.0
2024-03-17 18:03:42,432.0,25.0,0.0
2024-03-17 18:14:29,431.0,24.8,0.0
2024-03-17 18:25:17,441.0,24.8,0.0
2024-03-17 18:36:06,424.0,24.5,0.0
2024-03-17 18:46:54,436.0,24.3,0.0
2024-03-17 18:57:42,438.0,24.0,0.0
2024-03-17 19:08:30,434.0,23.8,0.0
2024-03-17 19:19:18,430.0,23.8,0.0
2024-03-17 19:30:07,442.0,23.5,0.0
2024-03-17 19:40:54,430.0,23.5,0.0
2024-03-17 19:51:42,439.0,23.5,0.0
2024-03-17 20:02:31,434.0,23.5,0.0
2024-03-17 20:13:19,437.0,23.3,0.0
2024-03-17 20:24:07,439.0,23.3,0.0
2024-03-17 20:34:55,440.0,23.3,0.0
2024-03-17 20:45:43,450.0,23.0,0.0
2024-03-17 20:56:30,449.0,23.0,0.0
2024-03-17 21:07:18,459.0,22.8,0.0
2024-03-17 21:18:06,468.0,22.8,0.0
2024-03-17 21:28:54,464.0,22.8,0.0
2024-03-17 21:39:41,455.0,22.8,0.0
2024-03-17 21:50:29,455.0,22.8,0.0
2024-03-17 22:01:18,462.0,22.8,0.0
2024-03-17 22:12:06,454.0,22.8,0.0
2024-03-17 22:22:54,460.0,22.5,0.0
2024-03-17 22:33:42,464.0,22.5,0.0
2024-03-17 22:44:29,467.0,22.5,0.0
2024-03-17 22:55:17,463.0,22.5,0.0
2024-03-17 23:06:05,474.0,22.5,0.0
2024-03-17 23:16:53,475.0,22.8,0.0
2024-03-17 23:27:40,475.0,22.8,0.0
2024-03-17 23:38:28,478.0,23.0,0.0
2024-03-17 23:49:15,482.0,23.3,0.0
2024-03-18 00:00:04,492.0,23.3,0.0
2024-03-18 00:10:51,459.0,23.3,0.0
2024-03-18 00:21:39,477.0,23.3,0.0
2024-03-18 00:32:28,478.0,23.5,0.0
2024-03-18 00:43:16,465.0,23.5,0.0
2024-03-18 00:54:04,474.0,23.5,0.0
2024-03-18 01:04:52,460.0,23.5,0.0
2024-03-18 01:15:40,462.0,23.5,0.0
2024-03-18 01:26:28,461.0,23.5,0.0
2024-03-18 01:37:17,461.0,23.3,0.0
2024-03-18 01:48:05,469.0,23.3,0.0
2024-03-18 01:58:52,467.0,23.3,0.0
2024-03-18 02:09:40,466.0,23.3,0.0
2024-03-18 02:20:28,441.0,23.0,0.0
2024-03-18 02:31:17,465.0,23.0,0.0
2024-03-18 02:42:05,455.0,23.0,0.0
2024-03-18 02:52:53,468.0,23.0,0.0
2024-03-18 03:03:41,458.0,23.0,0.0
2024-03-18 03:14:29,456.0,23.0,0.0
2024-03-18 03:25:17,450.0,22.8,0.0
2024-03-18 03:36:06,451.0,22.8,0.0
2024-03-18 03:46:54,473.0,22.8,0.0
2024-03-18 03:57:42,461.0,22.8,0.0
2024-03-18 04:08:30,454.0,22.8,0.0
2024-03-18 04:19:18,455.0,22.8,0.0
2024-03-18 04:30:06,455.0,22.8,0.0
2024-03-18 04:40:54,451.0,22.8,0.0
2024-03-18 04:51:43,455.0,22.8,0.0
2024-03-18 05:02:30,451.0,22.8,0.0
2024-03-18 05:13:18,441.0,22.5,0.0
2024-03-18 05:24:06,459.0,22.5,0.0
2024-03-18 05:34:54,452.0,22.5,0.0
2024-03-18 05:45:42,463.0,22.5,0.0
2024-03-18 05:56:30,463.0,22.5,0.0
2024-03-18 06:07:17,443.0,22.5,0.0
2024-03-18 06:18:05,448.0,22.5,0.0
2024-03-18 06:28:53,456.0,22.5,0.0
2024-03-18 06:39:40,452.0,22.5,0.0
2024-03-18 06:50:29,458.0,22.5,0.0
2024-03-18 07:01:17,454.0,22.5,0.0
2024-03-18 07:12:06,478.0,22.5,0.0
2024-03-18 07:22:53,457.0,22.5,0.0
2024-03-18 07:33:42,458.0,22.5,0.0
2024-03-18 07:44:30,448.0,22.8,0.0
2024-03-18 07:55:17,457.0,22.8,0.0
2024-03-18 08:06:05,468.0,22.8,0.0
2024-03-18 08:16:53,474.0,22.8,0.0
2024-03-18 08:27:40,483.0,23.0,0.0
2024-03-18 08:38:29,473.0,23.0,0.0
2024-03-18 08:49:16,473.0,23.0,0.0
2024-03-18 09:00:06,480.0,23.0,0.0
2024-03-18 09:10:54,487.0,23.0,0.0
2024-03-18 09:21:43,474.0,23.0,0.0
2024-03-18 09:32:31,480.0,23.0,0.0
2024-03-18 09:43:18,524.0,23.3,0.0
2024-03-18 09:54:06,522.0,23.3,0.0
2024-03-18 10:04:54,536.0,23.3,1.0
2024-03-18 10:15:42,574.0,23.8,0.0
2024-03-18 10:26:30,572.0,24.0,19.0
2024-03-18 10:37:18,582.0,24.3,16.0
2024-03-18 10:48:06,605.0,24.5,21.0
2024-03-18 10:58:54,587.0,24.8,11.0
2024-03-18 11:09:42,550.0,24.8,0.0
2024-03-18 11:20:30,517.0,24.5,0.0
2024-03-18 11:31:19,534.0,24.3,0.0
2024-03-18 11:42:07,500.0,24.0,0.0
2024-03-18 11:52:55,510.0,24.0,0.0
2024-03-18 12:03:42,506.0,24.0,0.0
2024-03-18 12:14:30,496.0,24.0,0.0
2024-03-18 12:25:18,501.0,24.0,0.0
2024-03-18 12:36:06,489.0,24.5,0.0
2024-03-18 12:46:54,490.0,24.8,0.0
2024-03-18 12:57:42,462.0,24.8,0.0
2024-03-18 13:08:30,468.0,25.0,0.0
2024-03-18 13:19:18,459.0,25.3,0.0
2024-03-18 13:30:07,462.0,25.3,0.0
2024-03-18 13:40:54,456.0,25.3,0.0
2024-03-18 13:51:43,462.0,25.3,0.0
2024-03-18 14:02:30,467.0,25.5,0.0
2024-03-18 14:13:18,457.0,25.8,0.0
2024-03-18 14:24:06,463.0,25.8,0.0
2024-03-18 14:34:54,494.0,25.8,0.0
2024-03-18 14:45:42,464.0,26.0,0.0
2024-03-18 14:56:30,476.0,26.3,0.0
2024-03-18 15:07:18,469.0,26.3,0.0
2024-03-18 15:18:06,455.0,26.3,0.0
2024-03-18 15:28:54,476.0,26.0,0.0
2024-03-18 15:39:42,474.0,26.0,104.0
2024-03-18 15:50:30,468.0,26.0,14.0
2024-03-18 16:01:18,466.0,26.0,0.0
2024-03-18 16:12:05,471.0,26.0,0.0
2024-03-18 16:22:53,480.0,26.0,87.0
2024-03-18 16:33:42,468.0,26.0,27.0
2024-03-18 16:44:29,488.0,26.0,0.0
2024-03-18 16:55:17,464.0,26.0,0.0
2024-03-18 17:06:06,482.0,26.0,0.0
2024-03-18 17:16:54,474.0,26.0,0.0
2024-03-18 17:27:43,474.0,26.0,0.0
2024-03-18 17:38:31,474.0,25.8,0.0
2024-03-18 17:49:19,479.0,25.8,0.0
2024-03-18 18:00:08,478.0,25.8,0.0
2024-03-18 18:10:57,474.0,25.8,0.0
2024-03-18 18:21:46,474.0,25.8,0.0
2024-03-18 18:32:35,454.0,25.8,0.0
2024-03-18 18:43:23,466.0,25.5,0.0
2024-03-18 18:54:11,493.0,25.5,0.0
2024-03-18 19:04:59,496.0,25.5,0.0
2024-03-18 19:15:48,501.0,25.3,0.0
2024-03-18 19:26:37,480.0,25.3,0.0
2024-03-18 19:37:25,472.0,25.0,0.0
2024-03-18 19:48:13,452.0,25.0,0.0
2024-03-18 19:59:01,475.0,24.8,0.0
2024-03-18 20:09:50,447.0,24.8,0.0
2024-03-18 20:20:38,462.0,24.5,0.0
2024-03-18 20:31:26,458.0,24.5,0.0
2024-03-18 20:42:14,434.0,24.5,0.0
2024-03-18 20:53:02,456.0,24.3,0.0
2024-03-18 21:03:50,442.0,24.3,0.0
2024-03-18 21:14:38,442.0,24.3,0.0
2024-03-18 21:25:26,464.0,24.0,0.0
2024-03-18 21:36:16,449.0,23.8,0.0
2024-03-18 21:47:05,448.0,23.8,0.0
2024-03-18 21:57:54,446.0,23.8,0.0
2024-03-18 22:08:42,438.0,23.5,0.0
2024-03-18 22:19:31,443.0,23.5,0.0
2024-03-18 22:30:20,448.0,23.5,0.0
2024-03-18 22:41:08,455.0,23.3,0.0
2024-03-18 22:51:56,455.0,23.3,0.0
2024-03-18 23:02:44,443.0,23.3,0.0
2024-03-18 23:13:32,443.0,23.0,0.0
2024-03-18 23:24:21,443.0,23.3,0.0
2024-03-18 23:35:09,455.0,23.5,0.0
2024-03-18 23:45:57,447.0,23.8,0.0
2024-03-18 23:56:46,458.0,23.8,0.0
2024-03-19 00:07:34,456.0,23.8,0.0
2024-03-19 00:18:23,457.0,24.0,0.0
2024-03-19 00:29:11,465.0,24.0,0.0
2024-03-19 00:40:01,442.0,24.0,0.0
2024-03-19 00:50:50,447.0,24.0,0.0
2024-03-19 01:01:38,447.0,24.0,0.0
2024-03-19 01:12:26,446.0,24.0,0.0
2024-03-19 01:23:14,475.0,24.0,0.0
2024-03-19 01:34:02,454.0,24.0,0.0
2024-03-19 01:44:50,446.0,24.0,0.0
2024-03-19 01:55:38,462.0,24.0,0.0
2024-03-19 02:06:27,444.0,24.0,0.0
2024-03-19 02:17:15,457.0,24.0,0.0
2024-03-19 02:28:03,439.0,24.0,0.0
2024-03-19 02:38:50,430.0,24.0,0.0
2024-03-19 02:49:38,443.0,24.0,0.0
2024-03-19 03:00:29,440.0,24.0,0.0
2024-03-19 03:11:17,445.0,24.0,0.0
2024-03-19 03:22:05,450.0,24.0,2.0
2024-03-19 03:32:53,443.0,24.0,1.0
2024-03-19 03:43:41,439.0,24.0,3.0
2024-03-19 03:54:30,443.0,24.0,3.0
2024-03-19 04:05:18,446.0,24.0,1.0
2024-03-19 04:16:06,446.0,23.8,3.0
2024-03-19 04:26:53,437.0,24.0,9.0
2024-03-19 04:37:41,446.0,23.8,6.0
2024-03-19 04:48:29,446.0,24.0,0.0
2024-03-19 04:59:17,433.0,23.8,3.0
2024-03-19 05:10:06,442.0,23.8,0.0
2024-03-19 05:20:53,450.0,24.0,3.0
2024-03-19 05:31:43,437.0,24.0,1.0
2024-03-19 05:42:32,446.0,24.0,1.0
2024-03-19 05:53:20,442.0,24.0,3.0
2024-03-19 06:04:09,428.0,24.0,3.0
2024-03-19 06:14:56,442.0,24.0,6.0
2024-03-19 06:25:44,450.0,24.0,3.0
2024-03-19 06:36:32,459.0,24.3,9.0
2024-03-19 06:47:19,446.0,24.3,11.0
2024-03-19 06:58:08,433.0,24.3,6.0
2024-03-19 07:08:56,445.0,24.3,14.0
2024-03-19 07:19:45,454.0,23.8,6.0
2024-03-19 07:30:33,470.0,23.8,0.0
2024-03-19 07:41:21,480.0,23.5,0.0
2024-03-19 07:52:09,473.0,23.5,0.0
2024-03-19 08:02:57,449.0,23.5,0.0
2024-03-19 08:13:45,461.0,23.5,0.0
2024-03-19 08:24:32,450.0,23.5,0.0
2024-03-19 08:35:20,445.0,23.5,0.0
2024-03-19 08:46:08,459.0,23.5,0.0
2024-03-19 08:56:56,441.0,23.5,0.0
2024-03-19 09:07:44,443.0,23.5,0.0
2024-03-19 09:18:32,450.0,23.5,0.0
2024-03-19 09:29:20,441.0,23.5,0.0
2024-03-19 09:40:09,433.0,23.5,0.0
2024-03-19 09:50:56,459.0,23.8,0.0
2024-03-19 10:01:45,454.0,23.8,0.0
2024-03-19 10:12:33,466.0,23.8,0.0
2024-03-19 10:23:20,463.0,23.8,0.0
2024-03-19 10:34:08,462.0,23.5,0.0
2024-03-19 10:44:56,466.0,23.5,0.0
2024-03-19 10:55:43,469.0,23.5,0.0
2024-03-19 11:06:31,462.0,23.5,0.0
2024-03-19 11:17:19,458.0,23.8,0.0
2024-03-19 11:28:08,457.0,23.8,0.0
2024-03-19 11:38:56,446.0,24.0,0.0
2024-03-19 11:49:45,457.0,24.3,0.0
2024-03-19 12:00:34,460.0,24.3,0.0
2024-03-19 12:11:22,461.0,24.3,0.0
2024-03-19 12:22:10,458.0,24.3,0.0
2024-03-19 12:32:58,442.0,24.5,103.0
2024-03-19 12:43:46,451.0,24.8,0.0
2024-03-19 12:54:34,454.0,25.0,0.0
2024-03-19 13:05:22,438.0,25.3,0.0
2024-03-19 13:16:09,452.0,25.0,0.0
2024-03-19 13:26:57,466.0,25.0,0.0
2024-03-19 13:37:45,454.0,24.8,0.0
2024-03-19 13:48:32,454.0,24.8,0.0
2024-03-19 13:59:20,443.0,24.5,0.0
2024-03-19 14:10:09,452.0,24.5,0.0
2024-03-19 14:20:56,452.0,24.3,0.0
2024-03-19 14:31:44,451.0,24.3,0.0
2024-03-19 14:42:32,446.0,24.0,0.0
2024-03-19 14:53:21,467.0,24.0,0.0
2024-03-19 15:04:09,447.0,24.0,0.0
2024-03-19 15:14:56,458.0,24.0,0.0
2024-03-19 15:25:45,447.0,24.0,0.0
2024-03-19 15:36:32,448.0,24.0,0.0
2024-03-19 15:47:21,440.0,24.0,0.0
2024-03-19 15:58:09,460.0,23.8,0.0
2024-03-19 16:08:56,452.0,23.8,3.0
2024-03-19 16:19:44,472.0,23.8,0.0
2024-03-19 16:30:33,464.0,23.5,0.0
2024-03-19 16:41:21,458.0,23.3,0.0
2024-03-19 16:52:09,490.0,23.3,0.0
2024-03-19 17:02:57,501.0,23.3,0.0
2024-03-19 17:13:45,530.0,23.3,0.0
2024-03-19 17:24:33,550.0,23.3,0.0
2024-03-19 17:35:20,549.0,23.3,0.0
2024-03-19 17:46:09,519.0,23.0,0.0
2024-03-19 17:56:57,517.0,23.0,0.0
2024-03-19 18:07:45,520.0,22.8,0.0
2024-03-19 18:18:33,549.0,22.8,0.0
2024-03-19 18:29:22,556.0,22.8,0.0
2024-03-19 18:40:10,551.0,22.5,0.0
2024-03-19 18:50:57,547.0,22.5,0.0
2024-03-19 19:01:45,524.0,22.5,0.0
2024-03-19 19:12:33,517.0,22.5,0.0
2024-03-19 19:23:22,522.0,22.3,34.0
2024-03-19 19:34:10,506.0,22.3,105.0
2024-03-19 19:44:59,493.0,22.3,133.0
2024-03-19 19:55:46,478.0,22.3,45.0
2024-03-19 20:06:35,477.0,22.0,16.0
2024-03-19 20:17:24,471.0,22.0,1.0
2024-03-19 20:28:11,477.0,22.0,0.0
2024-03-19 20:38:59,445.0,22.0,0.0
2024-03-19 20:49:47,449.0,22.0,0.0
2024-03-19 21:00:36,460.0,22.0,0.0
2024-03-19 21:11:23,455.0,22.0,0.0
2024-03-19 21:22:11,453.0,22.0,0.0
2024-03-19 21:32:59,439.0,22.0,0.0
2024-03-19 21:43:46,451.0,22.0,0.0
2024-03-19 21:54:34,457.0,21.8,0.0
2024-03-19 22:05:22,439.0,21.8,0.0
2024-03-19 22:16:11,441.0,21.8,0.0
2024-03-19 22:26:59,450.0,21.8,0.0
2024-03-19 22:37:48,438.0,21.8,0.0
2024-03-19 22:48:37,438.0,21.8,0.0
2024-03-19 22:59:25,439.0,21.8,0.0
2024-03-19 23:10:13,430.0,21.5,0.0
2024-03-19 23:21:01,419.0,21.8,0.0
2024-03-19 23:31:49,427.0,22.0,0.0
2024-03-19 23:42:37,436.0,22.3,0.0
2024-03-19 23:53:25,451.0,22.3,0.0
2024-03-20 00:04:13,435.0,22.3,0.0
2024-03-20 00:15:00,439.0,22.5,0.0
2024-03-20 00:25:48,428.0,22.5,0.0
2024-03-20 00:36:36,442.0,22.5,0.0
2024-03-20 00:47:24,432.0,22.5,0.0
2024-03-20 00:58:12,450.0,22.5,0.0
2024-03-20 01:09:01,436.0,22.3,0.0
2024-03-20 01:19:49,431.0,22.3,0.0
2024-03-20 01:30:36,439.0,22.3,0.0
2024-03-20 01:41:24,434.0,22.3,0.0
2024-03-20 01:52:13,432.0,22.3,0.0
2024-03-20 02:03:01,437.0,22.3,0.0
2024-03-20 02:13:48,444.0,22.3,0.0
2024-03-20 02:24:36,432.0,22.3,0.0
2024-03-20 02:35:24,434.0,22.0,0.0
2024-03-20 02:46:12,439.0,22.0,0.0
2024-03-20 02:57:00,427.0,22.0,0.0
2024-03-20 03:07:49,435.0,22.0,0.0
2024-03-20 03:18:37,426.0,22.0,0.0
2024-03-20 03:29:24,428.0,22.0,0.0
2024-03-20 03:40:12,438.0,22.0,0.0
2024-03-20 03:51:00,429.0,22.0,3.0
2024-03-20 04:01:49,440.0,21.8,0.0
2024-03-20 04:12:38,440.0,21.8,0.0
2024-03-20 04:23:26,435.0,21.8,0.0
2024-03-20 04:34:14,427.0,21.8,1.0
2024-03-20 04:45:02,437.0,21.8,0.0
2024-03-20 04:55:50,429.0,21.5,1.0
2024-03-20 05:06:38,441.0,21.5,0.0
2024-03-20 05:17:27,435.0,21.5,0.0
2024-03-20 05:28:15,431.0,21.5,1.0
2024-03-20 05:39:03,432.0,21.5,0.0
2024-03-20 05:49:51,431.0,21.3,0.0
2024-03-20 06:00:39,433.0,21.3,0.0
2024-03-20 06:11:27,427.0,21.3,0.0
2024-03-20 06:22:15,429.0,21.3,0.0
2024-03-20 06:33:03,432.0,21.3,0.0
2024-03-20 06:43:52,439.0,21.3,0.0
2024-03-20 06:54:40,441.0,21.3,0.0
2024-03-20 07:05:27,438.0,21.0,0.0
2024-03-20 07:16:15,432.0,21.3,0.0
2024-03-20 07:27:02,439.0,21.8,0.0
2024-03-20 07:37:51,442.0,22.3,0.0
2024-03-20 07:48:40,418.0,22.8,0.0
2024-03-20 07:59:28,438.0,22.8,0.0
2024-03-20 08:10:16,444.0,22.8,0.0
2024-03-20 08:21:04,435.0,22.8,0.0
2024-03-20 08:31:51,430.0,23.0,0.0
2024-03-20 08:42:39,439.0,23.3,0.0
2024-03-20 08:53:27,442.0,23.3,0.0
2024-03-20 09:04:15,448.0,23.3,0.0
2024-03-20 09:15:03,457.0,23.3,0.0
2024-03-20 09:25:51,457.0,23.3,0.0
2024-03-20 09:36:39,459.0,23.3,47.0
2024-03-20 09:47:26,459.0,23.3,6.0
2024-03-20 09:58:15,463.0,23.3,0.0
2024-03-20 10:09:03,449.0,23.3,0.0
2024-03-20 10:19:51,459.0,23.3,0.0
2024-03-20 10:30:40,457.0,23.3,0.0
2024-03-20 10:41:28,454.0,23.3,0.0
2024-03-20 10:52:16,462.0,23.3,0.0
2024-03-20 11:03:04,482.0,23.3,0.0
2024-03-20 11:13:52,468.0,23.3,0.0
2024-03-20 11:24:40,478.0,23.5,0.0
2024-03-20 11:35:28,472.0,23.5,0.0
2024-03-20 11:46:16,487.0,23.5,0.0
2024-03-20 11:57:04,480.0,23.5,0.0
2024-03-20 12:07:52,502.0,23.5,0.0
2024-03-20 12:18:41,484.0,23.5,0.0
2024-03-20 12:29:30,493.0,23.8,0.0
2024-03-20 12:40:19,498.0,23.8,0.0
2024-03-20 12:51:07,501.0,23.8,6.0
2024-03-20 13:01:55,480.0,23.8,24.0
2024-03-20 13:12:44,503.0,23.8,11.0
2024-03-20 13:23:31,503.0,23.8,3.0
2024-03-20 13:34:20,518.0,23.8,0.0
2024-03-20 13:45:08,511.0,23.8,0.0
2024-03-20 13:55:55,525.0,23.8,0.0
2024-03-20 14:06:45,517.0,23.8,0.0
2024-03-20 14:17:33,515.0,23.8,0.0
2024-03-20 14:28:20,501.0,23.8,0.0
2024-03-20 14:39:08,504.0,23.8,0.0
2024-03-20 14:49:55,521.0,23.8,0.0
2024-03-20 15:00:44,530.0,23.8,0.0
2024-03-20 15:11:31,533.0,23.8,3.0
2024-03-20 15:22:19,532.0,23.8,1.0
2024-03-20 15:33:08,539.0,23.8,0.0
2024-03-20 15:43:55,535.0,23.8,0.0
2024-03-20 15:54:43,537.0,23.8,0.0
2024-03-20 16:05:31,516.0,23.8,42.0
2024-03-20 16:16:19,533.0,23.8,52.0
2024-03-20 16:27:07,519.0,23.8,31.0
2024-03-20 16:37:55,508.0,23.8,11.0
2024-03-20 16:48:43,512.0,23.8,0.0
2024-03-20 16:59:31,495.0,23.8,0.0
2024-03-20 17:10:20,496.0,23.8,1.0
2024-03-20 17:21:08,518.0,23.8,0.0
2024-03-20 17:31:58,512.0,23.8,0.0
2024-03-20 17:42:51,507.0,23.8,0.0
2024-03-20 17:53:42,503.0,23.5,0.0
2024-03-20 18:04:34,498.0,23.5,0.0
2024-03-20 18:15:24,497.0,23.5,0.0
2024-03-20 18:26:14,486.0,23.5,0.0
2024-03-20 18:37:03,473.0,23.5,0.0
2024-03-20 18:47:53,470.0,23.5,0.0
2024-03-20 18:58:42,470.0,23.3,0.0
2024-03-20 19:09:32,464.0,23.3,0.0
2024-03-20 19:20:21,471.0,23.3,0.0
2024-03-20 19:31:09,466.0,23.3,0.0
2024-03-20 19:41:57,473.0,23.3,0.0
2024-03-20 19:52:46,447.0,23.3,0.0
2024-03-20 20:03:34,444.0,23.3,0.0
2024-03-20 20:14:23,448.0,23.3,0.0
2024-03-20 20:25:11,442.0,23.3,0.0
2024-03-20 20:35:58,448.0,23.3,0.0
2024-03-20 20:46:46,447.0,23.3,0.0
2024-03-20 20:57:34,446.0,23.3,0.0
2024-03-20 21:08:21,445.0,23.3,0.0
2024-03-20 21:19:10,428.0,23.3,0.0
2024-03-20 21:29:58,444.0,23.5,0.0
2024-03-20 21:40:47,439.0,23.5,0.0
2024-03-20 21:51:34,429.0,23.5,0.0
2024-03-20 22:02:22,434.0,23.5,0.0
2024-03-20 22:13:10,430.0,23.5,0.0
2024-03-20 22:23:58,431.0,23.8,0.0
2024-03-20 22:34:46,441.0,23.8,0.0
2024-03-20 22:45:35,433.0,23.8,0.0
2024-03-20 22:56:23,433.0,23.8,0.0
2024-03-20 23:07:10,444.0,23.8,0.0
2024-03-20 23:17:58,428.0,23.5,0.0
2024-03-20 23:28:46,427.0,23.5,0.0
2024-03-20 23:39:34,439.0,23.3,0.0
2024-03-20 23:50:23,433.0,23.3,0.0
2024-03-21 00:01:12,438.0,23.0,0.0
2024-03-21 00:12:00,441.0,23.0,0.0
2024-03-21 00:22:48,450.0,22.8,0.0
2024-03-21 00:33:36,443.0,22.8,0.0
2024-03-21 00:44:23,442.0,22.8,0.0
2024-03-21 00:55:11,445.0,22.5,0.0
2024-03-21 01:06:00,450.0,22.3,0.0
2024-03-21 01:16:48,438.0,22.3,0.0
2024-03-21 01:27:35,442.0,22.3,0.0
2024-03-21 01:38:24,440.0,22.3,0.0
2024-03-21 01:49:12,438.0,22.0,0.0
2024-03-21 02:00:00,461.0,22.0,0.0
2024-03-21 02:10:51,443.0,22.0,0.0
2024-03-21 02:21:38,442.0,22.0,0.0
2024-03-21 02:32:27,453.0,22.0,0.0
2024-03-21 02:43:14,446.0,21.8,0.0
2024-03-21 02:54:02,453.0,21.8,0.0
2024-03-21 03:04:49,431.0,21.8,0.0
2024-03-21 03:15:37,438.0,21.5,0.0
2024-03-21 03:26:26,441.0,21.5,0.0
2024-03-21 03:37:15,451.0,21.5,0.0
2024-03-21 03:48:02,457.0,21.5,0.0
2024-03-21 03:58:50,448.0,21.5,0.0
2024-03-21 04:09:38,442.0,21.3,0.0
2024-03-21 04:20:28,452.0,21.3,0.0
2024-03-21 04:31:15,439.0,21.3,0.0
2024-03-21 04:42:04,439.0,21.3,0.0
2024-03-21 04:52:51,438.0,21.3,0.0
2024-03-21 05:03:39,432.0,21.3,0.0
2024-03-21 05:14:27,434.0,21.3,0.0
2024-03-21 05:25:15,437.0,21.3,0.0
2024-03-21 05:36:02,443.0,21.3,0.0
2024-03-21 05:46:51,429.0,21.3,0.0
2024-03-21 05:57:39,437.0,21.3,0.0
2024-03-21 06:08:27,437.0,21.3,0.0
2024-03-21 06:19:15,446.0,21.3,0.0
2024-03-21 06:30:04,440.0,21.3,0.0
2024-03-21 06:40:52,440.0,21.0,0.0
2024-03-21 06:51:40,433.0,21.0,0.0
2024-03-21 07:02:29,440.0,21.0,0.0
2024-03-21 07:13:17,437.0,21.0,0.0
2024-03-21 07:24:04,449.0,21.0,0.0
2024-03-21 07:34:52,459.0,21.5,0.0
2024-03-21 07:45:40,453.0,22.5,0.0
2024-03-21 07:56:28,469.0,22.5,0.0
2024-03-21 08:07:16,477.0,22.5,0.0
2024-03-21 08:18:04,472.0,23.0,0.0
2024-03-21 08:28:51,463.0,23.3,0.0
2024-03-21 08:39:39,460.0,23.5,0.0
2024-03-21 08:50:27,466.0,23.8,0.0
2024-03-21 09:01:14,469.0,24.0,0.0
2024-03-21 09:12:03,457.0,24.0,0.0
2024-03-21 09:22:51,453.0,23.8,0.0
2024-03-21 09:33:38,452.0,23.8,0.0
2024-03-21 09:44:26,454.0,23.8,0.0
2024-03-21 09:55:13,452.0,23.8,0.0
2024-03-21 10:06:00,476.0,23.8,0.0
2024-03-21 10:16:50,487.0,23.8,0.0
2024-03-21 10:27:37,484.0,23.8,0.0
2024-03-21 10:38:25,515.0,23.8,0.0
2024-03-21 10:49:12,509.0,23.8,0.0
2024-03-21 11:00:00,513.0,23.8,0.0
2024-03-21 11:10:50,501.0,23.8,0.0
2024-03-21 11:21:38,516.0,23.8,0.0
2024-03-21 11:32:26,497.0,23.8,0.0
2024-03-21 11:43:14,487.0,23.8,0.0
2024-03-21 11:54:01,498.0,24.0,0.0
2024-03-21 12:04:49,484.0,24.0,0.0
2024-03-21 12:15:36,507.0,23.8,0.0
2024-03-21 12:26:24,521.0,24.0,0.0
2024-03-21 12:37:12,521.0,24.0,0.0
2024-03-21 12:47:59,520.0,24.0,24.0
2024-03-21 12:58:48,511.0,24.0,16.0
2024-03-21 13:09:35,522.0,24.3,3.0
2024-03-21 13:20:23,537.0,24.3,0.0
2024-03-21 13:31:11,524.0,24.3,0.0
2024-03-21 13:41:59,526.0,24.3,0.0
2024-03-21 13:52:47,516.0,24.3,0.0
2024-03-21 14:03:34,522.0,24.3,0.0
2024-03-21 14:14:22,516.0,24.3,0.0
2024-03-21 14:25:10,497.0,24.0,0.0
2024-03-21 14:35:58,485.0,24.0,0.0
2024-03-21 14:46:46,498.0,24.0,0.0
2024-03-21 14:57:33,491.0,23.8,0.0
2024-03-21 15:08:21,477.0,23.5,72.0
2024-03-21 15:19:09,470.0,23.5,50.0
2024-03-21 15:29:57,464.0,23.3,52.0
2024-03-21 15:40:46,484.0,23.3,103.0
2024-03-21 15:51:34,474.0,23.0,34.0
2024-03-21 16:02:21,485.0,23.0,0.0
2024-03-21 16:13:09,488.0,23.0,0.0
2024-03-21 16:23:57,472.0,23.0,0.0
2024-03-21 16:34:44,460.0,22.8,0.0
2024-03-21 16:45:31,482.0,22.8,0.0
2024-03-21 16:56:19,491.0,22.8,1.0
2024-03-21 17:07:07,489.0,22.8,0.0
2024-03-21 17:17:54,501.0,22.8,0.0
2024-03-21 17:28:42,495.0,22.8,0.0
2024-03-21 17:39:30,502.0,22.8,0.0
2024-03-21 17:50:18,518.0,22.8,0.0
2024-03-21 18:01:06,492.0,22.8,0.0
2024-03-21 18:11:53,507.0,22.8,0.0
2024-03-21 18:22:41,507.0,22.8,0.0
2024-03-21 18:33:29,500.0,22.5,0.0
2024-03-21 18:44:17,483.0,22.5,0.0
2024-03-21 18:55:06,501.0,22.5,0.0
2024-03-21 19:05:53,486.0,22.3,0.0
2024-03-21 19:16:41,477.0,22.5,0.0
2024-03-21 19:27:30,467.0,22.5,0.0
2024-03-21 19:38:18,467.0,22.8,0.0
2024-03-21 19:49:05,456.0,22.8,1.0
2024-03-21 19:59:53,440.0,22.8,0.0
2024-03-21 20:10:42,449.0,22.8,0.0
2024-03-21 20:21:30,473.0,22.8,0.0
2024-03-21 20:32:18,462.0,22.8,0.0
2024-03-21 20:43:06,448.0,23.0,0.0
2024-03-21 20:53:54,456.0,23.0,0.0
2024-03-21 21:04:42,448.0,23.0,0.0
2024-03-21 21:15:30,447.0,23.0,0.0
2024-03-21 21:26:18,433.0,23.0,0.0
2024-03-21 21:37:06,439.0,23.3,0.0
2024-03-21 21:47:53,432.0,23.3,0.0
2024-03-21 21:58:40,435.0,23.3,0.0
2024-03-21 22:09:28,422.0,23.3,0.0
2024-03-21 22:20:17,435.0,23.3,0.0
2024-03-21 22:31:04,426.0,23.3,0.0
2024-03-21 22:41:52,435.0,23.3,0.0
2024-03-21 22:52:40,431.0,23.3,0.0
2024-03-21 23:03:28,425.0,23.3,0.0
2024-03-21 23:14:15,431.0,23.3,0.0
2024-03-21 23:25:03,428.0,23.3,0.0
2024-03-21 23:35:52,439.0,23.3,0.0
2024-03-21 23:46:40,430.0,23.0,0.0
2024-03-21 23:57:27,431.0,23.0,0.0
2024-03-22 00:08:16,433.0,22.8,0.0
2024-03-22 00:19:03,439.0,22.8,0.0
2024-03-22 00:29:51,441.0,22.8,0.0
2024-03-22 00:40:40,443.0,22.5,0.0
2024-03-22 00:51:28,441.0,22.5,0.0
2024-03-22 01:02:16,437.0,22.5,0.0
2024-03-22 01:13:04,446.0,22.3,0.0
2024-03-22 01:23:52,436.0,22.3,0.0
2024-03-22 01:34:39,439.0,22.3,0.0
2024-03-22 01:45:27,437.0,22.0,0.0
2024-03-22 01:56:15,435.0,22.0,0.0
2024-03-22 02:07:02,453.0,22.0,0.0
2024-03-22 02:17:50,439.0,21.8,0.0
2024-03-22 02:28:38,443.0,21.8,0.0
2024-03-22 02:39:26,441.0,21.8,0.0
2024-03-22 02:50:13,447.0,21.5,0.0
2024-03-22 03:01:01,444.0,21.5,0.0
2024-03-22 03:11:49,431.0,21.5,0.0
2024-03-22 03:22:37,456.0,21.3,0.0
2024-03-22 03:33:25,443.0,21.3,0.0
2024-03-22 03:44:12,443.0,21.0,0.0
2024-03-22 03:55:00,447.0,21.0,0.0
2024-03-22 04:05:48,446.0,21.0,0.0
2024-03-22 04:16:37,443.0,20.8,0.0
2024-03-22 04:27:25,445.0,20.8,0.0
2024-03-22 04:38:12,453.0,20.8,0.0
2024-03-22 04:49:00,447.0,20.8,0.0
2024-03-22 04:59:48,443.0,20.8,0.0
2024-03-22 05:10:36,454.0,20.5,0.0
2024-03-22 05:21:24,447.0,20.5,0.0
2024-03-22 05:32:12,443.0,20.5,0.0
2024-03-22 05:42:59,455.0,20.5,0.0
2024-03-22 05:53:47,447.0,20.5,0.0
2024-03-22 06:04:35,440.0,20.5,0.0
2024-03-22 06:15:22,452.0,20.5,0.0
2024-03-22 06:26:11,433.0,20.5,0.0
2024-03-22 06:36:58,448.0,20.5,0.0
2024-03-22 06:47:46,457.0,20.5,0.0
2024-03-22 06:58:34,459.0,20.5,0.0
2024-03-22 07:09:22,449.0,20.3,0.0
2024-03-22 07:20:10,449.0,20.5,0.0
2024-03-22 07:30:58,460.0,21.3,0.0
2024-03-22 07:41:46,435.0,21.8,0.0
2024-03-22 07:52:34,441.0,22.5,0.0
2024-03-22 08:03:22,440.0,23.0,0.0
2024-03-22 08:14:10,458.0,23.5,0.0
2024-03-22 08:24:57,455.0,23.8,0.0
2024-03-22 08:35:45,449.0,24.5,0.0
2024-03-22 08:46:33,445.0,25.0,0.0
2024-03-22 08:57:21,458.0,25.0,0.0
2024-03-22 09:08:10,476.0,25.3,0.0
2024-03-22 09:18:58,463.0,25.0,0.0
2024-03-22 09:29:46,478.0,24.8,0.0
2024-03-22 09:40:34,459.0,24.8,0.0
2024-03-22 09:51:22,461.0,24.5,0.0
2024-03-22 10:02:10,493.0,24.3,0.0
2024-03-22 10:12:58,491.0,24.3,0.0
2024-03-22 10:23:46,492.0,24.3,0.0
2024-03-22 10:34:34,502.0,24.3,0.0
2024-03-22 10:45:21,524.0,24.3,0.0
2024-03-22 10:56:09,505.0,24.3,0.0
2024-03-22 11:06:58,501.0,24.3,0.0
2024-03-22 11:17:46,508.0,24.3,0.0
2024-03-22 11:28:34,505.0,24.3,0.0
2024-03-22 11:39:22,521.0,24.3,0.0
2024-03-22 11:50:11,525.0,24.3,0.0
2024-03-22 12:01:00,518.0,24.3,0.0
2024-03-22 12:11:48,524.0,24.3,0.0
2024-03-22 12:22:36,529.0,24.3,0.0
2024-03-22 12:33:24,527.0,24.3,0.0
2024-03-22 12:44:12,527.0,24.3,0.0
2024-03-22 12:54:59,540.0,24.5,0.0
2024-03-22 13:05:47,506.0,24.5,0.0
2024-03-22 13:16:37,514.0,24.5,0.0
2024-03-22 13:27:26,524.0,24.5,0.0
2024-03-22 13:38:14,505.0,24.5,0.0
2024-03-22 13:49:01,498.0,24.3,0.0
2024-03-22 13:59:49,491.0,24.3,0.0
2024-03-22 14:10:37,471.0,24.3,0.0
2024-03-22 14:21:25,496.0,24.0,0.0
2024-03-22 14:32:13,472.0,24.0,0.0
2024-03-22 14:43:00,463.0,24.0,0.0
2024-03-22 14:53:48,474.0,24.0,0.0
2024-03-22 15:04:36,471.0,23.8,0.0
2024-03-22 15:15:24,465.0,23.5,0.0
2024-03-22 15:26:12,463.0,23.3,0.0
2024-03-22 15:37:00,464.0,23.3,0.0
2024-03-22 15:47:47,465.0,23.3,0.0
2024-03-22 15:58:35,467.0,23.0,0.0
2024-03-22 16:09:23,473.0,23.0,0.0
2024-03-22 16:20:11,453.0,23.0,0.0
2024-03-22 16:30:59,449.0,23.0,19.0
2024-03-22 16:41:47,457.0,23.0,0.0
2024-03-22 16:52:35,451.0,22.8,0.0
2024-03-22 17:03:23,456.0,22.8,0.0
2024-03-22 17:14:10,456.0,22.8,0.0
2024-03-22 17:24:59,455.0,22.8,0.0
2024-03-22 17:35:46,473.0,22.8,0.0
2024-03-22 17:46:35,460.0,22.8,0.0
2024-03-22 17:57:23,465.0,22.8,0.0
2024-03-22 18:08:12,461.0,22.5,0.0
2024-03-22 18:19:00,475.0,22.5,0.0
2024-03-22 18:29:48,473.0,22.3,0.0
2024-03-22 18:40:35,471.0,22.5,0.0
2024-03-22 18:51:23,468.0,22.5,0.0
2024-03-22 19:02:11,472.0,22.3,0.0
2024-03-22 19:12:59,465.0,22.3,0.0
2024-03-22 19:23:46,454.0,22.3,0.0
2024-03-22 19:34:34,475.0,22.5,0.0
2024-03-22 19:45:23,474.0,22.5,0.0
2024-03-22 19:56:10,460.0,22.5,0.0
2024-03-22 20:06:58,461.0,22.8,0.0
2024-03-22 20:17:46,464.0,22.8,0.0
2024-03-22 20:28:35,450.0,22.8,0.0
2024-03-22 20:39:24,443.0,22.8,0.0
2024-03-22 20:50:11,444.0,22.8,0.0
2024-03-22 21:00:59,434.0,22.8,0.0
2024-03-22 21:11:46,420.0,22.8,0.0
2024-03-22 21:22:34,439.0,23.0,0.0
2024-03-22 21:33:22,426.0,23.0,0.0
2024-03-22 21:44:09,428.0,23.0,0.0
2024-03-22 21:54:57,441.0,23.0,0.0
2024-03-22 22:05:45,436.0,23.0,0.0
2024-03-22 22:16:32,427.0,23.0,0.0
2024-03-22 22:27:20,425.0,23.0,0.0
2024-03-22 22:38:08,438.0,23.0,0.0
2024-03-22 22:48:56,438.0,23.0,0.0
2024-03-22 22:59:44,444.0,23.0,0.0
2024-03-22 23:10:31,436.0,23.0,0.0
2024-03-22 23:21:19,434.0,23.3,0.0
2024-03-22 23:32:07,438.0,23.0,0.0
2024-03-22 23:42:55,441.0,23.0,0.0
2024-03-22 23:53:42,458.0,23.0,0.0
2024-03-23 00:04:30,444.0,23.0,0.0
2024-03-23 00:15:17,443.0,22.8,0.0
2024-03-23 00:26:06,442.0,22.8,0.0
2024-03-23 00:36:54,439.0,22.8,0.0
2024-03-23 00:47:43,440.0,22.8,0.0
2024-03-23 00:58:31,448.0,22.5,0.0
2024-03-23 01:09:19,440.0,22.5,0.0
2024-03-23 01:20:07,431.0,22.5,0.0
2024-03-23 01:30:54,464.0,22.5,0.0
2024-03-23 01:41:43,442.0,22.3,0.0
2024-03-23 01:52:31,448.0,22.3,0.0
2024-03-23 02:03:18,441.0,22.3,0.0
2024-03-23 02:14:06,424.0,22.3,0.0
2024-03-23 02:24:54,456.0,22.0,0.0
2024-03-23 02:35:42,453.0,22.0,0.0
2024-03-23 02:46:30,450.0,22.0,0.0
2024-03-23 02:57:18,439.0,22.0,0.0
2024-03-23 03:08:06,452.0,21.8,0.0
2024-03-23 03:18:55,450.0,21.8,0.0
2024-03-23 03:29:43,453.0,21.8,0.0
2024-03-23 03:40:31,443.0,21.5,0.0
2024-03-23 03:51:20,438.0,21.5,0.0
2024-03-23 04:02:08,447.0,21.5,0.0
2024-03-23 04:12:55,451.0,21.3,0.0
2024-03-23 04:23:43,443.0,21.3,0.0
2024-03-23 04:34:31,440.0,21.3,0.0
2024-03-23 04:45:20,446.0,21.3,0.0
2024-03-23 04:56:08,459.0,21.0,0.0
2024-03-23 05:06:56,457.0,21.0,0.0
2024-03-23 05:17:45,452.0,21.0,0.0
2024-03-23 05:28:33,442.0,21.0,0.0
2024-03-23 05:39:21,438.0,21.0,0.0
2024-03-23 05:50:09,441.0,20.8,0.0
2024-03-23 06:00:57,435.0,20.8,0.0
2024-03-23 06:11:46,455.0,20.8,0.0
2024-03-23 06:22:34,442.0,20.8,0.0
2024-03-23 06:33:23,438.0,20.8,0.0
2024-03-23 06:44:11,455.0,20.5,0.0
2024-03-23 06:54:59,444.0,20.5,0.0
2024-03-23 07:05:48,448.0,20.5,0.0
2024-03-23 07:16:37,439.0,20.5,0.0
2024-03-23 07:27:25,442.0,21.3,0.0
2024-03-23 07:38:13,430.0,21.8,0.0
2024-03-23 07:49:01,441.0,22.3,0.0
2024-03-23 07:59:49,450.0,23.0,0.0
2024-03-23 08:10:38,443.0,23.5,0.0
2024-03-23 08:21:26,440.0,24.0,0.0
2024-03-23 08:32:14,444.0,24.5,0.0
2024-03-23 08:43:02,445.0,24.8,0.0
2024-03-23 08:53:50,457.0,24.8,0.0
2024-03-23 09:04:38,470.0,24.8,0.0
2024-03-23 09:15:26,424.0,24.5,0.0
2024-03-23 09:26:14,432.0,24.3,0.0
2024-03-23 09:37:02,454.0,24.0,0.0
2024-03-23 09:47:50,431.0,24.0,0.0
2024-03-23 09:58:38,448.0,23.8,0.0
2024-03-23 10:09:26,448.0,23.8,0.0
2024-03-23 10:20:14,443.0,23.5,0.0
2024-03-23 10:31:02,425.0,23.5,0.0
2024-03-23 10:41:50,434.0,23.5,0.0
2024-03-23 10:52:39,432.0,23.5,0.0
2024-03-23 11:03:27,434.0,23.5,0.0
2024-03-23 11:14:15,422.0,23.5,0.0
2024-03-23 11:25:03,430.0,23.5,16.0
2024-03-23 11:35:51,439.0,23.3,14.0
2024-03-23 11:46:39,454.0,23.3,6.0
2024-03-23 11:57:27,449.0,23.3,0.0
2024-03-23 12:08:15,467.0,23.3,0.0
2024-03-23 12:19:03,456.0,23.3,0.0
2024-03-23 12:29:50,454.0,23.3,0.0
2024-03-23 12:40:39,464.0,23.3,0.0
2024-03-23 12:51:27,460.0,23.5,0.0
2024-03-23 13:02:15,469.0,23.5,0.0
2024-03-23 13:13:03,465.0,23.5,0.0
2024-03-23 13:23:51,464.0,23.5,0.0
2024-03-23 13:34:39,467.0,23.8,0.0
2024-03-23 13:45:27,441.0,23.8,0.0
2024-03-23 13:56:15,459.0,24.0,0.0
2024-03-23 14:07:03,455.0,24.0,0.0
2024-03-23 14:17:51,462.0,24.0,0.0
2024-03-23 14:28:39,446.0,24.0,0.0
2024-03-23 14:39:27,466.0,24.0,0.0
2024-03-23 14:50:15,453.0,24.0,0.0
2024-03-23 15:01:03,448.0,24.0,0.0
2024-03-23 15:11:51,452.0,24.0,0.0
2024-03-23 15:22:40,450.0,24.0,0.0
2024-03-23 15:33:28,441.0,24.0,0.0
2024-03-23 15:44:16,429.0,24.0,0.0
2024-03-23 15:55:03,437.0,24.0,0.0
2024-03-23 16:05:50,429.0,24.0,0.0
2024-03-23 16:16:38,432.0,24.0,0.0
2024-03-23 16:27:26,439.0,23.8,0.0
2024-03-23 16:38:14,437.0,23.8,0.0
2024-03-23 16:49:02,432.0,23.8,0.0
2024-03-23 16:59:49,441.0,23.8,0.0
2024-03-23 17:10:38,421.0,23.8,0.0
2024-03-23 17:21:25,436.0,23.8,0.0
2024-03-23 17:32:13,438.0,23.8,0.0
2024-03-23 17:43:01,429.0,23.8,0.0
2024-03-23 17:53:48,436.0,23.5,0.0
2024-03-23 18:04:35,435.0,23.5,0.0
2024-03-23 18:15:23,432.0,23.5,0.0
2024-03-23 18:26:11,438.0,23.5,0.0
2024-03-23 18:36:59,432.0,23.5,0.0
2024-03-23 18:47:47,446.0,23.5,0.0
2024-03-23 18:58:35,435.0,23.3,0.0
2024-03-23 19:09:22,435.0,23.3,0.0
2024-03-23 19:20:09,432.0,23.3,0.0
2024-03-23 19:30:57,430.0,23.3,0.0
2024-03-23 19:41:45,433.0,23.0,0.0
2024-03-23 19:52:33,445.0,23.0,0.0
2024-03-23 20:03:21,438.0,23.0,0.0
2024-03-23 20:14:09,441.0,23.0,0.0
2024-03-23 20:24:56,451.0,23.0,3.0
2024-03-23 20:35:44,462.0,23.3,1.0
2024-03-23 20:46:32,439.0,23.3,14.0
2024-03-23 20:57:20,447.0,23.3,1.0
2024-03-23 21:08:08,427.0,23.3,0.0
2024-03-23 21:18:55,440.0,23.0,0.0
2024-03-23 21:29:44,429.0,23.3,0.0
2024-03-23 21:40:32,436.0,23.3,0.0
2024-03-23 21:51:19,432.0,23.3,0.0
2024-03-23 22:02:08,423.0,23.3,0.0
2024-03-23 22:12:57,425.0,23.5,0.0
2024-03-23 22:23:45,439.0,23.5,0.0
2024-03-23 22:34:33,420.0,23.5,0.0
2024-03-23 22:45:21,434.0,23.5,0.0
2024-03-23 22:56:09,445.0,23.5,0.0
2024-03-23 23:06:57,434.0,23.5,0.0
2024-03-23 23:17:46,410.0,23.5,0.0
2024-03-23 23:28:34,437.0,23.5,0.0
2024-03-23 23:39:22,432.0,23.3,0.0
2024-03-23 23:50:10,427.0,23.3,0.0
2024-03-24 00:00:57,435.0,23.3,0.0
2024-03-24 00:11:45,434.0,23.3,0.0
2024-03-24 00:22:33,436.0,23.0,0.0
2024-03-24 00:33:21,441.0,23.0,0.0
2024-03-24 00:44:09,456.0,23.0,0.0
2024-03-24 00:54:57,433.0,23.0,0.0
2024-03-24 01:05:44,426.0,23.0,0.0
2024-03-24 01:16:33,439.0,23.0,0.0
2024-03-24 01:27:21,440.0,22.8,0.0
2024-03-24 01:38:09,449.0,22.8,0.0
2024-03-24 01:48:56,449.0,22.8,0.0
2024-03-24 01:59:44,442.0,22.8,0.0
2024-03-24 02:10:31,435.0,22.5,0.0
2024-03-24 02:21:19,450.0,22.5,0.0
2024-03-24 02:32:07,434.0,22.5,0.0
2024-03-24 02:42:55,443.0,22.5,0.0
2024-03-24 02:53:43,437.0,22.5,0.0
2024-03-24 03:04:31,437.0,22.3,0.0
2024-03-24 03:15:19,433.0,22.3,0.0
2024-03-24 03:26:07,436.0,22.3,0.0
2024-03-24 03:36:55,437.0,22.3,0.0
2024-03-24 03:47:43,434.0,22.3,0.0
2024-03-24 03:58:30,436.0,22.3,0.0
2024-03-24 04:09:18,442.0,22.3,0.0
2024-03-24 04:20:07,442.0,22.3,0.0
2024-03-24 04:30:55,429.0,22.3,0.0
2024-03-24 04:41:44,437.0,22.0,0.0
2024-03-24 04:52:32,439.0,22.0,0.0
2024-03-24 05:03:20,426.0,22.0,0.0
2024-03-24 05:14:07,440.0,22.0,0.0
2024-03-24 05:24:55,441.0,22.0,0.0
2024-03-24 05:35:43,431.0,22.0,0.0
2024-03-24 05:46:31,437.0,22.0,0.0
2024-03-24 05:57:19,435.0,21.8,0.0
2024-03-24 06:08:07,426.0,21.8,0.0
2024-03-24 06:18:56,435.0,21.8,0.0
2024-03-24 06:29:44,439.0,21.8,0.0
2024-03-24 06:40:32,435.0,21.8,0.0
2024-03-24 06:51:20,434.0,21.8,0.0
2024-03-24 07:02:08,423.0,21.8,0.0
2024-03-24 07:12:57,441.0,21.8,0.0
2024-03-24 07:23:44,452.0,21.8,0.0
2024-03-24 07:34:32,416.0,22.0,0.0
2024-03-24 07:45:20,428.0,22.5,0.0
2024-03-24 07:56:08,425.0,23.3,0.0
2024-03-24 08:06:56,428.0,23.8,0.0
2024-03-24 08:17:44,420.0,24.0,0.0
2024-03-24 08:28:32,440.0,24.3,0.0
2024-03-24 08:39:20,426.0,23.8,0.0
2024-03-24 08:50:09,443.0,23.5,0.0
2024-03-24 09:00:56,425.0,23.5,0.0
2024-03-24 09:11:44,431.0,23.5,0.0
2024-03-24 09:22:32,443.0,23.5,0.0
2024-03-24 09:33:20,428.0,23.5,0.0
2024-03-24 09:44:08,421.0,23.5,0.0
2024-03-24 09:54:55,428.0,23.5,0.0
2024-03-24 10:05:44,428.0,23.3,0.0
2024-03-24 10:16:32,431.0,23.3,0.0
2024-03-24 10:27:20,423.0,23.3,0.0
2024-03-24 10:38:08,423.0,23.3,0.0
2024-03-24 10:48:55,413.0,23.5,0.0
2024-03-24 10:59:43,436.0,23.5,0.0
2024-03-24 11:10:31,427.0,23.3,0.0
2024-03-24 11:21:19,424.0,23.3,0.0
2024-03-24 11:32:07,429.0,23.5,0.0
2024-03-24 11:42:55,434.0,23.5,0.0
2024-03-24 11:53:43,433.0,23.5,0.0
2024-03-24 12:04:31,429.0,23.5,0.0
2024-03-24 12:15:19,426.0,23.5,0.0
2024-03-24 12:26:07,428.0,23.5,0.0
2024-03-24 12:36:54,431.0,23.5,0.0
2024-03-24 12:47:42,434.0,23.5,0.0
2024-03-24 12:58:30,435.0,23.5,0.0
2024-03-24 13:09:18,441.0,23.5,0.0
2024-03-24 13:20:07,437.0,23.5,0.0
2024-03-24 13:30:54,431.0,23.5,0.0
2024-03-24 13:41:42,452.0,23.5,0.0
2024-03-24 13:52:30,440.0,23.5,0.0
2024-03-24 14:03:18,448.0,23.5,0.0
2024-03-24 14:14:06,426.0,23.8,0.0
2024-03-24 14:24:55,453.0,23.8,0.0
2024-03-24 14:35:43,449.0,23.8,0.0
2024-03-24 14:46:31,435.0,23.8,0.0
2024-03-24 14:57:19,437.0,23.8,0.0
2024-03-24 15:08:07,451.0,23.8,0.0
2024-03-24 15:18:54,449.0,23.8,0.0
2024-03-24 15:29:42,439.0,23.8,0.0
2024-03-24 15:40:30,439.0,23.8,0.0
2024-03-24 15:51:17,431.0,23.8,0.0
2024-03-24 16:02:05,428.0,23.8,0.0
2024-03-24 16:12:53,420.0,23.8,0.0
2024-03-24 16:23:41,427.0,23.8,0.0
2024-03-24 16:34:28,454.0,23.8,0.0
2024-03-24 16:45:16,427.0,23.8,0.0
2024-03-24 16:56:04,429.0,23.5,0.0
2024-03-24 17:06:51,435.0,23.5,0.0
2024-03-24 17:17:39,429.0,23.5,0.0
2024-03-24 17:28:27,432.0,23.5,0.0
2024-03-24 17:39:15,438.0,23.5,0.0
2024-03-24 17:50:03,445.0,23.5,0.0
2024-03-24 18:00:51,429.0,23.5,0.0
2024-03-24 18:11:40,431.0,23.3,0.0
2024-03-24 18:22:28,430.0,23.3,0.0
2024-03-24 18:33:16,433.0,23.3,0.0
2024-03-24 18:44:04,426.0,23.3,0.0
2024-03-24 18:54:51,448.0,23.0,0.0
2024-03-24 19:05:39,428.0,22.8,0.0
2024-03-24 19:16:27,421.0,22.8,0.0
2024-03-24 19:27:14,429.0,23.0,0.0
2024-03-24 19:38:02,427.0,23.0,0.0
2024-03-24 19:48:49,427.0,23.3,0.0
2024-03-24 19:59:37,430.0,23.3,0.0
2024-03-24 20:10:26,431.0,23.0,0.0
2024-03-24 20:21:13,435.0,23.0,0.0
2024-03-24 20:32:01,433.0,23.0,0.0
2024-03-24 20:42:49,424.0,23.0,0.0
2024-03-24 20:53:37,440.0,23.0,0.0
2024-03-24 21:04:24,433.0,23.0,0.0
2024-03-24 21:15:12,424.0,23.0,0.0
2024-03-24 21:25:59,436.0,23.3,0.0
2024-03-24 21:36:47,434.0,23.0,0.0
2024-03-24 21:47:35,433.0,23.0,0.0
2024-03-24 21:58:23,437.0,23.0,0.0
2024-03-24 22:09:10,432.0,23.0,0.0
2024-03-24 22:19:58,434.0,23.0,0.0
2024-03-24 22:30:46,443.0,23.0,0.0
2024-03-24 22:41:33,432.0,23.0,0.0
2024-03-24 22:52:21,425.0,23.0,0.0
2024-03-24 23:03:09,431.0,23.0,0.0
2024-03-24 23:13:56,429.0,23.0,0.0
2024-03-24 23:24:45,432.0,23.0,0.0
2024-03-24 23:35:33,430.0,23.3,0.0
2024-03-24 23:46:20,438.0,23.0,0.0
2024-03-24 23:57:07,421.0,23.0,0.0
2024-03-25 00:07:54,426.0,23.0,0.0
2024-03-25 00:18:41,437.0,23.0,0.0
2024-03-25 00:29:30,431.0,23.0,0.0
2024-03-25 00:40:18,431.0,23.0,0.0
2024-03-25 00:51:05,426.0,23.0,0.0
2024-03-25 01:01:53,436.0,22.8,0.0
2024-03-25 01:12:40,436.0,22.8,0.0
2024-03-25 01:23:28,447.0,22.8,0.0
2024-03-25 01:34:15,438.0,22.8,0.0
2024-03-25 01:45:03,439.0,22.8,0.0
2024-03-25 01:55:50,443.0,22.8,0.0
2024-03-25 02:06:39,450.0,22.8,0.0
2024-03-25 02:17:27,442.0,22.5,0.0
2024-03-25 02:28:14,432.0,22.5,0.0
2024-03-25 02:39:02,445.0,22.5,0.0
2024-03-25 02:49:49,445.0,22.5,0.0
2024-03-25 03:00:36,445.0,22.5,0.0
2024-03-25 03:11:24,423.0,22.3,0.0
2024-03-25 03:22:11,437.0,22.3,0.0
2024-03-25 03:32:59,442.0,22.3,0.0
2024-03-25 03:43:46,434.0,22.3,0.0
2024-03-25 03:54:34,428.0,22.3,0.0
2024-03-25 04:05:22,432.0,22.3,0.0
2024-03-25 04:16:09,441.0,22.3,0.0
2024-03-25 04:26:57,426.0,22.3,0.0
2024-03-25 04:37:45,442.0,22.3,0.0
2024-03-25 04:48:33,450.0,22.0,0.0
2024-03-25 04:59:21,433.0,22.0,0.0
2024-03-25 05:10:09,438.0,22.0,0.0
2024-03-25 05:20:57,431.0,22.0,0.0
2024-03-25 05:31:45,434.0,22.3,0.0
2024-03-25 05:42:32,431.0,22.3,0.0
2024-03-25 05:53:20,440.0,22.3,0.0
2024-03-25 06:04:08,440.0,22.3,0.0
2024-03-25 06:14:56,460.0,22.3,0.0
2024-03-25 06:25:44,420.0,22.3,0.0
2024-03-25 06:36:32,432.0,22.3,0.0
2024-03-25 06:47:20,435.0,22.3,0.0
2024-03-25 06:58:08,437.0,22.3,0.0
2024-03-25 07:08:55,439.0,22.3,0.0
2024-03-25 07:19:43,424.0,22.3,0.0
2024-03-25 07:30:31,429.0,22.8,0.0
2024-03-25 07:41:18,429.0,23.0,0.0
2024-03-25 07:52:06,433.0,23.3,0.0
2024-03-25 08:02:54,428.0,23.3,0.0
2024-03-25 08:13:42,464.0,23.5,0.0
2024-03-25 08:24:29,442.0,23.3,0.0
2024-03-25 08:35:17,465.0,23.3,0.0
2024-03-25 08:46:04,445.0,23.0,0.0
2024-03-25 08:56:51,463.0,23.0,0.0
2024-03-25 09:07:39,445.0,23.0,0.0
2024-03-25 09:18:27,474.0,23.0,0.0
2024-03-25 09:29:15,480.0,23.0,0.0
2024-03-25 09:40:03,488.0,23.0,0.0
2024-03-25 09:50:50,480.0,23.0,0.0
2024-03-25 10:01:38,479.0,23.0,0.0
2024-03-25 10:12:26,494.0,23.0,0.0
2024-03-25 10:23:14,504.0,23.3,0.0
2024-03-25 10:34:01,495.0,23.3,0.0
2024-03-25 10:44:49,513.0,23.3,0.0
2024-03-25 10:55:36,513.0,23.3,0.0
2024-03-25 11:06:24,502.0,23.5,0.0
2024-03-25 11:17:12,503.0,23.5,0.0
2024-03-25 11:27:59,503.0,23.5,0.0
2024-03-25 11:38:47,488.0,23.5,0.0
2024-03-25 11:49:34,508.0,23.5,0.0
2024-03-25 12:00:23,497.0,23.5,0.0
2024-03-25 12:11:11,511.0,23.5,0.0
2024-03-25 12:21:59,499.0,23.8,0.0
2024-03-25 12:32:47,505.0,23.8,0.0
2024-03-25 12:43:34,492.0,23.8,0.0
2024-03-25 12:54:22,500.0,23.8,0.0
2024-03-25 13:05:09,510.0,24.0,0.0
2024-03-25 13:15:56,521.0,24.0,0.0
2024-03-25 13:26:44,506.0,24.0,0.0
2024-03-25 13:37:31,524.0,24.0,0.0
2024-03-25 13:48:19,520.0,24.3,0.0
2024-03-25 13:59:06,495.0,24.3,0.0
2024-03-25 14:09:54,473.0,24.3,0.0
2024-03-25 14:20:42,492.0,24.3,0.0
2024-03-25 14:31:29,492.0,24.3,0.0
2024-03-25 14:42:16,502.0,24.3,0.0
2024-03-25 14:53:04,511.0,24.3,0.0
2024-03-25 15:03:52,489.0,24.3,0.0
2024-03-25 15:14:39,508.0,24.0,0.0
2024-03-25 15:25:26,478.0,23.8,0.0
2024-03-25 15:36:13,490.0,23.5,0.0
2024-03-25 15:47:01,487.0,23.5,0.0
2024-03-25 15:57:48,478.0,23.3,0.0
2024-03-25 16:08:35,503.0,23.3,0.0
2024-03-25 16:19:22,496.0,23.3,0.0
2024-03-25 16:30:10,498.0,23.3,0.0
2024-03-25 16:40:58,490.0,23.3,0.0
2024-03-25 16:51:45,509.0,23.3,0.0
2024-03-25 17:02:33,506.0,23.0,0.0
2024-03-25 17:13:20,499.0,23.0,0.0
2024-03-25 17:24:08,510.0,23.0,0.0
2024-03-25 17:34:55,509.0,23.0,0.0
2024-03-25 17:45:43,525.0,23.0,27.0
2024-03-25 17:56:31,508.0,22.8,1.0
2024-03-25 18:07:18,501.0,22.8,0.0
2024-03-25 18:18:06,475.0,22.8,0.0
2024-03-25 18:28:53,476.0,22.5,0.0
2024-03-25 18:39:41,477.0,22.5,0.0
2024-03-25 18:50:28,472.0,22.3,0.0
2024-03-25 19:01:15,473.0,22.3,0.0
2024-03-25 19:12:04,505.0,22.3,0.0
2024-03-25 19:22:52,493.0,22.0,0.0
2024-03-25 19:33:39,494.0,22.0,0.0
2024-03-25 19:44:26,499.0,22.0,0.0
2024-03-25 19:55:13,499.0,22.3,0.0
2024-03-25 20:06:01,499.0,22.5,0.0
2024-03-25 20:16:49,505.0,22.5,0.0
2024-03-25 20:27:37,497.0,22.8,0.0
2024-03-25 20:38:25,498.0,22.8,0.0
2024-03-25 20:49:13,479.0,23.0,0.0
2024-03-25 21:00:01,462.0,23.0,0.0
2024-03-25 21:10:48,457.0,23.0,0.0
2024-03-25 21:21:37,451.0,23.0,0.0
2024-03-25 21:32:24,451.0,23.0,0.0
2024-03-25 21:43:12,461.0,23.0,0.0
2024-03-25 21:53:59,444.0,23.0,0.0
2024-03-25 22:04:47,443.0,23.0,0.0
2024-03-25 22:15:34,439.0,23.0,0.0
2024-03-25 22:26:21,440.0,23.0,0.0
2024-03-25 22:37:09,440.0,23.0,0.0
2024-03-25 22:47:57,438.0,23.0,0.0
2024-03-25 22:58:44,447.0,23.0,0.0
2024-03-25 23:09:32,441.0,23.0,0.0
2024-03-25 23:20:20,446.0,23.0,0.0
2024-03-25 23:31:09,454.0,23.0,0.0
2024-03-25 23:41:56,439.0,23.0,0.0
2024-03-25 23:52:44,454.0,23.0,0.0
2024-03-26 00:03:31,446.0,23.0,0.0
2024-03-26 00:14:19,446.0,22.8,0.0
2024-03-26 00:25:07,455.0,22.8,0.0
2024-03-26 00:35:54,454.0,22.8,0.0
2024-03-26 00:46:43,454.0,22.8,0.0
2024-03-26 00:57:31,455.0,22.8,0.0
2024-03-26 01:08:18,445.0,22.8,0.0
2024-03-26 01:19:06,461.0,22.8,0.0
2024-03-26 01:29:54,458.0,22.8,0.0
2024-03-26 01:40:41,448.0,22.8,0.0
2024-03-26 01:51:29,443.0,22.8,0.0
2024-03-26 02:02:17,444.0,22.8,0.0
2024-03-26 02:13:06,447.0,22.8,0.0
2024-03-26 02:23:54,464.0,22.5,0.0
2024-03-26 02:34:41,456.0,22.5,0.0
2024-03-26 02:45:28,445.0,22.5,0.0
2024-03-26 02:56:16,441.0,22.5,0.0
2024-03-26 03:07:04,442.0,22.5,0.0
2024-03-26 03:17:51,452.0,22.5,0.0
2024-03-26 03:28:39,450.0,22.5,0.0
2024-03-26 03:39:27,431.0,22.5,0.0
2024-03-26 03:50:16,439.0,22.5,0.0
2024-03-26 04:01:04,448.0,22.5,0.0
2024-03-26 04:11:51,432.0,22.5,0.0
2024-03-26 04:22:38,440.0,22.5,0.0
2024-03-26 04:33:26,440.0,22.5,0.0
2024-03-26 04:44:13,440.0,22.5,0.0
2024-03-26 04:55:00,439.0,22.5,0.0
2024-03-26 05:05:48,446.0,22.5,0.0
2024-03-26 05:16:36,431.0,22.5,0.0
2024-03-26 05:27:24,441.0,22.5,0.0
2024-03-26 05:38:11,450.0,22.5,0.0
2024-03-26 05:48:59,439.0,22.5,0.0
2024-03-26 05:59:46,437.0,22.3,0.0
2024-03-26 06:10:33,448.0,22.3,0.0
2024-03-26 06:21:20,435.0,22.3,0.0
2024-03-26 06:32:08,443.0,22.3,0.0
2024-03-26 06:42:56,453.0,22.3,0.0
2024-03-26 06:53:43,435.0,22.3,0.0
2024-03-26 07:04:30,441.0,22.3,0.0
2024-03-26 07:15:19,447.0,22.3,0.0
2024-03-26 07:26:06,431.0,22.5,0.0
2024-03-26 07:36:54,438.0,22.8,0.0
2024-03-26 07:47:41,440.0,23.0,0.0
2024-03-26 07:58:29,420.0,23.3,0.0
2024-03-26 08:09:16,448.0,23.5,0.0
2024-03-26 08:20:04,449.0,23.5,0.0
2024-03-26 08:30:51,441.0,23.5,0.0
2024-03-26 08:41:38,451.0,23.5,0.0
2024-03-26 08:52:26,454.0,23.5,0.0
2024-03-26 09:03:14,458.0,23.5,0.0
2024-03-26 09:14:01,460.0,23.3,0.0
2024-03-26 09:24:48,448.0,23.3,0.0
2024-03-26 09:35:36,468.0,23.3,0.0
2024-03-26 09:46:23,483.0,23.3,0.0
2024-03-26 09:57:11,487.0,23.3,0.0
2024-03-26 10:07:59,473.0,23.3,0.0
2024-03-26 10:18:46,487.0,23.3,0.0
2024-03-26 10:29:34,522.0,23.3,0.0
2024-03-26 10:40:22,507.0,23.3,0.0
2024-03-26 10:51:09,490.0,23.5,0.0
2024-03-26 11:01:57,499.0,23.5,0.0
2024-03-26 11:12:44,514.0,23.5,0.0
2024-03-26 11:23:31,500.0,23.5,0.0
2024-03-26 11:34:19,519.0,23.8,0.0
2024-03-26 11:45:06,508.0,23.8,0.0
2024-03-26 11:55:53,516.0,23.8,0.0
2024-03-26 12:06:40,536.0,23.8,0.0
2024-03-26 12:17:27,546.0,24.0,0.0
2024-03-26 12:28:15,585.0,23.8,57.0
2024-03-26 12:39:02,556.0,24.0,52.0
2024-03-26 12:49:50,555.0,24.0,12.0
2024-03-26 13:00:37,550.0,24.0,0.0
2024-03-26 13:11:25,547.0,24.0,0.0
2024-03-26 13:22:13,539.0,24.0,0.0
2024-03-26 13:33:00,549.0,24.3,0.0
2024-03-26 13:43:47,536.0,24.0,0.0
2024-03-26 13:54:34,515.0,24.3,0.0
2024-03-26 14:05:21,540.0,24.3,0.0
2024-03-26 14:16:08,520.0,24.3,0.0
2024-03-26 14:26:55,513.0,24.3,0.0
2024-03-26 14:37:43,492.0,24.0,1.0
2024-03-26 14:48:30,505.0,24.0,0.0
2024-03-26 14:59:18,507.0,24.0,0.0
2024-03-26 15:10:05,507.0,24.0,0.0
2024-03-26 15:20:52,497.0,24.0,0.0
2024-03-26 15:31:40,508.0,24.0,0.0
2024-03-26 15:42:27,493.0,24.0,0.0
2024-03-26 15:53:14,500.0,24.0,0.0
2024-03-26 16:04:01,489.0,24.0,0.0
2024-03-26 16:14:48,504.0,24.0,3.0
2024-03-26 16:25:36,509.0,24.0,0.0
2024-03-26 16:36:23,513.0,24.0,0.0
2024-03-26 16:47:11,547.0,24.0,0.0
2024-03-26 16:57:58,520.0,24.0,0.0
2024-03-26 17:08:46,520.0,24.0,0.0
2024-03-26 17:19:33,560.0,24.0,0.0
2024-03-26 17:30:21,563.0,24.0,0.0
2024-03-26 17:41:08,569.0,24.0,0.0
2024-03-26 17:51:56,552.0,24.0,0.0
2024-03-26 18:02:43,531.0,24.0,0.0
2024-03-26 18:13:31,517.0,24.0,0.0
2024-03-26 18:24:19,546.0,23.8,0.0
2024-03-26 18:35:06,541.0,23.8,0.0
2024-03-26 18:45:53,558.0,23.8,0.0
2024-03-26 18:56:41,568.0,23.8,0.0
2024-03-26 19:07:28,567.0,23.8,0.0
2024-03-26 19:18:16,549.0,23.8,0.0
2024-03-26 19:29:03,515.0,23.5,0.0
2024-03-26 19:39:50,521.0,23.5,0.0
2024-03-26 19:50:38,490.0,23.5,0.0
2024-03-26 20:01:24,499.0,23.3,0.0
2024-03-26 20:12:12,467.0,23.5,0.0
2024-03-26 20:22:59,480.0,23.5,0.0
2024-03-26 20:33:46,479.0,23.5,0.0
2024-03-26 20:44:33,470.0,23.5,0.0
2024-03-26 20:55:21,464.0,23.3,0.0
2024-03-26 21:06:08,458.0,23.3,0.0
2024-03-26 21:16:56,446.0,23.3,0.0
2024-03-26 21:27:43,443.0,23.5,0.0
2024-03-26 21:38:31,463.0,23.5,0.0
2024-03-26 21:49:19,451.0,23.5,0.0
2024-03-26 22:00:07,461.0,23.5,0.0
2024-03-26 22:10:54,457.0,23.3,0.0
2024-03-26 22:21:41,457.0,23.0,0.0
2024-03-26 22:32:29,472.0,23.0,0.0
2024-03-26 22:43:16,453.0,23.0,0.0
2024-03-26 22:54:03,459.0,23.3,0.0
2024-03-26 23:04:50,458.0,23.3,0.0
2024-03-26 23:15:37,452.0,23.3,0.0
2024-03-26 23:26:24,454.0,23.3,0.0
2024-03-26 23:37:14,467.0,23.3,0.0
2024-03-26 23:48:01,475.0,23.3,0.0
2024-03-26 23:58:49,447.0,23.3,0.0
2024-03-27 00:09:36,468.0,23.3,0.0
2024-03-27 00:20:24,467.0,23.3,0.0
2024-03-27 00:31:11,459.0,23.3,0.0
2024-03-27 00:41:58,459.0,23.3,0.0
2024-03-27 00:52:46,463.0,23.3,0.0
2024-03-27 01:03:33,465.0,23.3,0.0
2024-03-27 01:14:21,459.0,23.3,0.0
2024-03-27 01:25:09,448.0,23.0,0.0
2024-03-27 01:35:58,465.0,23.0,0.0
2024-03-27 01:46:46,466.0,23.0,0.0
2024-03-27 01:57:35,460.0,23.0,0.0
2024-03-27 02:08:23,464.0,23.0,0.0
2024-03-27 02:19:12,452.0,22.8,0.0
2024-03-27 02:30:00,452.0,22.8,0.0
2024-03-27 02:40:47,448.0,22.8,0.0
2024-03-27 02:51:34,459.0,22.8,0.0
2024-03-27 03:02:22,439.0,22.8,1.0
2024-03-27 03:13:08,455.0,22.5,0.0
2024-03-27 03:23:56,445.0,22.5,1.0
2024-03-27 03:34:43,452.0,22.5,0.0
2024-03-27 03:45:31,453.0,22.5,1.0
2024-03-27 03:56:18,457.0,22.5,1.0
2024-03-27 04:07:05,463.0,22.5,3.0
2024-03-27 04:17:52,448.0,22.5,3.0
2024-03-27 04:28:40,437.0,22.5,3.0
2024-03-27 04:39:28,446.0,22.5,1.0
2024-03-27 04:50:16,448.0,22.5,3.0
2024-03-27 05:01:04,448.0,22.5,3.0
2024-03-27 05:11:51,433.0,22.5,1.0
2024-03-27 05:22:39,446.0,22.3,1.0
2024-03-27 05:33:26,445.0,22.3,2.0
2024-03-27 05:44:14,451.0,22.3,3.0
2024-03-27 05:55:01,445.0,22.3,3.0
2024-03-27 06:05:48,451.0,22.3,1.0
2024-03-27 06:16:36,440.0,22.3,1.0
2024-03-27 06:27:23,437.0,22.5,1.0
2024-03-27 06:38:11,437.0,22.5,1.0
2024-03-27 06:48:58,444.0,22.5,3.0
2024-03-27 06:59:46,440.0,22.5,1.0
2024-03-27 07:10:33,428.0,22.3,0.0
2024-03-27 07:21:20,435.0,22.3,0.0
2024-03-27 07:32:08,437.0,22.5,0.0
2024-03-27 07:42:55,444.0,22.8,0.0
2024-03-27 07:53:42,443.0,23.0,0.0
2024-03-27 08:04:29,447.0,23.0,0.0
2024-03-27 08:15:17,458.0,23.3,0.0
2024-03-27 08:26:04,453.0,23.3,0.0
2024-03-27 08:36:51,454.0,23.3,0.0
2024-03-27 08:47:38,472.0,23.3,0.0
2024-03-27 08:58:25,473.0,23.3,0.0
2024-03-27 09:09:13,468.0,23.3,0.0
2024-03-27 09:20:00,474.0,23.3,0.0
2024-03-27 09:30:47,476.0,23.3,0.0
2024-03-27 09:41:34,495.0,23.3,0.0
2024-03-27 09:52:21,515.0,23.3,0.0
2024-03-27 10:03:08,504.0,23.3,0.0
2024-03-27 10:13:56,494.0,23.3,0.0
2024-03-27 10:24:42,511.0,23.5,0.0
2024-03-27 10:35:29,529.0,23.5,0.0
2024-03-27 10:46:18,544.0,23.5,0.0
2024-03-27 10:57:05,535.0,23.5,0.0
2024-03-27 11:07:53,533.0,23.5,0.0
2024-03-27 11:18:40,539.0,23.5,0.0
2024-03-27 11:29:28,526.0,23.5,0.0
2024-03-27 11:40:16,546.0,23.8,0.0
2024-03-27 11:51:03,547.0,23.8,0.0
2024-03-27 12:01:50,572.0,23.8,0.0
2024-03-27 12:12:37,547.0,24.0,7.0
2024-03-27 12:23:24,553.0,24.0,0.0
2024-03-27 12:34:12,558.0,24.0,1.0
2024-03-27 12:44:59,564.0,24.0,1.0
2024-03-27 12:55:46,550.0,24.3,0.0
2024-03-27 13:06:33,535.0,24.3,0.0
2024-03-27 13:17:21,546.0,24.3,0.0
2024-03-27 13:28:08,522.0,24.3,0.0
2024-03-27 13:38:55,533.0,24.3,0.0
2024-03-27 13:49:43,517.0,24.3,0.0
2024-03-27 14:00:30,507.0,24.3,0.0
2024-03-27 14:11:19,518.0,24.3,0.0
2024-03-27 14:22:07,537.0,24.3,0.0
2024-03-27 14:32:54,496.0,24.3,0.0
2024-03-27 14:43:42,490.0,24.3,0.0
2024-03-27 14:54:29,476.0,24.0,0.0
2024-03-27 15:05:16,497.0,24.0,0.0
2024-03-27 15:16:03,497.0,24.0,0.0
2024-03-27 15:26:50,478.0,24.0,0.0
2024-03-27 15:37:37,487.0,24.0,0.0
2024-03-27 15:48:24,493.0,24.0,0.0
2024-03-27 15:59:11,483.0,24.0,0.0
2024-03-27 16:09:59,494.0,24.0,0.0
2024-03-27 16:20:46,481.0,23.8,105.0
2024-03-27 16:31:33,487.0,23.8,19.0
2024-03-27 16:42:21,485.0,23.8,0.0
2024-03-27 16:53:07,499.0,23.5,0.0
2024-03-27 17:03:55,507.0,23.5,0.0
2024-03-27 17:14:41,499.0,23.5,0.0
2024-03-27 17:25:28,496.0,23.5,0.0
2024-03-27 17:36:16,495.0,23.5,0.0
2024-03-27 17:47:03,494.0,23.5,0.0
2024-03-27 17:57:50,486.0,23.5,0.0
2024-03-27 18:08:37,485.0,23.5,0.0
2024-03-27 18:19:25,502.0,23.3,0.0
2024-03-27 18:30:13,482.0,23.5,0.0
2024-03-27 18:41:00,485.0,23.5,0.0
2024-03-27 18:51:47,481.0,23.3,0.0
2024-03-27 19:02:34,490.0,23.3,0.0
2024-03-27 19:13:21,485.0,23.3,0.0
2024-03-27 19:24:09,486.0,23.3,0.0
2024-03-27 19:34:56,471.0,23.3,0.0
2024-03-27 19:45:43,472.0,23.3,0.0
2024-03-27 19:56:29,473.0,23.3,0.0
2024-03-27 20:07:17,482.0,23.3,0.0
2024-03-27 20:18:04,469.0,23.0,0.0
2024-03-27 20:28:52,498.0,23.0,0.0
2024-03-27 20:39:40,484.0,23.0,0.0
2024-03-27 20:50:28,481.0,23.0,0.0
2024-03-27 21:01:15,503.0,23.0,0.0
2024-03-27 21:12:03,508.0,23.0,0.0
2024-03-27 21:22:50,475.0,23.0,0.0
2024-03-27 21:33:37,461.0,23.0,0.0
2024-03-27 21:44:23,467.0,23.0,0.0
2024-03-27 21:55:10,454.0,23.0,0.0
2024-03-27 22:05:57,450.0,23.3,0.0
2024-03-27 22:16:45,448.0,23.3,0.0
2024-03-27 22:27:33,433.0,23.0,0.0
2024-03-27 22:38:20,436.0,23.0,0.0
2024-03-27 22:49:07,456.0,23.0,0.0
2024-03-27 22:59:54,442.0,23.0,0.0
2024-03-27 23:10:41,436.0,23.0,0.0
2024-03-27 23:21:28,434.0,23.3,0.0
2024-03-27 23:32:16,431.0,23.3,0.0
2024-03-27 23:43:03,428.0,23.3,0.0
2024-03-27 23:53:51,444.0,23.3,0.0
2024-03-28 00:04:39,431.0,23.3,0.0
2024-03-28 00:15:27,424.0,23.3,0.0
2024-03-28 00:26:14,439.0,23.3,0.0
2024-03-28 00:37:02,436.0,23.0,0.0
2024-03-28 00:47:49,424.0,23.0,0.0
2024-03-28 00:58:37,423.0,23.0,0.0
2024-03-28 01:09:24,434.0,23.0,0.0
2024-03-28 01:20:11,444.0,23.0,0.0
2024-03-28 01:30:58,433.0,23.0,0.0
2024-03-28 01:41:45,432.0,22.8,0.0
2024-03-28 01:52:33,445.0,22.8,0.0
2024-03-28 02:03:20,431.0,22.8,0.0
2024-03-28 02:14:07,429.0,22.8,0.0
2024-03-28 02:24:55,425.0,22.8,0.0
2024-03-28 02:35:43,435.0,22.8,0.0
2024-03-28 02:46:30,447.0,22.5,0.0
2024-03-28 02:57:19,423.0,22.5,0.0
2024-03-28 03:08:07,431.0,22.5,0.0
2024-03-28 03:18:55,438.0,22.5,0.0
2024-03-28 03:29:43,436.0,22.5,0.0
2024-03-28 03:40:30,426.0,22.5,0.0
2024-03-28 03:51:16,431.0,22.5,0.0
2024-03-28 04:02:03,429.0,22.5,0.0
2024-03-28 04:12:51,433.0,22.5,0.0
2024-03-28 04:23:38,422.0,22.3,0.0
2024-03-28 04:34:25,441.0,22.3,0.0
2024-03-28 04:45:12,437.0,22.3,0.0
2024-03-28 04:55:59,427.0,22.3,0.0
2024-03-28 05:06:46,439.0,22.3,0.0
2024-03-28 05:17:33,423.0,22.3,0.0
2024-03-28 05:28:20,433.0,22.3,6.0
2024-03-28 05:39:08,422.0,22.3,1.0
2024-03-28 05:49:56,437.0,22.3,0.0
2024-03-28 06:00:44,445.0,22.3,0.0
2024-03-28 06:11:33,434.0,22.3,0.0
2024-03-28 06:22:21,426.0,22.3,0.0
2024-03-28 06:33:09,436.0,22.3,0.0
2024-03-28 06:43:56,432.0,22.3,0.0
2024-03-28 06:54:44,427.0,22.3,0.0
2024-03-28 07:05:33,432.0,22.3,0.0
2024-03-28 07:16:20,432.0,22.0,0.0
2024-03-28 07:27:08,419.0,22.5,0.0
2024-03-28 07:37:56,429.0,22.8,0.0
2024-03-28 07:48:44,428.0,23.0,0.0
2024-03-28 07:59:33,436.0,23.3,0.0
2024-03-28 08:10:21,433.0,23.3,0.0
2024-03-28 08:21:09,435.0,23.3,0.0
2024-03-28 08:31:57,442.0,23.0,0.0
2024-03-28 08:42:45,448.0,23.0,0.0
2024-03-28 08:53:33,459.0,23.0,0.0
2024-03-28 09:04:21,448.0,23.0,0.0
2024-03-28 09:15:09,462.0,23.0,0.0
2024-03-28 09:25:58,475.0,23.0,0.0
2024-03-28 09:36:46,480.0,23.0,0.0
2024-03-28 09:47:35,476.0,23.0,0.0
2024-03-28 09:58:23,489.0,23.0,0.0
2024-03-28 10:09:11,489.0,23.0,0.0
2024-03-28 10:19:59,495.0,23.0,0.0
2024-03-28 10:30:47,506.0,23.3,0.0
2024-03-28 10:41:35,525.0,23.3,0.0
2024-03-28 10:52:23,551.0,23.3,0.0
2024-03-28 11:03:11,553.0,23.3,0.0
2024-03-28 11:14:01,573.0,23.3,0.0
2024-03-28 11:24:50,556.0,23.3,0.0
2024-03-28 11:35:38,548.0,23.5,0.0
2024-03-28 11:46:26,533.0,23.5,0.0
2024-03-28 11:57:14,531.0,23.5,0.0
2024-03-28 12:08:02,515.0,23.5,0.0
2024-03-28 12:18:50,510.0,23.8,0.0
2024-03-28 12:29:38,532.0,23.8,0.0
2024-03-28 12:40:26,522.0,23.8,0.0
2024-03-28 12:51:14,526.0,23.8,0.0
2024-03-28 13:02:03,544.0,24.0,0.0
2024-03-28 13:12:50,531.0,24.0,0.0
2024-03-28 13:23:39,554.0,24.0,0.0
2024-03-28 13:34:27,541.0,24.0,0.0
2024-03-28 13:45:14,550.0,24.0,0.0
2024-03-28 13:56:02,515.0,23.8,0.0
2024-03-28 14:06:50,549.0,23.8,0.0
2024-03-28 14:17:39,542.0,24.0,0.0
2024-03-28 14:28:27,520.0,23.8,0.0
2024-03-28 14:39:15,501.0,23.8,0.0
2024-03-28 14:50:03,515.0,24.0,0.0
2024-03-28 15:00:52,503.0,24.0,0.0
2024-03-28 15:11:40,518.0,24.0,0.0
2024-03-28 15:22:29,521.0,23.8,0.0
2024-03-28 15:33:17,494.0,23.8,0.0
2024-03-28 15:44:05,510.0,23.8,34.0
2024-03-28 15:54:53,515.0,23.8,0.0
2024-03-28 16:05:40,494.0,23.8,0.0
2024-03-28 16:16:29,503.0,23.8,0.0
2024-03-28 16:27:18,498.0,23.8,0.0
2024-03-28 16:38:06,502.0,23.8,0.0
2024-03-28 16:48:54,501.0,23.8,0.0
2024-03-28 16:59:42,518.0,23.8,0.0
2024-03-28 17:10:30,508.0,23.8,0.0
2024-03-28 17:21:17,508.0,24.0,0.0
2024-03-28 17:32:05,526.0,23.8,0.0
2024-03-28 17:42:54,527.0,23.8,0.0
2024-03-28 17:53:42,508.0,23.8,0.0
2024-03-28 18:04:30,498.0,23.8,0.0
2024-03-28 18:15:18,509.0,23.8,0.0
2024-03-28 18:26:07,502.0,23.3,0.0
2024-03-28 18:36:55,518.0,23.3,0.0
2024-03-28 18:47:43,507.0,23.3,0.0
2024-03-28 18:58:31,497.0,23.0,0.0
2024-03-28 19:09:20,496.0,23.0,0.0
2024-03-28 19:20:09,484.0,23.0,0.0
2024-03-28 19:30:57,490.0,23.0,0.0
2024-03-28 19:41:45,484.0,23.3,0.0
2024-03-28 19:52:33,477.0,23.3,0.0
2024-03-28 20:03:20,476.0,23.3,0.0
2024-03-28 20:14:08,475.0,23.3,0.0
2024-03-28 20:24:55,478.0,23.3,0.0
2024-03-28 20:35:44,474.0,23.3,0.0
2024-03-28 20:46:32,466.0,23.0,0.0
2024-03-28 20:57:20,470.0,23.3,0.0
2024-03-28 21:08:08,481.0,23.0,0.0
2024-03-28 21:18:56,450.0,23.3,0.0
2024-03-28 21:29:45,453.0,23.0,14.0
2024-03-28 21:40:33,471.0,23.0,47.0
2024-03-28 21:51:20,460.0,23.0,72.0
2024-03-28 22:02:10,471.0,23.0,69.0
2024-03-28 22:12:58,459.0,23.0,48.0
2024-03-28 22:23:46,466.0,23.0,29.0
2024-03-28 22:34:35,447.0,23.0,37.0
2024-03-28 22:45:23,456.0,22.8,69.0
2024-03-28 22:56:10,457.0,22.8,52.0
2024-03-28 23:06:58,462.0,22.8,34.0
2024-03-28 23:17:46,469.0,23.0,34.0
2024-03-28 23:28:34,456.0,23.0,37.0
2024-03-28 23:39:22,461.0,23.0,37.0
2024-03-28 23:50:11,465.0,23.0,37.0
2024-03-29 00:00:58,467.0,23.0,37.0
2024-03-29 00:11:46,458.0,23.0,34.0
2024-03-29 00:22:34,460.0,22.8,34.0
2024-03-29 00:33:22,476.0,22.8,34.0
2024-03-29 00:44:10,467.0,22.8,34.0
2024-03-29 00:54:58,460.0,22.8,34.0
2024-03-29 01:05:46,452.0,22.8,32.0
2024-03-29 01:16:35,453.0,22.5,32.0
2024-03-29 01:27:25,470.0,22.5,32.0
2024-03-29 01:38:12,467.0,22.5,32.0
2024-03-29 01:49:01,455.0,22.3,29.0
2024-03-29 01:59:49,454.0,22.3,27.0
2024-03-29 02:10:39,451.0,22.3,27.0
2024-03-29 02:21:27,456.0,22.3,27.0
2024-03-29 02:32:15,456.0,22.3,24.0
2024-03-29 02:43:03,452.0,22.3,24.0
2024-03-29 02:53:51,461.0,22.0,24.0
2024-03-29 03:04:38,459.0,22.0,24.0
2024-03-29 03:15:26,456.0,22.0,24.0
2024-03-29 03:26:14,462.0,21.8,24.0
2024-03-29 03:37:02,456.0,21.8,21.0
2024-03-29 03:47:50,462.0,21.8,21.0
2024-03-29 03:58:38,460.0,21.5,21.0
2024-03-29 04:09:26,453.0,21.5,24.0
2024-03-29 04:20:15,454.0,21.5,19.0
2024-03-29 04:31:02,451.0,21.5,16.0
2024-03-29 04:41:50,447.0,21.3,19.0
2024-03-29 04:52:38,451.0,21.3,16.0
2024-03-29 05:03:27,442.0,21.3,21.0
2024-03-29 05:14:15,450.0,21.3,16.0
2024-03-29 05:25:03,449.0,21.3,14.0
2024-03-29 05:35:52,460.0,21.3,14.0
2024-03-29 05:46:41,454.0,21.0,14.0
2024-03-29 05:57:29,461.0,21.0,11.0
2024-03-29 06:08:17,464.0,21.0,11.0
2024-03-29 06:19:05,465.0,21.0,9.0
2024-03-29 06:29:53,461.0,21.0,11.0
2024-03-29 06:40:41,453.0,21.0,9.0
2024-03-29 06:51:29,450.0,21.0,6.0
2024-03-29 07:02:18,446.0,21.0,6.0
2024-03-29 07:13:06,449.0,20.8,1.0
2024-03-29 07:23:54,452.0,20.8,0.0
2024-03-29 07:34:42,443.0,21.0,0.0
2024-03-29 07:45:30,432.0,21.5,0.0
2024-03-29 07:56:18,449.0,22.5,0.0
2024-03-29 08:07:06,437.0,22.8,0.0
2024-03-29 08:17:55,447.0,23.0,0.0
2024-03-29 08:28:43,431.0,23.3,0.0
2024-03-29 08:39:31,441.0,23.8,0.0
2024-03-29 08:50:19,445.0,24.0,0.0
2024-03-29 09:01:07,439.0,24.3,0.0
2024-03-29 09:11:55,444.0,24.5,0.0
2024-03-29 09:22:43,441.0,24.5,0.0
2024-03-29 09:33:30,465.0,24.5,0.0
2024-03-29 09:44:18,475.0,24.3,0.0
2024-03-29 09:55:06,466.0,24.3,0.0
2024-03-29 10:05:54,471.0,23.8,0.0
2024-03-29 10:16:42,471.0,23.5,0.0
2024-03-29 10:27:31,469.0,23.5,0.0
2024-03-29 10:38:19,467.0,23.5,0.0
2024-03-29 10:49:07,467.0,23.5,0.0
2024-03-29 10:59:54,471.0,23.8,0.0
2024-03-29 11:10:44,477.0,23.8,0.0
2024-03-29 11:21:32,476.0,23.8,0.0
2024-03-29 11:32:20,485.0,23.8,0.0
2024-03-29 11:43:08,473.0,24.0,0.0
2024-03-29 11:53:56,477.0,24.0,0.0
2024-03-29 12:04:43,459.0,24.0,0.0
2024-03-29 12:15:31,477.0,24.3,0.0
2024-03-29 12:26:19,462.0,24.3,0.0
2024-03-29 12:37:07,434.0,24.3,0.0
2024-03-29 12:47:55,440.0,24.0,0.0
2024-03-29 12:58:42,434.0,24.0,0.0
2024-03-29 13:09:30,432.0,24.0,0.0
2024-03-29 13:20:20,452.0,23.8,0.0
2024-03-29 13:31:07,433.0,23.8,0.0
2024-03-29 13:41:56,441.0,23.8,0.0
2024-03-29 13:52:45,446.0,23.8,0.0
2024-03-29 14:03:33,442.0,23.8,0.0
2024-03-29 14:14:21,425.0,24.0,0.0
2024-03-29 14:25:09,445.0,24.0,0.0
2024-03-29 14:35:57,427.0,24.3,0.0
2024-03-29 14:46:46,420.0,24.5,0.0
2024-03-29 14:57:34,431.0,24.5,0.0
2024-03-29 15:08:23,436.0,24.8,0.0
2024-03-29 15:19:11,430.0,24.5,0.0
2024-03-29 15:29:58,432.0,24.5,0.0
2024-03-29 15:40:46,438.0,24.5,0.0
2024-03-29 15:51:35,433.0,24.5,0.0
2024-03-29 16:02:23,427.0,24.5,0.0
2024-03-29 16:13:11,432.0,24.5,0.0
2024-03-29 16:23:59,426.0,24.3,0.0
2024-03-29 16:34:47,428.0,24.3,0.0
2024-03-29 16:45:35,441.0,24.0,0.0
2024-03-29 16:56:23,444.0,24.0,0.0
2024-03-29 17:07:11,426.0,23.8,0.0
2024-03-29 17:17:59,425.0,23.8,0.0
2024-03-29 17:28:47,429.0,23.8,0.0
2024-03-29 17:39:34,436.0,23.5,0.0
2024-03-29 17:50:22,423.0,23.5,0.0
2024-03-29 18:01:10,432.0,23.5,0.0
2024-03-29 18:11:58,434.0,23.5,0.0
2024-03-29 18:22:46,426.0,23.3,0.0
2024-03-29 18:33:33,428.0,23.3,0.0
2024-03-29 18:44:21,424.0,23.3,0.0
2024-03-29 18:55:09,427.0,23.3,0.0
2024-03-29 19:05:57,427.0,23.0,0.0
2024-03-29 19:16:45,435.0,23.0,0.0
2024-03-29 19:27:33,439.0,22.8,0.0
2024-03-29 19:38:21,427.0,22.5,0.0
2024-03-29 19:49:09,429.0,22.5,0.0
2024-03-29 19:59:57,429.0,22.3,0.0
2024-03-29 20:10:46,452.0,22.3,0.0
2024-03-29 20:21:34,435.0,22.0,0.0
2024-03-29 20:32:22,434.0,22.0,0.0
2024-03-29 20:43:10,439.0,22.0,0.0
2024-03-29 20:53:58,452.0,21.8,0.0
2024-03-29 21:04:46,443.0,21.8,0.0
2024-03-29 21:15:34,447.0,21.8,0.0
2024-03-29 21:26:23,449.0,21.8,0.0
2024-03-29 21:37:10,448.0,22.3,0.0
2024-03-29 21:47:58,434.0,22.5,0.0
2024-03-29 21:58:46,439.0,22.8,0.0
2024-03-29 22:09:34,438.0,23.3,0.0
2024-03-29 22:20:23,445.0,23.5,0.0
2024-03-29 22:31:11,434.0,23.8,0.0
2024-03-29 22:41:59,436.0,23.5,0.0
2024-03-29 22:52:46,445.0,23.3,0.0
2024-03-29 23:03:34,447.0,23.3,0.0
2024-03-29 23:14:23,451.0,23.0,0.0
2024-03-29 23:25:11,450.0,23.0,0.0
2024-03-29 23:35:59,439.0,23.0,0.0
2024-03-29 23:46:47,448.0,23.0,0.0
2024-03-29 23:57:35,463.0,23.0,0.0
2024-03-30 00:08:23,444.0,23.0,0.0
2024-03-30 00:19:12,454.0,23.0,0.0
2024-03-30 00:30:00,454.0,22.8,0.0
2024-03-30 00:40:48,452.0,22.8,0.0
2024-03-30 00:51:37,461.0,22.8,0.0
2024-03-30 01:02:25,449.0,22.8,0.0
2024-03-30 01:13:13,450.0,22.5,0.0
2024-03-30 01:24:01,454.0,22.5,0.0
2024-03-30 01:34:49,449.0,22.5,0.0
2024-03-30 01:45:37,464.0,22.3,0.0
2024-03-30 01:56:25,454.0,22.3,0.0
2024-03-30 02:07:14,455.0,22.3,0.0
2024-03-30 02:18:02,451.0,22.3,0.0
2024-03-30 02:28:51,446.0,22.3,0.0
2024-03-30 02:39:39,450.0,22.0,3.0
2024-03-30 02:50:28,438.0,22.0,0.0
2024-03-30 03:01:16,459.0,22.0,0.0
2024-03-30 03:12:05,445.0,22.0,0.0
2024-03-30 03:22:53,465.0,22.0,0.0
2024-03-30 03:33:42,451.0,22.0,1.0
2024-03-30 03:44:30,440.0,22.0,1.0
2024-03-30 03:55:17,451.0,21.8,0.0
2024-03-30 04:06:05,447.0,21.8,3.0
2024-03-30 04:16:53,459.0,21.8,1.0
2024-03-30 04:27:41,455.0,21.8,3.0
2024-03-30 04:38:29,442.0,21.8,3.0
2024-03-30 04:49:17,444.0,21.8,0.0
2024-03-30 05:00:05,434.0,21.8,0.0
2024-03-30 05:10:54,460.0,21.8,0.0
2024-03-30 05:21:42,458.0,21.5,0.0
2024-03-30 05:32:31,445.0,21.5,1.0
2024-03-30 05:43:19,448.0,21.5,1.0
2024-03-30 05:54:07,461.0,21.5,1.0
2024-03-30 06:04:55,434.0,21.5,1.0
2024-03-30 06:15:44,451.0,21.5,1.0
2024-03-30 06:26:32,451.0,21.5,1.0
2024-03-30 06:37:20,464.0,21.8,1.0
2024-03-30 06:48:08,457.0,21.8,1.0
2024-03-30 06:58:57,446.0,21.8,1.0
2024-03-30 07:09:46,455.0,21.8,0.0
2024-03-30 07:20:34,454.0,21.8,0.0
2024-03-30 07:31:24,454.0,22.0,0.0
2024-03-30 07:42:12,440.0,22.5,0.0
2024-03-30 07:53:00,451.0,22.8,0.0
2024-03-30 08:03:48,439.0,23.0,0.0
2024-03-30 08:14:36,442.0,23.3,0.0
2024-03-30 08:25:24,442.0,23.3,0.0
2024-03-30 08:36:12,439.0,23.3,0.0
2024-03-30 08:47:00,439.0,23.3,0.0
2024-03-30 08:57:48,448.0,23.3,0.0
2024-03-30 09:08:36,450.0,23.3,0.0
2024-03-30 09:19:24,461.0,23.3,0.0
2024-03-30 09:30:12,450.0,23.3,0.0
2024-03-30 09:41:00,457.0,23.3,0.0
2024-03-30 09:51:48,448.0,23.3,0.0
2024-03-30 10:02:37,459.0,23.3,0.0
2024-03-30 10:13:25,469.0,23.3,0.0
2024-03-30 10:24:13,469.0,23.3,0.0
2024-03-30 10:35:00,469.0,23.3,0.0
2024-03-30 10:45:48,454.0,23.5,0.0
2024-03-30 10:56:35,452.0,23.5,0.0
2024-03-30 11:07:23,465.0,23.8,0.0
2024-03-30 11:18:11,445.0,23.8,0.0
2024-03-30 11:29:00,450.0,23.5,0.0
2024-03-30 11:39:47,457.0,23.8,0.0
2024-03-30 11:50:35,453.0,24.0,0.0
2024-03-30 12:01:23,466.0,24.0,0.0
2024-03-30 12:12:11,459.0,24.0,0.0
2024-03-30 12:23:00,464.0,24.3,0.0
2024-03-30 12:33:48,484.0,24.0,0.0
2024-03-30 12:44:36,455.0,24.3,0.0
2024-03-30 12:55:24,471.0,24.3,0.0
2024-03-30 13:06:12,470.0,24.3,0.0
2024-03-30 13:17:00,466.0,24.3,0.0
2024-03-30 13:27:49,454.0,24.3,0.0
2024-03-30 13:38:36,448.0,24.3,0.0
2024-03-30 13:49:25,449.0,24.3,0.0
2024-03-30 14:00:13,439.0,24.3,0.0
2024-03-30 14:11:01,436.0,24.0,0.0
2024-03-30 14:21:49,430.0,24.0,0.0
2024-03-30 14:32:36,435.0,24.0,0.0
2024-03-30 14:43:24,434.0,23.8,0.0
2024-03-30 14:54:12,434.0,23.8,0.0
2024-03-30 15:05:00,449.0,23.8,0.0
2024-03-30 15:15:48,430.0,23.5,0.0
2024-03-30 15:26:36,436.0,23.5,0.0
2024-03-30 15:37:24,454.0,23.5,0.0
2024-03-30 15:48:12,448.0,23.3,0.0
2024-03-30 15:59:00,439.0,23.3,0.0
2024-03-30 16:09:48,434.0,23.3,0.0
2024-03-30 16:20:36,441.0,23.3,0.0
2024-03-30 16:31:24,442.0,23.0,0.0
2024-03-30 16:42:12,436.0,23.0,0.0
2024-03-30 16:53:01,416.0,23.0,0.0
2024-03-30 17:03:48,442.0,23.0,0.0
2024-03-30 17:14:36,432.0,23.0,0.0
2024-03-30 17:25:24,436.0,23.0,0.0
2024-03-30 17:36:11,438.0,22.8,0.0
2024-03-30 17:47:00,449.0,22.8,0.0
2024-03-30 17:57:48,439.0,22.8,0.0
2024-03-30 18:08:35,449.0,22.8,0.0
2024-03-30 18:19:23,429.0,22.8,0.0
2024-03-30 18:30:11,438.0,22.5,0.0
2024-03-30 18:40:59,428.0,22.5,0.0
2024-03-30 18:51:47,438.0,22.5,0.0
2024-03-30 19:02:36,430.0,22.5,0.0
2024-03-30 19:13:24,438.0,22.3,0.0
2024-03-30 19:24:12,436.0,22.3,0.0
2024-03-30 19:34:59,449.0,22.0,0.0
2024-03-30 19:45:47,441.0,22.0,0.0
2024-03-30 19:56:35,445.0,21.8,0.0
2024-03-30 20:07:23,431.0,21.8,0.0
2024-03-30 20:18:11,428.0,21.8,0.0
2024-03-30 20:28:58,447.0,21.5,0.0
2024-03-30 20:39:46,442.0,21.5,0.0
2024-03-30 20:50:34,448.0,21.5,0.0
2024-03-30 21:01:22,446.0,21.5,0.0
2024-03-30 21:12:10,437.0,22.0,0.0
2024-03-30 21:22:58,435.0,22.3,0.0
2024-03-30 21:33:45,425.0,22.3,0.0
2024-03-30 21:44:33,452.0,22.5,0.0
2024-03-30 21:55:20,447.0,22.5,0.0
2024-03-30 22:06:08,446.0,22.5,0.0
2024-03-30 22:16:56,437.0,22.8,0.0
2024-03-30 22:27:44,443.0,22.8,0.0
2024-03-30 22:38:31,448.0,22.8,0.0
2024-03-30 22:49:19,431.0,22.8,0.0
2024-03-30 23:00:08,446.0,22.8,0.0
2024-03-30 23:10:56,426.0,22.8,0.0
2024-03-30 23:21:44,460.0,23.0,0.0
2024-03-30 23:32:32,441.0,23.0,0.0
2024-03-30 23:43:20,449.0,23.0,0.0
2024-03-30 23:54:08,455.0,22.8,0.0
2024-03-31 00:04:56,446.0,22.8,0.0
2024-03-31 00:15:44,464.0,22.8,0.0
2024-03-31 00:26:32,450.0,22.8,0.0
2024-03-31 00:37:20,447.0,22.5,0.0
2024-03-31 00:48:08,462.0,22.5,0.0
2024-03-31 00:58:56,446.0,22.5,0.0
2024-03-31 01:09:43,452.0,22.3,0.0
2024-03-31 01:20:31,449.0,22.3,0.0
2024-03-31 01:31:19,454.0,22.3,0.0
2024-03-31 01:42:07,467.0,22.3,0.0
2024-03-31 01:52:55,448.0,22.0,0.0
2024-03-31 02:03:42,460.0,22.0,0.0
2024-03-31 02:14:31,460.0,22.0,0.0
2024-03-31 02:25:19,462.0,22.0,0.0
2024-03-31 02:36:07,460.0,21.8,0.0
2024-03-31 02:46:55,463.0,21.8,0.0
2024-03-31 02:57:42,461.0,21.8,3.0
2024-03-31 03:08:31,460.0,21.8,1.0
2024-03-31 03:19:18,464.0,21.5,0.0
2024-03-31 03:30:07,466.0,21.5,1.0
2024-03-31 03:40:55,472.0,21.5,1.0
2024-03-31 03:51:43,459.0,21.5,0.0
2024-03-31 04:02:30,473.0,21.5,0.0
2024-03-31 04:13:19,451.0,21.5,0.0
2024-03-31 04:24:07,469.0,21.5,0.0
2024-03-31 04:34:56,454.0,21.5,0.0
2024-03-31 04:45:44,467.0,21.5,0.0
2024-03-31 04:56:31,458.0,21.5,0.0
2024-03-31 05:07:19,463.0,21.5,0.0
2024-03-31 05:18:07,462.0,21.5,0.0
2024-03-31 05:28:55,465.0,21.5,0.0
2024-03-31 05:39:42,457.0,21.5,1.0
2024-03-31 05:50:30,467.0,21.5,1.0
2024-03-31 06:01:17,456.0,21.5,0.0
2024-03-31 06:12:06,450.0,21.5,0.0
2024-03-31 06:22:53,460.0,21.3,0.0
2024-03-31 06:33:40,457.0,21.5,0.0
2024-03-31 06:44:28,451.0,21.5,0.0
2024-03-31 06:55:16,470.0,21.5,0.0
2024-03-31 07:06:04,464.0,21.5,0.0
2024-03-31 07:16:52,457.0,21.5,0.0
2024-03-31 07:27:40,442.0,22.0,0.0
2024-03-31 07:38:28,442.0,22.3,0.0
2024-03-31 07:49:15,439.0,22.8,0.0
2024-03-31 08:00:03,444.0,23.3,0.0
2024-03-31 08:10:52,436.0,23.5,0.0
2024-03-31 08:21:39,445.0,23.8,0.0
2024-03-31 08:32:27,434.0,23.8,0.0
2024-03-31 08:43:15,453.0,24.0,0.0
2024-03-31 08:54:02,438.0,24.0,0.0
2024-03-31 09:04:50,448.0,23.8,0.0
2024-03-31 09:15:37,455.0,23.8,0.0
2024-03-31 09:26:25,448.0,23.5,0.0
2024-03-31 09:37:13,442.0,23.5,0.0
2024-03-31 09:48:02,444.0,23.5,0.0
2024-03-31 09:58:49,456.0,23.3,0.0
2024-03-31 10:09:37,437.0,23.3,0.0
2024-03-31 10:20:25,437.0,23.3,0.0
2024-03-31 10:31:13,448.0,23.3,0.0
2024-03-31 10:42:01,453.0,23.3,0.0
2024-03-31 10:52:49,453.0,23.3,0.0
2024-03-31 11:03:37,441.0,23.3,0.0
2024-03-31 11:14:25,449.0,23.3,0.0
2024-03-31 11:25:13,446.0,23.3,0.0
2024-03-31 11:36:01,447.0,23.3,0.0
2024-03-31 11:46:49,440.0,23.3,0.0
2024-03-31 11:57:37,429.0,23.3,0.0
2024-03-31 12:08:25,450.0,23.5,0.0
2024-03-31 12:19:14,455.0,23.5,0.0
2024-03-31 12:30:02,447.0,23.5,0.0
2024-03-31 12:40:51,456.0,23.5,0.0
2024-03-31 12:51:38,462.0,23.8,0.0
2024-03-31 13:02:26,450.0,23.8,0.0
2024-03-31 13:13:14,456.0,23.8,0.0
2024-03-31 13:24:02,463.0,23.8,0.0
2024-03-31 13:34:50,454.0,23.8,0.0
2024-03-31 13:45:38,451.0,23.8,0.0
2024-03-31 13:56:26,431.0,23.8,0.0
2024-03-31 14:07:13,435.0,23.8,0.0
2024-03-31 14:18:01,438.0,23.8,0.0
2024-03-31 14:28:48,432.0,23.8,0.0
2024-03-31 14:39:36,437.0,23.8,0.0
2024-03-31 14:50:24,440.0,24.0,0.0
2024-03-31 15:01:13,435.0,23.8,0.0
2024-03-31 15:12:01,429.0,23.8,0.0
2024-03-31 15:22:49,424.0,23.5,0.0
2024-03-31 15:33:37,433.0,23.5,0.0
2024-03-31 15:44:25,451.0,23.3,0.0
2024-03-31 15:55:14,425.0,23.3,0.0
2024-03-31 16:06:02,452.0,23.0,0.0
2024-03-31 16:16:50,450.0,23.0,0.0
2024-03-31 16:27:37,435.0,23.0,0.0
2024-03-31 16:38:25,438.0,23.0,0.0
2024-03-31 16:49:14,441.0,23.0,0.0
2024-03-31 17:00:02,445.0,22.8,0.0
2024-03-31 17:10:51,443.0,22.8,0.0
2024-03-31 17:21:40,451.0,22.8,0.0
2024-03-31 17:32:27,438.0,22.8,0.0
2024-03-31 17:43:16,437.0,22.8,0.0
2024-03-31 17:54:03,434.0,22.8,0.0
2024-03-31 18:04:51,424.0,22.8,0.0
2024-03-31 18:15:39,435.0,22.8,0.0
2024-03-31 18:26:28,447.0,22.5,0.0
2024-03-31 18:37:16,442.0,22.5,0.0
2024-03-31 18:48:04,435.0,22.5,0.0
2024-03-31 18:58:52,437.0,22.5,0.0
2024-03-31 19:09:40,444.0,22.3,0.0
2024-03-31 19:20:28,431.0,22.3,0.0
2024-03-31 19:31:15,435.0,22.0,0.0
2024-03-31 19:42:03,437.0,22.0,0.0
2024-03-31 19:52:52,447.0,22.0,0.0
2024-03-31 20:03:40,433.0,21.8,0.0
2024-03-31 20:14:28,436.0,21.8,0.0
2024-03-31 20:25:15,437.0,21.8,0.0
2024-03-31 20:36:03,439.0,21.8,0.0
2024-03-31 20:46:52,441.0,22.0,0.0
2024-03-31 20:57:40,444.0,22.5,0.0
2024-03-31 21:08:28,441.0,23.0,0.0
2024-03-31 21:19:17,444.0,23.5,0.0
2024-03-31 21:30:05,440.0,23.3,0.0
2024-03-31 21:40:53,447.0,23.0,0.0
2024-03-31 21:51:42,440.0,23.0,0.0
2024-03-31 22:02:30,431.0,23.0,0.0
2024-03-31 22:13:18,442.0,22.8,0.0
2024-03-31 22:24:05,436.0,22.8,0.0
2024-03-31 22:34:53,439.0,23.0,0.0
2024-03-31 22:45:40,429.0,23.0,0.0
2024-03-31 22:56:29,439.0,23.0,0.0
2024-03-31 23:07:17,433.0,23.0,0.0
2024-03-31 23:18:05,444.0,23.0,0.0
2024-03-31 23:28:54,441.0,23.0,0.0
2024-03-31 23:39:42,438.0,23.0,0.0
2024-03-31 23:50:30,453.0,23.0,0.0
2024-04-01 00:01:18,460.0,22.8,0.0
2024-04-01 00:12:09,450.0,22.8,0.0
2024-04-01 00:22:58,451.0,22.8,0.0
2024-04-01 00:33:46,434.0,22.8,0.0
2024-04-01 00:44:34,448.0,22.8,0.0
2024-04-01 00:55:21,445.0,22.5,0.0
2024-04-01 01:06:10,459.0,22.5,0.0
2024-04-01 01:16:59,450.0,22.5,0.0
2024-04-01 01:27:47,446.0,22.5,0.0
2024-04-01 01:38:34,453.0,22.3,0.0
2024-04-01 01:49:22,452.0,22.3,0.0
2024-04-01 02:00:13,442.0,22.3,0.0
2024-04-01 02:11:03,431.0,22.3,0.0
2024-04-01 02:21:51,434.0,22.3,0.0
2024-04-01 02:32:39,451.0,22.3,0.0
2024-04-01 02:43:27,454.0,22.0,0.0
2024-04-01 02:54:15,461.0,22.0,0.0
2024-04-01 03:05:03,463.0,22.0,0.0
2024-04-01 03:15:51,445.0,22.0,0.0
2024-04-01 03:26:39,459.0,22.0,0.0
2024-04-01 03:37:27,436.0,21.8,0.0
2024-04-01 03:48:15,452.0,21.8,0.0
2024-04-01 03:59:02,449.0,21.8,0.0
2024-04-01 04:09:51,453.0,21.8,0.0
2024-04-01 04:20:40,457.0,21.8,0.0
2024-04-01 04:31:28,474.0,21.8,0.0
2024-04-01 04:42:17,445.0,21.8,0.0
2024-04-01 04:53:05,461.0,21.5,0.0
2024-04-01 05:03:53,465.0,21.5,0.0
2024-04-01 05:14:41,475.0,21.5,0.0
2024-04-01 05:25:29,450.0,21.5,0.0
2024-04-01 05:36:17,465.0,21.5,0.0
2024-04-01 05:47:05,461.0,21.5,0.0
2024-04-01 05:57:53,458.0,21.5,0.0
2024-04-01 06:08:41,450.0,21.5,1.0
2024-04-01 06:19:29,465.0,21.3,0.0
2024-04-01 06:30:17,448.0,21.5,0.0
2024-04-01 06:41:05,448.0,21.5,0.0
2024-04-01 06:51:53,476.0,21.5,0.0
2024-04-01 07:02:41,464.0,21.5,0.0
2024-04-01 07:13:29,469.0,21.5,0.0
2024-04-01 07:24:17,482.0,21.5,0.0
2024-04-01 07:35:06,479.0,22.0,0.0
2024-04-01 07:45:54,477.0,22.8,0.0
2024-04-01 07:56:42,463.0,23.0,0.0
2024-04-01 08:07:30,465.0,23.0,0.0
2024-04-01 08:18:18,471.0,22.8,0.0
2024-04-01 08:29:07,454.0,22.8,0.0
2024-04-01 08:39:55,468.0,23.0,0.0
2024-04-01 08:50:43,469.0,23.0,0.0
2024-04-01 09:01:31,459.0,23.0,0.0
2024-04-01 09:12:20,486.0,23.0,0.0
2024-04-01 09:23:08,477.0,23.0,0.0
2024-04-01 09:33:57,468.0,23.0,0.0
2024-04-01 09:44:45,458.0,23.0,0.0
2024-04-01 09:55:33,482.0,23.0,0.0
2024-04-01 10:06:22,471.0,23.3,0.0
2024-04-01 10:17:10,478.0,23.3,0.0
2024-04-01 10:27:58,465.0,23.3,0.0
2024-04-01 10:38:46,481.0,23.5,0.0
2024-04-01 10:49:34,452.0,23.5,0.0
2024-04-01 11:00:23,436.0,23.5,0.0
2024-04-01 11:11:11,441.0,23.5,0.0
2024-04-01 11:21:59,433.0,23.3,0.0
2024-04-01 11:32:47,453.0,23.3,0.0
2024-04-01 11:43:35,442.0,23.3,0.0
2024-04-01 11:54:23,433.0,23.3,0.0
2024-04-01 12:05:11,430.0,23.3,0.0
2024-04-01 12:15:59,423.0,23.0,0.0
2024-04-01 12:26:46,444.0,23.0,0.0
2024-04-01 12:37:34,454.0,23.0,0.0
2024-04-01 12:48:23,444.0,23.0,0.0
2024-04-01 12:59:11,442.0,22.8,0.0
2024-04-01 13:09:59,447.0,22.8,0.0
2024-04-01 13:20:48,442.0,22.5,0.0
2024-04-01 13:31:35,444.0,22.5,0.0
2024-04-01 13:42:23,455.0,22.5,0.0
2024-04-01 13:53:11,450.0,22.3,0.0
2024-04-01 14:03:59,448.0,22.3,0.0
2024-04-01 14:14:47,451.0,22.3,0.0
2024-04-01 14:25:35,475.0,22.3,0.0
2024-04-01 14:36:23,481.0,22.3,0.0
2024-04-01 14:47:12,496.0,22.3,0.0
2024-04-01 14:58:00,519.0,22.3,0.0
2024-04-01 15:08:48,506.0,22.3,0.0
2024-04-01 15:19:36,524.0,22.3,0.0
2024-04-01 15:30:24,510.0,22.3,0.0
2024-04-01 15:41:13,514.0,22.3,0.0
2024-04-01 15:52:01,513.0,22.3,0.0
2024-04-01 16:02:49,527.0,22.3,0.0
2024-04-01 16:13:37,516.0,22.3,0.0
2024-04-01 16:24:25,510.0,22.3,0.0
2024-04-01 16:35:12,485.0,22.3,0.0
2024-04-01 16:46:00,491.0,22.3,0.0
2024-04-01 16:56:48,490.0,22.3,0.0
2024-04-01 17:07:36,490.0,22.3,0.0
2024-04-01 17:18:24,495.0,22.3,0.0
2024-04-01 17:29:11,493.0,22.3,0.0
2024-04-01 17:40:00,478.0,22.0,0.0
2024-04-01 17:50:48,463.0,22.0,0.0
2024-04-01 18:01:36,489.0,22.0,0.0
2024-04-01 18:12:25,486.0,22.0,0.0
2024-04-01 18:23:13,478.0,22.0,0.0
2024-04-01 18:34:01,460.0,22.0,0.0
2024-04-01 18:44:49,475.0,22.0,0.0
2024-04-01 18:55:37,467.0,22.3,0.0
2024-04-01 19:06:25,466.0,22.3,0.0
2024-04-01 19:17:14,460.0,22.3,0.0
2024-04-01 19:28:02,468.0,22.3,0.0
2024-04-01 19:38:50,476.0,22.3,0.0
2024-04-01 19:49:38,464.0,22.5,0.0
2024-04-01 20:00:27,474.0,22.5,0.0
2024-04-01 20:11:15,470.0,22.5,0.0
2024-04-01 20:22:03,480.0,22.5,0.0
2024-04-01 20:32:51,455.0,22.3,0.0
2024-04-01 20:43:39,472.0,22.3,0.0
2024-04-01 20:54:27,461.0,22.3,0.0
2024-04-01 21:05:15,462.0,22.3,0.0
2024-04-01 21:16:03,448.0,22.3,0.0
2024-04-01 21:26:51,444.0,22.3,0.0
2024-04-01 21:37:38,460.0,22.3,0.0
2024-04-01 21:48:26,445.0,22.5,0.0
2024-04-01 21:59:14,445.0,23.0,0.0
2024-04-01 22:10:02,451.0,23.3,0.0
2024-04-01 22:20:50,449.0,23.3,0.0
2024-04-01 22:31:38,440.0,23.3,0.0
2024-04-01 22:42:26,457.0,23.3,0.0
2024-04-01 22:53:15,466.0,23.3,0.0
2024-04-01 23:04:03,471.0,23.3,0.0
2024-04-01 23:14:51,452.0,23.3,0.0
2024-04-01 23:25:39,473.0,23.3,0.0
2024-04-01 23:36:27,482.0,23.5,0.0
2024-04-01 23:47:15,468.0,23.5,0.0
2024-04-01 23:58:03,471.0,23.5,0.0
2024-04-02 00:08:51,476.0,23.5,0.0
2024-04-02 00:19:39,472.0,23.5,0.0
2024-04-02 00:30:28,467.0,23.5,0.0
2024-04-02 00:41:16,483.0,23.5,0.0
2024-04-02 00:52:04,471.0,23.5,0.0
2024-04-02 01:02:52,471.0,23.3,0.0
2024-04-02 01:13:40,466.0,23.3,0.0
2024-04-02 01:24:27,471.0,23.3,1.0
2024-04-02 01:35:16,465.0,23.3,0.0
2024-04-02 01:46:03,452.0,23.3,1.0
2024-04-02 01:56:51,458.0,23.0,0.0
2024-04-02 02:07:39,455.0,23.0,0.0
2024-04-02 02:18:27,454.0,23.0,1.0
2024-04-02 02:29:14,466.0,23.0,0.0
2024-04-02 02:40:02,445.0,22.8,1.0
2024-04-02 02:50:51,452.0,22.8,0.0
2024-04-02 03:01:39,471.0,22.8,1.0
2024-04-02 03:12:27,456.0,22.8,1.0
2024-04-02 03:23:14,455.0,22.8,1.0
2024-04-02 03:34:02,453.0,22.5,1.0
2024-04-02 03:44:49,451.0,22.5,1.0
2024-04-02 03:55:36,443.0,22.5,1.0
2024-04-02 04:06:24,449.0,22.5,3.0
2024-04-02 04:17:13,462.0,22.5,3.0
2024-04-02 04:28:00,446.0,22.3,3.0
2024-04-02 04:38:48,459.0,22.3,3.0
2024-04-02 04:49:36,447.0,22.3,3.0
2024-04-02 05:00:25,443.0,22.3,3.0
2024-04-02 05:11:13,461.0,22.3,6.0
2024-04-02 05:22:01,444.0,22.3,6.0
2024-04-02 05:32:49,443.0,22.3,3.0
2024-04-02 05:43:37,455.0,22.3,6.0
2024-04-02 05:54:24,448.0,22.3,6.0
2024-04-02 06:05:12,455.0,22.0,6.0
2024-04-02 06:16:00,450.0,22.0,6.0
2024-04-02 06:26:47,443.0,22.0,6.0
2024-04-02 06:37:36,442.0,22.0,6.0
2024-04-02 06:48:24,429.0,22.0,6.0
2024-04-02 06:59:12,451.0,22.0,6.0
2024-04-02 07:10:03,444.0,22.0,3.0
2024-04-02 07:20:52,448.0,22.0,0.0
2024-04-02 07:31:39,447.0,22.5,0.0
2024-04-02 07:42:27,466.0,22.8,0.0
2024-04-02 07:53:15,440.0,23.0,0.0
2024-04-02 08:04:04,458.0,23.3,0.0
2024-04-02 08:14:52,454.0,23.5,0.0
2024-04-02 08:25:41,459.0,23.5,0.0
2024-04-02 08:36:29,445.0,23.5,0.0
2024-04-02 08:47:17,461.0,23.5,0.0
2024-04-02 08:58:04,473.0,23.5,0.0
2024-04-02 09:08:52,479.0,23.5,0.0
2024-04-02 09:19:40,458.0,23.3,0.0
2024-04-02 09:30:28,462.0,23.3,0.0
2024-04-02 09:41:16,469.0,23.3,0.0
2024-04-02 09:52:04,454.0,23.3,0.0
2024-04-02 10:02:53,451.0,23.3,0.0
2024-04-02 10:13:41,456.0,23.3,0.0
2024-04-02 10:24:29,447.0,23.3,0.0
2024-04-02 10:35:17,445.0,23.3,0.0
2024-04-02 10:46:05,448.0,23.5,0.0
2024-04-02 10:56:53,447.0,23.3,0.0
2024-04-02 11:07:42,441.0,23.5,0.0
2024-04-02 11:18:30,439.0,23.3,0.0
2024-04-02 11:29:18,429.0,23.3,0.0
2024-04-02 11:40:06,430.0,23.3,0.0
2024-04-02 11:50:55,428.0,23.3,0.0
2024-04-02 12:01:44,442.0,23.3,0.0
2024-04-02 12:12:32,429.0,23.3,0.0
2024-04-02 12:23:21,437.0,23.3,0.0
2024-04-02 12:34:09,440.0,23.3,0.0
2024-04-02 12:44:57,429.0,23.3,0.0
2024-04-02 12:55:45,442.0,23.3,0.0
2024-04-02 13:06:32,442.0,23.5,0.0
2024-04-02 13:17:21,447.0,23.5,0.0
2024-04-02 13:28:09,437.0,23.5,0.0
2024-04-02 13:38:57,439.0,23.5,0.0
2024-04-02 13:49:46,438.0,23.5,0.0
2024-04-02 14:00:35,438.0,23.5,0.0
2024-04-02 14:11:23,447.0,23.5,0.0
2024-04-02 14:22:11,445.0,23.5,0.0
2024-04-02 14:32:59,442.0,23.5,0.0
2024-04-02 14:43:47,439.0,23.5,0.0
2024-04-02 14:54:36,436.0,23.5,0.0
2024-04-02 15:05:23,441.0,23.8,0.0
2024-04-02 15:16:12,439.0,23.8,0.0
2024-04-02 15:27:00,449.0,23.5,0.0
2024-04-02 15:37:48,449.0,23.5,0.0
2024-04-02 15:48:37,458.0,23.3,0.0
2024-04-02 15:59:30,448.0,23.3,0.0
2024-04-02 16:10:22,441.0,23.3,0.0
2024-04-02 16:21:10,437.0,23.3,0.0
2024-04-02 16:31:59,439.0,23.3,0.0
2024-04-02 16:42:47,437.0,23.3,0.0
2024-04-02 16:53:35,459.0,23.3,0.0
2024-04-02 17:04:24,453.0,23.3,0.0
2024-04-02 17:15:13,451.0,23.5,0.0
2024-04-02 17:26:02,438.0,23.5,0.0
2024-04-02 17:36:50,452.0,23.3,0.0
2024-04-02 17:47:38,437.0,23.3,0.0
2024-04-02 17:58:27,449.0,23.3,0.0
2024-04-02 18:09:16,453.0,23.3,0.0
2024-04-02 18:20:04,455.0,23.3,0.0
2024-04-02 18:30:52,450.0,23.3,0.0
2024-04-02 18:41:41,462.0,23.3,0.0
2024-04-02 18:52:29,444.0,23.3,0.0
2024-04-02 19:03:17,444.0,23.3,0.0
2024-04-02 19:14:06,448.0,23.3,0.0
2024-04-02 19:24:53,441.0,23.3,0.0
2024-04-02 19:35:42,463.0,23.3,0.0
2024-04-02 19:46:30,452.0,23.3,0.0
2024-04-02 19:57:19,459.0,23.3,0.0
2024-04-02 20:08:08,459.0,23.3,0.0
2024-04-02 20:18:56,464.0,23.3,0.0
2024-04-02 20:29:44,472.0,23.3,0.0
2024-04-02 20:40:32,448.0,23.3,0.0
2024-04-02 20:51:20,447.0,23.3,0.0
2024-04-02 21:02:08,451.0,23.0,0.0
2024-04-02 21:12:56,454.0,23.0,0.0
2024-04-02 21:23:44,453.0,23.0,0.0
2024-04-02 21:34:33,454.0,23.0,0.0
2024-04-02 21:45:21,448.0,23.0,0.0
2024-04-02 21:56:09,443.0,23.0,0.0
2024-04-02 22:06:57,445.0,23.0,0.0
2024-04-02 22:17:45,432.0,23.0,0.0
2024-04-02 22:28:33,437.0,23.0,0.0
2024-04-02 22:39:21,439.0,23.3,0.0
2024-04-02 22:50:09,430.0,23.3,0.0
2024-04-02 23:00:57,439.0,23.3,0.0
2024-04-02 23:11:45,439.0,23.3,0.0
2024-04-02 23:22:33,445.0,23.3,0.0
2024-04-02 23:33:21,443.0,23.0,0.0
2024-04-02 23:44:09,429.0,23.0,0.0
2024-04-02 23:54:57,427.0,23.0,0.0
2024-04-03 00:05:45,428.0,23.0,0.0
2024-04-03 00:16:33,434.0,22.8,0.0
2024-04-03 00:27:22,439.0,22.8,0.0
2024-04-03 00:38:10,439.0,22.8,0.0
2024-04-03 00:48:59,445.0,22.8,0.0
2024-04-03 00:59:51,438.0,22.5,0.0
2024-04-03 01:10:40,435.0,22.5,0.0
2024-04-03 01:21:28,432.0,22.5,0.0
2024-04-03 01:32:16,434.0,22.5,0.0
2024-04-03 01:43:05,440.0,22.3,0.0
2024-04-03 01:53:53,429.0,22.3,0.0
2024-04-03 02:04:41,438.0,22.3,0.0
2024-04-03 02:15:30,434.0,22.0,0.0
2024-04-03 02:26:17,433.0,22.0,0.0
2024-04-03 02:37:06,438.0,22.0,0.0
2024-04-03 02:47:54,439.0,21.8,0.0
2024-04-03 02:58:43,439.0,21.8,0.0
2024-04-03 03:09:31,431.0,21.8,1.0
2024-04-03 03:20:20,434.0,21.8,0.0
2024-04-03 03:31:08,432.0,21.5,1.0
2024-04-03 03:41:57,438.0,21.5,1.0
2024-04-03 03:52:45,450.0,21.5,0.0
2024-04-03 04:03:34,438.0,21.5,3.0
2024-04-03 04:14:22,449.0,21.5,1.0
2024-04-03 04:25:10,437.0,21.5,1.0
2024-04-03 04:35:58,442.0,21.5,1.0
2024-04-03 04:46:45,438.0,21.5,0.0
2024-04-03 04:57:34,454.0,21.5,0.0
2024-04-03 05:08:22,440.0,21.5,0.0
2024-04-03 05:19:10,453.0,21.5,0.0
2024-04-03 05:29:58,448.0,21.5,0.0
2024-04-03 05:40:47,450.0,21.3,0.0
2024-04-03 05:51:35,444.0,21.3,0.0
2024-04-03 06:02:23,439.0,21.3,1.0
2024-04-03 06:13:12,438.0,21.3,0.0
2024-04-03 06:24:00,446.0,21.3,0.0
2024-04-03 06:34:48,448.0,21.3,0.0
2024-04-03 06:45:36,448.0,21.3,0.0
2024-04-03 06:56:24,444.0,21.0,0.0
2024-04-03 07:07:13,445.0,21.0,0.0
2024-04-03 07:18:01,453.0,21.3,0.0
2024-04-03 07:28:50,460.0,22.0,0.0
2024-04-03 07:39:38,455.0,22.8,0.0
2024-04-03 07:50:26,461.0,23.3,0.0
2024-04-03 08:01:14,473.0,23.8,0.0
2024-04-03 08:12:02,461.0,24.0,0.0
2024-04-03 08:22:50,442.0,24.0,0.0
2024-04-03 08:33:38,477.0,24.0,0.0
2024-04-03 08:44:26,488.0,23.8,0.0
2024-04-03 08:55:15,501.0,23.8,0.0
2024-04-03 09:06:02,516.0,23.5,0.0
2024-04-03 09:16:51,513.0,23.5,0.0
2024-04-03 09:27:40,511.0,23.5,0.0
2024-04-03 09:38:28,513.0,23.5,0.0
2024-04-03 09:49:16,509.0,23.5,0.0
2024-04-03 10:00:04,508.0,23.5,3.0
2024-04-03 10:10:53,521.0,23.5,0.0
2024-04-03 10:21:42,520.0,23.5,0.0
2024-04-03 10:32:30,522.0,23.5,0.0
2024-04-03 10:43:18,521.0,23.5,0.0
2024-04-03 10:54:07,528.0,23.5,0.0
2024-04-03 11:04:54,517.0,23.5,0.0
2024-04-03 11:15:43,530.0,23.5,0.0
2024-04-03 11:26:32,529.0,23.5,0.0
2024-04-03 11:37:21,499.0,23.5,0.0
2024-04-03 11:48:10,516.0,23.5,0.0
2024-04-03 11:58:59,508.0,23.5,0.0
2024-04-03 12:09:47,512.0,23.5,0.0
2024-04-03 12:20:35,530.0,23.5,0.0
2024-04-03 12:31:23,513.0,23.5,0.0
2024-04-03 12:42:12,504.0,23.5,0.0
2024-04-03 12:53:00,519.0,23.5,0.0
2024-04-03 13:03:49,535.0,23.5,0.0
2024-04-03 13:14:38,547.0,23.5,0.0
2024-04-03 13:25:26,556.0,23.5,24.0
2024-04-03 13:36:14,529.0,23.5,82.0
2024-04-03 13:47:02,558.0,23.5,105.0
2024-04-03 13:57:50,552.0,23.5,74.0
2024-04-03 14:08:41,569.0,23.5,57.0
2024-04-03 14:19:30,556.0,23.5,47.0
2024-04-03 14:30:18,556.0,23.5,32.0
2024-04-03 14:41:06,554.0,23.5,11.0
2024-04-03 14:51:54,579.0,23.8,47.0
2024-04-03 15:02:43,563.0,23.8,21.0
2024-04-03 15:13:32,545.0,23.8,0.0
2024-04-03 15:24:20,543.0,23.8,0.0
2024-04-03 15:35:08,539.0,23.5,0.0
2024-04-03 15:45:56,535.0,23.5,0.0
2024-04-03 15:56:45,532.0,23.8,0.0
2024-04-03 16:07:33,542.0,23.8,0.0
2024-04-03 16:18:21,532.0,23.8,0.0
2024-04-03 16:29:10,539.0,23.8,0.0
2024-04-03 16:39:57,529.0,23.8,0.0
2024-04-03 16:50:46,554.0,23.5,0.0
2024-04-03 17:01:34,553.0,23.8,0.0
2024-04-03 17:12:24,559.0,23.8,0.0
2024-04-03 17:23:13,544.0,23.8,6.0
2024-04-03 17:34:02,553.0,23.8,11.0
2024-04-03 17:44:50,549.0,23.8,1.0
2024-04-03 17:55:38,555.0,23.8,0.0
2024-04-03 18:06:27,553.0,23.8,3.0
2024-04-03 18:17:15,539.0,23.8,3.0
2024-04-03 18:28:02,550.0,23.8,11.0
2024-04-03 18:38:49,546.0,23.5,9.0
2024-04-03 18:49:36,534.0,23.5,1.0
2024-04-03 19:00:25,532.0,23.5,0.0
2024-04-03 19:11:15,521.0,23.3,0.0
2024-04-03 19:22:03,519.0,23.3,0.0
2024-04-03 19:32:52,516.0,23.3,0.0
2024-04-03 19:43:40,505.0,23.3,0.0
2024-04-03 19:54:29,512.0,23.5,0.0
2024-04-03 20:05:17,509.0,23.5,0.0
2024-04-03 20:16:05,511.0,23.5,0.0
2024-04-03 20:26:53,493.0,23.5,0.0
2024-04-03 20:37:42,507.0,23.3,0.0
2024-04-03 20:48:30,504.0,23.3,0.0
2024-04-03 20:59:18,484.0,23.3,0.0
2024-04-03 21:10:07,491.0,23.3,0.0
2024-04-03 21:20:55,514.0,23.3,0.0
2024-04-03 21:31:43,504.0,23.3,0.0
2024-04-03 21:42:32,479.0,23.3,0.0
2024-04-03 21:53:20,475.0,23.3,0.0
2024-04-03 22:04:08,493.0,23.3,0.0
2024-04-03 22:14:56,493.0,23.3,0.0
2024-04-03 22:25:44,501.0,23.5,0.0
2024-04-03 22:36:33,467.0,23.5,0.0
2024-04-03 22:47:21,484.0,23.5,0.0
2024-04-03 22:58:09,471.0,23.5,0.0
2024-04-03 23:08:56,487.0,23.5,0.0
2024-04-03 23:19:45,477.0,23.5,0.0
2024-04-03 23:30:33,525.0,23.3,0.0
2024-04-03 23:41:21,528.0,23.3,0.0
2024-04-03 23:52:10,537.0,23.0,0.0
2024-04-04 00:02:58,559.0,23.0,0.0
2024-04-04 00:13:46,549.0,23.0,0.0
2024-04-04 00:24:34,558.0,22.8,0.0
2024-04-04 00:35:22,544.0,22.8,0.0
2024-04-04 00:46:10,531.0,22.5,0.0
2024-04-04 00:56:58,535.0,22.5,0.0
2024-04-04 01:07:46,527.0,22.5,0.0
2024-04-04 01:18:35,525.0,22.3,0.0
2024-04-04 01:29:23,533.0,22.3,0.0
2024-04-04 01:40:11,511.0,22.3,0.0
2024-04-04 01:51:00,511.0,22.0,0.0
2024-04-04 02:01:47,511.0,22.0,0.0
2024-04-04 02:12:35,519.0,22.0,0.0
2024-04-04 02:23:24,513.0,22.0,0.0
2024-04-04 02:34:12,521.0,21.8,0.0
2024-04-04 02:45:01,512.0,21.8,0.0
2024-04-04 02:55:49,520.0,21.5,0.0
2024-04-04 03:06:37,514.0,21.5,0.0
2024-04-04 03:17:25,503.0,21.5,0.0
2024-04-04 03:28:13,491.0,21.5,0.0
2024-04-04 03:39:02,498.0,21.3,0.0
2024-04-04 03:49:50,509.0,21.3,0.0
2024-04-04 04:00:38,483.0,21.3,0.0
2024-04-04 04:11:27,476.0,21.0,0.0
2024-04-04 04:22:15,486.0,21.0,0.0
2024-04-04 04:33:03,484.0,21.0,0.0
2024-04-04 04:43:51,479.0,21.0,0.0
2024-04-04 04:54:39,484.0,20.8,0.0
2024-04-04 05:05:27,485.0,20.8,0.0
2024-04-04 05:16:14,481.0,20.8,0.0
2024-04-04 05:27:02,485.0,20.8,0.0
2024-04-04 05:37:51,481.0,20.8,0.0
2024-04-04 05:48:39,468.0,20.8,0.0
2024-04-04 05:59:27,498.0,20.8,0.0
2024-04-04 06:10:16,482.0,20.8,0.0
2024-04-04 06:21:05,474.0,20.8,0.0
2024-04-04 06:31:53,488.0,20.5,0.0
2024-04-04 06:42:41,475.0,20.5,0.0
2024-04-04 06:53:29,462.0,20.5,0.0
2024-04-04 07:04:17,494.0,20.5,0.0
2024-04-04 07:15:05,520.0,20.5,0.0
2024-04-04 07:25:53,491.0,21.5,0.0
2024-04-04 07:36:42,499.0,22.3,0.0
2024-04-04 07:47:30,487.0,23.0,0.0
2024-04-04 07:58:18,495.0,23.8,0.0
2024-04-04 08:09:06,495.0,24.0,0.0
2024-04-04 08:19:54,498.0,24.3,0.0
2024-04-04 08:30:43,489.0,24.5,0.0
2024-04-04 08:41:31,466.0,24.5,0.0
2024-04-04 08:52:20,485.0,24.3,0.0
2024-04-04 09:03:08,495.0,24.3,0.0
2024-04-04 09:13:56,489.0,24.0,0.0
2024-04-04 09:24:45,481.0,24.0,0.0
2024-04-04 09:35:33,499.0,23.8,0.0
2024-04-04 09:46:20,484.0,23.8,0.0
2024-04-04 09:57:09,485.0,23.8,0.0
2024-04-04 10:07:56,488.0,23.8,0.0
2024-04-04 10:18:45,500.0,23.8,0.0
2024-04-04 10:29:33,496.0,23.8,0.0
2024-04-04 10:40:21,497.0,23.8,0.0
2024-04-04 10:51:09,492.0,23.5,0.0
2024-04-04 11:01:57,494.0,23.5,0.0
2024-04-04 11:12:45,503.0,23.5,0.0
2024-04-04 11:23:33,501.0,23.5,0.0
2024-04-04 11:34:21,518.0,23.5,0.0
2024-04-04 11:45:09,523.0,23.5,0.0
2024-04-04 11:55:56,522.0,23.8,0.0
2024-04-04 12:06:44,504.0,23.8,0.0
2024-04-04 12:17:33,516.0,23.8,0.0
2024-04-04 12:28:21,499.0,23.8,0.0
2024-04-04 12:39:09,505.0,23.5,0.0
2024-04-04 12:49:57,515.0,23.8,0.0
2024-04-04 13:00:46,528.0,23.8,0.0
2024-04-04 13:11:34,530.0,23.8,0.0
2024-04-04 13:22:23,551.0,23.8,0.0
2024-04-04 13:33:10,538.0,23.8,0.0
2024-04-04 13:43:58,545.0,23.8,0.0
2024-04-04 13:54:47,524.0,23.8,0.0
2024-04-04 14:05:35,539.0,23.8,0.0
2024-04-04 14:16:23,521.0,24.0,0.0
2024-04-04 14:27:11,513.0,24.0,0.0
2024-04-04 14:37:59,515.0,24.0,0.0
2024-04-04 14:48:47,514.0,24.0,0.0
2024-04-04 14:59:36,511.0,24.0,0.0
2024-04-04 15:10:24,511.0,24.0,0.0
2024-04-04 15:21:12,542.0,24.0,0.0
2024-04-04 15:32:01,529.0,24.0,0.0
2024-04-04 15:42:49,533.0,24.0,0.0
2024-04-04 15:53:37,522.0,24.0,0.0
2024-04-04 16:04:25,543.0,24.0,0.0
2024-04-04 16:15:14,545.0,24.0,0.0
2024-04-04 16:26:02,535.0,24.0,0.0
2024-04-04 16:36:50,531.0,23.8,0.0
2024-04-04 16:47:39,520.0,23.8,0.0
2024-04-04 16:58:27,519.0,23.8,0.0
2024-04-04 17:09:16,517.0,23.8,0.0
2024-04-04 17:20:04,513.0,23.8,0.0
2024-04-04 17:30:53,495.0,23.8,0.0
2024-04-04 17:41:41,508.0,23.8,0.0
2024-04-04 17:52:29,507.0,23.5,3.0
2024-04-04 18:03:16,519.0,23.5,0.0
2024-04-04 18:14:04,498.0,23.5,0.0
2024-04-04 18:24:52,501.0,23.5,0.0
2024-04-04 18:35:40,487.0,23.5,0.0
2024-04-04 18:46:28,483.0,23.5,0.0
2024-04-04 18:57:16,498.0,23.3,0.0
2024-04-04 19:08:04,504.0,23.3,0.0
2024-04-04 19:18:52,489.0,23.3,0.0
2024-04-04 19:29:41,486.0,23.3,0.0
2024-04-04 19:40:30,474.0,23.3,0.0
2024-04-04 19:51:17,479.0,23.3,0.0
2024-04-04 20:02:07,474.0,23.3,0.0
2024-04-04 20:12:55,480.0,23.3,0.0
2024-04-04 20:23:44,475.0,23.3,0.0
2024-04-04 20:34:32,471.0,23.3,0.0
2024-04-04 20:45:19,465.0,23.3,0.0
2024-04-04 20:56:07,454.0,23.0,0.0
2024-04-04 21:06:55,446.0,23.0,0.0
2024-04-04 21:17:43,458.0,23.0,0.0
2024-04-04 21:28:31,446.0,23.3,0.0
2024-04-04 21:39:19,446.0,23.3,0.0
2024-04-04 21:50:07,441.0,23.3,0.0
2024-04-04 22:00:54,456.0,23.3,0.0
2024-04-04 22:11:43,454.0,23.3,0.0
2024-04-04 22:22:31,457.0,23.3,0.0
2024-04-04 22:33:18,444.0,23.3,0.0
2024-04-04 22:44:06,441.0,23.3,0.0
2024-04-04 22:54:54,440.0,23.3,0.0
2024-04-04 23:05:43,447.0,23.3,0.0
2024-04-04 23:16:31,460.0,23.3,1.0
2024-04-04 23:27:19,472.0,23.3,45.0
2024-04-04 23:38:07,456.0,23.3,34.0
2024-04-04 23:48:54,461.0,23.0,21.0
2024-04-04 23:59:43,464.0,23.0,11.0
2024-04-05 00:10:31,472.0,22.8,3.0
2024-04-05 00:21:19,463.0,22.8,0.0
2024-04-05 00:32:08,452.0,22.8,0.0
2024-04-05 00:42:56,458.0,22.5,0.0
2024-04-05 00:53:44,456.0,22.5,0.0
2024-04-05 01:04:32,458.0,22.5,0.0
2024-04-05 01:15:20,458.0,22.3,0.0
2024-04-05 01:26:10,460.0,22.0,0.0
2024-04-05 01:36:58,456.0,22.0,0.0
2024-04-05 01:47:45,447.0,22.0,0.0
2024-04-05 01:58:34,456.0,21.8,0.0
2024-04-05 02:09:23,453.0,21.8,0.0
2024-04-05 02:20:11,482.0,21.8,0.0
2024-04-05 02:30:58,454.0,21.8,0.0
2024-04-05 02:41:47,471.0,21.8,0.0
2024-04-05 02:52:36,455.0,21.8,0.0
2024-04-05 03:03:24,462.0,21.8,0.0
2024-04-05 03:14:12,461.0,21.5,0.0
2024-04-05 03:25:01,448.0,21.5,0.0
2024-04-05 03:35:49,459.0,21.5,0.0
2024-04-05 03:46:38,456.0,21.3,0.0
2024-04-05 03:57:26,462.0,21.3,0.0
2024-04-05 04:08:14,452.0,21.3,0.0
2024-04-05 04:19:03,461.0,21.3,0.0
2024-04-05 04:29:51,456.0,21.3,0.0
2024-04-05 04:40:40,453.0,21.0,0.0
2024-04-05 04:51:29,448.0,21.0,0.0
2024-04-05 05:02:17,454.0,21.0,0.0
2024-04-05 05:13:06,449.0,21.0,0.0
2024-04-05 05:23:54,453.0,21.0,3.0
2024-04-05 05:34:42,458.0,21.0,9.0
2024-04-05 05:45:30,450.0,21.0,6.0
2024-04-05 05:56:19,443.0,21.0,3.0
2024-04-05 06:07:07,448.0,21.0,3.0
2024-04-05 06:17:55,455.0,21.0,1.0
2024-04-05 06:28:43,454.0,21.0,1.0
2024-04-05 06:39:31,447.0,21.0,1.0
2024-04-05 06:50:20,458.0,21.0,0.0
2024-04-05 07:01:08,445.0,21.0,0.0
2024-04-05 07:11:57,446.0,20.8,0.0
2024-04-05 07:22:46,461.0,21.0,0.0
2024-04-05 07:33:34,450.0,21.8,0.0
2024-04-05 07:44:23,460.0,22.5,0.0
2024-04-05 07:55:12,449.0,23.3,0.0
2024-04-05 08:05:59,465.0,24.0,0.0
2024-04-05 08:16:50,468.0,24.0,0.0
2024-04-05 08:27:38,464.0,24.0,0.0
2024-04-05 08:38:27,460.0,23.8,0.0
2024-04-05 08:49:15,451.0,23.8,0.0
2024-04-05 09:00:04,467.0,23.5,0.0
2024-04-05 09:10:52,473.0,23.5,0.0
2024-04-05 09:21:40,476.0,23.5,0.0
2024-04-05 09:32:29,469.0,23.5,0.0
2024-04-05 09:43:17,472.0,23.3,0.0
2024-04-05 09:54:06,480.0,23.3,0.0
2024-04-05 10:04:54,460.0,23.3,0.0
2024-04-05 10:15:42,485.0,23.3,0.0
2024-04-05 10:26:31,493.0,23.3,0.0
2024-04-05 10:37:19,465.0,23.3,0.0
2024-04-05 10:48:07,481.0,23.3,0.0
2024-04-05 10:58:56,489.0,23.3,0.0
2024-04-05 11:09:43,495.0,23.5,0.0
2024-04-05 11:20:31,500.0,23.5,0.0
2024-04-05 11:31:19,480.0,23.5,0.0
2024-04-05 11:42:09,480.0,23.8,0.0
2024-04-05 11:52:57,489.0,23.8,0.0
2024-04-05 12:03:45,488.0,23.8,0.0
2024-04-05 12:14:33,497.0,23.8,0.0
2024-04-05 12:25:22,513.0,23.8,0.0
2024-04-05 12:36:10,488.0,23.8,0.0
2024-04-05 12:46:59,496.0,23.8,0.0
2024-04-05 12:57:47,480.0,23.8,0.0
2024-04-05 13:08:36,502.0,23.8,0.0
2024-04-05 13:19:24,498.0,23.8,0.0
2024-04-05 13:30:14,507.0,23.8,0.0
2024-04-05 13:41:02,501.0,23.8,0.0
2024-04-05 13:51:50,511.0,24.0,0.0
2024-04-05 14:02:38,468.0,24.0,0.0
2024-04-05 14:13:27,467.0,23.8,0.0
2024-04-05 14:24:15,466.0,23.8,0.0
2024-04-05 14:35:03,456.0,23.8,0.0
2024-04-05 14:45:51,464.0,23.8,0.0
2024-04-05 14:56:40,466.0,23.8,0.0
2024-04-05 15:07:28,455.0,23.8,0.0
2024-04-05 15:18:16,472.0,23.8,0.0
2024-04-05 15:29:04,447.0,23.8,0.0
2024-04-05 15:39:52,472.0,23.8,0.0
2024-04-05 15:50:41,459.0,23.8,0.0
2024-04-05 16:01:29,460.0,23.8,0.0
2024-04-05 16:12:19,460.0,23.8,0.0
2024-04-05 16:23:07,456.0,23.8,0.0
2024-04-05 16:33:55,472.0,23.8,0.0
2024-04-05 16:44:44,473.0,23.8,0.0
2024-04-05 16:55:33,459.0,23.8,0.0
2024-04-05 17:06:21,458.0,23.8,0.0
2024-04-05 17:17:10,474.0,23.8,0.0
2024-04-05 17:27:58,466.0,23.8,0.0
2024-04-05 17:38:46,488.0,23.8,0.0
2024-04-05 17:49:34,479.0,23.8,0.0
2024-04-05 18:00:23,468.0,23.8,0.0
2024-04-05 18:11:11,468.0,23.8,0.0
2024-04-05 18:21:59,462.0,23.5,0.0
2024-04-05 18:32:47,456.0,23.5,0.0
2024-04-05 18:43:36,476.0,23.5,0.0
2024-04-05 18:54:24,434.0,23.5,0.0
2024-04-05 19:05:12,444.0,23.5,0.0
2024-04-05 19:16:00,456.0,23.3,1.0
2024-04-05 19:26:49,442.0,23.3,0.0
2024-04-05 19:37:38,453.0,23.3,0.0
2024-04-05 19:48:26,445.0,23.5,0.0
2024-04-05 19:59:14,451.0,23.5,0.0
2024-04-05 20:10:02,450.0,23.5,0.0
2024-04-05 20:20:51,436.0,23.5,0.0
2024-04-05 20:31:39,437.0,23.5,0.0
2024-04-05 20:42:28,439.0,23.3,0.0
2024-04-05 20:53:16,444.0,23.3,0.0
2024-04-05 21:04:04,444.0,23.3,0.0
2024-04-05 21:14:52,451.0,23.3,0.0
2024-04-05 21:25:40,451.0,23.3,0.0
2024-04-05 21:36:28,450.0,23.3,0.0
2024-04-05 21:47:16,454.0,23.3,0.0
2024-04-05 21:58:05,445.0,23.3,0.0
2024-04-05 22:08:53,437.0,23.3,0.0
2024-04-05 22:19:41,434.0,23.3,0.0
2024-04-05 22:30:28,437.0,23.3,0.0
2024-04-05 22:41:16,434.0,23.3,0.0
2024-04-05 22:52:04,437.0,23.3,0.0
2024-04-05 23:02:53,426.0,23.3,0.0
2024-04-05 23:13:41,434.0,23.3,0.0
2024-04-05 23:24:29,434.0,23.3,0.0
2024-04-05 23:35:18,424.0,23.3,0.0
2024-04-05 23:46:06,450.0,23.0,0.0
2024-04-05 23:56:54,435.0,23.0,0.0
2024-04-06 00:07:43,449.0,23.0,0.0
2024-04-06 00:18:31,427.0,23.0,0.0
2024-04-06 00:29:19,427.0,23.0,0.0
2024-04-06 00:40:08,429.0,22.8,0.0
2024-04-06 00:50:56,432.0,22.8,0.0
2024-04-06 01:01:45,430.0,22.8,0.0
2024-04-06 01:12:34,432.0,22.8,0.0
2024-04-06 01:23:22,443.0,22.8,0.0
2024-04-06 01:34:10,450.0,22.5,0.0
2024-04-06 01:44:59,429.0,22.5,0.0
2024-04-06 01:55:47,436.0,22.5,0.0
2024-04-06 02:06:35,437.0,22.5,0.0
2024-04-06 02:17:24,441.0,22.5,0.0
2024-04-06 02:28:12,428.0,22.5,0.0
2024-04-06 02:39:01,437.0,22.5,0.0
2024-04-06 02:49:49,440.0,22.5,0.0
2024-04-06 03:00:37,425.0,22.5,0.0
2024-04-06 03:11:25,439.0,22.5,0.0
2024-04-06 03:22:14,437.0,22.5,0.0
2024-04-06 03:33:02,432.0,22.5,0.0
2024-04-06 03:43:51,436.0,22.5,0.0
2024-04-06 03:54:39,432.0,22.5,0.0
2024-04-06 04:05:27,433.0,22.3,0.0
2024-04-06 04:16:16,421.0,22.3,0.0
2024-04-06 04:27:04,445.0,22.3,0.0
2024-04-06 04:37:52,438.0,22.3,0.0
2024-04-06 04:48:40,438.0,22.3,0.0
2024-04-06 04:59:28,433.0,22.3,0.0
2024-04-06 05:10:16,443.0,22.3,0.0
2024-04-06 05:21:04,446.0,22.3,0.0
2024-04-06 05:31:52,442.0,22.0,0.0
2024-04-06 05:42:41,424.0,22.0,0.0
2024-04-06 05:53:29,425.0,22.0,0.0
2024-04-06 06:04:17,428.0,22.0,0.0
2024-04-06 06:15:05,434.0,22.0,0.0
2024-04-06 06:25:53,426.0,22.0,0.0
2024-04-06 06:36:41,430.0,22.0,0.0
2024-04-06 06:47:29,438.0,22.0,0.0
2024-04-06 06:58:17,436.0,22.0,0.0
2024-04-06 07:09:06,433.0,22.0,0.0
2024-04-06 07:19:53,454.0,22.0,0.0
2024-04-06 07:30:42,434.0,22.3,0.0
2024-04-06 07:41:30,442.0,22.5,0.0
2024-04-06 07:52:18,453.0,22.8,0.0
2024-04-06 08:03:07,427.0,22.8,0.0
2024-04-06 08:13:55,433.0,22.8,0.0
2024-04-06 08:24:43,434.0,23.0,0.0
2024-04-06 08:35:32,443.0,23.0,0.0
2024-04-06 08:46:20,439.0,23.0,0.0
2024-04-06 08:57:08,427.0,23.0,0.0
2024-04-06 09:07:56,437.0,23.0,0.0
2024-04-06 09:18:45,438.0,23.0,0.0
2024-04-06 09:29:33,430.0,23.0,0.0
2024-04-06 09:40:21,427.0,23.0,0.0
2024-04-06 09:51:09,426.0,23.0,0.0
2024-04-06 10:01:57,438.0,23.3,0.0
2024-04-06 10:12:45,438.0,23.3,0.0
2024-04-06 10:23:33,437.0,23.3,0.0
2024-04-06 10:34:22,460.0,23.3,0.0
2024-04-06 10:45:10,451.0,23.3,0.0
2024-04-06 10:55:58,444.0,23.3,0.0
2024-04-06 11:06:47,448.0,23.3,0.0
2024-04-06 11:17:35,441.0,23.3,0.0
2024-04-06 11:28:23,455.0,23.5,0.0
2024-04-06 11:39:12,459.0,23.5,0.0
2024-04-06 11:50:00,457.0,23.5,0.0
2024-04-06 12:00:48,475.0,23.5,0.0
2024-04-06 12:11:37,450.0,23.8,0.0
2024-04-06 12:22:25,454.0,23.8,0.0
2024-04-06 12:33:13,459.0,23.8,0.0
2024-04-06 12:44:02,444.0,23.8,0.0
2024-04-06 12:54:50,454.0,23.8,0.0
2024-04-06 13:05:38,444.0,23.8,0.0
2024-04-06 13:16:26,454.0,23.8,0.0
2024-04-06 13:27:14,469.0,24.0,0.0
2024-04-06 13:38:02,456.0,24.0,0.0
2024-04-06 13:48:50,459.0,24.3,34.0
2024-04-06 13:59:38,433.0,24.3,6.0
2024-04-06 14:10:27,433.0,24.5,0.0
2024-04-06 14:21:15,429.0,24.5,0.0
2024-04-06 14:32:03,427.0,24.5,0.0
2024-04-06 14:42:51,426.0,24.5,0.0
2024-04-06 14:53:40,436.0,24.3,0.0
2024-04-06 15:04:27,442.0,24.3,0.0
2024-04-06 15:15:16,428.0,24.3,0.0
2024-04-06 15:26:04,437.0,24.3,0.0
2024-04-06 15:36:53,441.0,24.3,0.0
2024-04-06 15:47:41,437.0,24.0,0.0
2024-04-06 15:58:29,437.0,24.0,0.0
2024-04-06 16:09:17,442.0,24.0,0.0
2024-04-06 16:20:06,427.0,24.0,0.0
2024-04-06 16:30:54,417.0,24.0,0.0
2024-04-06 16:41:43,429.0,23.8,0.0
2024-04-06 16:52:31,426.0,23.8,0.0
2024-04-06 17:03:21,438.0,23.8,0.0
2024-04-06 17:14:09,431.0,23.8,0.0
2024-04-06 17:24:57,449.0,23.8,0.0
2024-04-06 17:35:45,440.0,24.0,0.0
2024-04-06 17:46:34,421.0,24.0,0.0
2024-04-06 17:57:23,447.0,24.0,0.0
2024-04-06 18:08:12,436.0,24.0,0.0
2024-04-06 18:19:00,439.0,24.0,0.0
2024-04-06 18:29:47,430.0,24.0,0.0
2024-04-06 18:40:35,436.0,24.0,0.0
2024-04-06 18:51:24,435.0,24.0,0.0
2024-04-06 19:02:12,448.0,24.0,0.0
2024-04-06 19:13:01,432.0,23.8,0.0
2024-04-06 19:23:49,436.0,23.8,0.0
2024-04-06 19:34:37,436.0,23.8,0.0
2024-04-06 19:45:25,426.0,23.8,0.0
2024-04-06 19:56:14,439.0,23.8,0.0
2024-04-06 20:07:02,435.0,23.8,0.0
2024-04-06 20:17:50,434.0,23.8,0.0
2024-04-06 20:28:40,440.0,23.5,0.0
2024-04-06 20:39:28,436.0,23.5,0.0
2024-04-06 20:50:16,422.0,23.5,0.0
2024-04-06 21:01:05,435.0,23.5,0.0
2024-04-06 21:11:53,434.0,23.5,0.0
2024-04-06 21:22:41,421.0,23.5,0.0
2024-04-06 21:33:30,434.0,23.5,0.0
2024-04-06 21:44:19,423.0,23.5,0.0
2024-04-06 21:55:07,432.0,23.5,0.0
2024-04-06 22:05:55,438.0,23.5,0.0
2024-04-06 22:16:43,439.0,23.5,0.0
2024-04-06 22:27:32,424.0,23.5,0.0
2024-04-06 22:38:20,427.0,23.5,0.0
2024-04-06 22:49:09,430.0,23.5,0.0
2024-04-06 22:59:56,445.0,23.5,0.0
2024-04-06 23:10:46,429.0,23.5,0.0
2024-04-06 23:21:35,437.0,23.5,0.0
2024-04-06 23:32:23,447.0,23.3,0.0
2024-04-06 23:43:11,437.0,23.3,0.0
2024-04-06 23:53:58,441.0,23.3,0.0
2024-04-07 00:04:47,438.0,23.3,0.0
2024-04-07 00:15:35,450.0,23.3,0.0
2024-04-07 00:26:24,441.0,23.3,0.0
2024-04-07 00:37:12,427.0,23.3,0.0
2024-04-07 00:48:01,431.0,23.3,0.0
2024-04-07 00:58:49,431.0,23.3,0.0
2024-04-07 01:09:38,445.0,23.3,0.0
2024-04-07 01:20:26,442.0,23.0,0.0
2024-04-07 01:31:14,443.0,23.0,0.0
2024-04-07 01:42:03,445.0,23.0,0.0
2024-04-07 01:52:52,451.0,23.0,0.0
2024-04-07 02:03:41,431.0,23.0,0.0
2024-04-07 02:08:31,446.0,22.8,0.0
2024-04-07 02:14:29,429.0,22.8,0.0
2024-04-07 02:19:19,428.0,22.8,0.0
2024-04-07 02:25:17,437.0,22.8,0.0
2024-04-07 02:30:08,441.0,22.8,0.0
2024-04-07 02:36:06,450.0,22.8,0.0
2024-04-07 02:40:56,440.0,22.5,0.0
2024-04-07 02:46:54,451.0,22.8,0.0
2024-04-07 02:51:44,443.0,22.5,0.0
2024-04-07 02:57:43,432.0,22.8,0.0
2024-04-07 03:02:33,433.0,22.5,0.0
2024-04-07 03:13:21,434.0,22.5,0.0
2024-04-07 03:24:10,443.0,22.5,0.0
2024-04-07 03:34:58,437.0,22.5,0.0
2024-04-07 03:45:45,440.0,22.5,0.0
2024-04-07 03:56:34,431.0,22.5,0.0
2024-04-07 04:07:22,423.0,22.5,0.0
2024-04-07 04:18:10,447.0,22.5,0.0
2024-04-07 04:28:58,447.0,22.5,0.0
2024-04-07 04:39:47,441.0,22.5,0.0
2024-04-07 04:50:35,446.0,22.3,0.0
2024-04-07 05:01:24,453.0,22.3,0.0
2024-04-07 05:12:12,445.0,22.3,0.0
2024-04-07 05:23:00,441.0,22.3,0.0
2024-04-07 05:33:49,436.0,22.3,0.0
2024-04-07 05:44:37,440.0,22.3,0.0
2024-04-07 05:55:25,434.0,22.3,0.0
2024-04-07 06:06:13,442.0,22.3,0.0
2024-04-07 06:17:02,428.0,22.3,0.0
2024-04-07 06:27:49,448.0,22.5,0.0
2024-04-07 06:38:39,442.0,22.5,0.0
2024-04-07 06:49:27,439.0,22.3,0.0
2024-04-07 07:00:16,437.0,22.5,0.0
2024-04-07 07:11:04,447.0,22.5,0.0
2024-04-07 07:21:52,439.0,22.5,0.0
2024-04-07 07:32:41,423.0,22.5,0.0
2024-04-07 07:43:30,441.0,22.8,0.0
2024-04-07 07:54:18,438.0,23.0,0.0
2024-04-07 08:05:06,431.0,23.0,0.0
2024-04-07 08:15:55,440.0,23.0,0.0
2024-04-07 08:26:45,426.0,23.0,0.0
2024-04-07 08:37:33,436.0,23.0,0.0
2024-04-07 08:48:22,439.0,23.0,0.0
2024-04-07 08:59:10,429.0,23.0,0.0
2024-04-07 09:09:57,436.0,23.0,0.0
2024-04-07 09:20:46,432.0,23.0,0.0
2024-04-07 09:31:34,431.0,23.0,0.0
2024-04-07 09:42:23,422.0,23.0,0.0
2024-04-07 09:53:11,422.0,23.0,0.0
2024-04-07 10:04:00,432.0,23.3,0.0
2024-04-07 10:14:48,434.0,23.3,0.0
2024-04-07 10:25:36,430.0,23.5,0.0
2024-04-07 10:36:24,429.0,23.5,0.0
2024-04-07 10:47:12,441.0,23.5,0.0
2024-04-07 10:58:00,435.0,23.8,0.0
2024-04-07 11:08:48,449.0,23.8,0.0
2024-04-07 11:19:36,433.0,23.8,0.0
2024-04-07 11:30:25,444.0,23.8,0.0
2024-04-07 11:41:13,436.0,23.8,0.0
2024-04-07 11:52:01,431.0,23.8,0.0
2024-04-07 12:02:49,428.0,23.8,0.0
2024-04-07 12:13:38,446.0,23.8,0.0
2024-04-07 12:24:26,438.0,23.8,0.0
2024-04-07 12:35:14,458.0,23.8,0.0
2024-04-07 12:46:02,442.0,24.0,0.0
2024-04-07 12:56:50,440.0,24.0,0.0
2024-04-07 13:07:40,444.0,24.0,0.0
2024-04-07 13:18:28,431.0,24.0,0.0
2024-04-07 13:29:16,425.0,24.0,0.0
2024-04-07 13:40:03,435.0,24.0,0.0
2024-04-07 13:50:51,445.0,24.0,0.0
2024-04-07 14:01:40,431.0,24.0,0.0
2024-04-07 14:12:28,415.0,24.0,0.0
2024-04-07 14:23:16,437.0,24.0,0.0
2024-04-07 14:34:04,432.0,24.0,0.0
2024-04-07 14:44:53,419.0,24.0,0.0
2024-04-07 14:55:41,436.0,24.0,0.0
2024-04-07 15:06:29,429.0,24.0,0.0
2024-04-07 15:17:18,421.0,23.8,0.0
2024-04-07 15:28:06,420.0,23.8,0.0
2024-04-07 15:38:55,427.0,23.8,0.0
2024-04-07 15:49:43,424.0,23.8,0.0
2024-04-07 16:00:32,445.0,23.8,0.0
2024-04-07 16:11:20,448.0,23.8,0.0
2024-04-07 16:22:09,437.0,23.8,0.0
2024-04-07 16:32:57,424.0,23.8,0.0
2024-04-07 16:43:45,435.0,23.8,0.0
2024-04-07 16:54:33,428.0,23.5,0.0
2024-04-07 17:05:22,425.0,23.5,0.0
2024-04-07 17:16:10,427.0,23.3,0.0
2024-04-07 17:26:58,435.0,23.3,0.0
2024-04-07 17:37:47,417.0,23.3,0.0
2024-04-07 17:48:35,436.0,23.3,0.0
2024-04-07 17:59:23,440.0,23.3,0.0
2024-04-07 18:10:12,434.0,23.0,0.0
2024-04-07 18:20:59,448.0,23.3,0.0
2024-04-07 18:31:48,446.0,23.5,0.0
2024-04-07 18:42:36,448.0,23.8,0.0
2024-04-07 18:53:24,433.0,23.8,0.0
2024-04-07 19:04:13,458.0,23.8,0.0
2024-04-07 19:15:01,446.0,23.8,0.0
2024-04-07 19:25:49,453.0,23.8,0.0
2024-04-07 19:36:38,443.0,23.8,0.0
2024-04-07 19:47:26,423.0,23.5,0.0
2024-04-07 19:58:14,447.0,23.5,0.0
2024-04-07 20:09:03,453.0,23.5,0.0
2024-04-07 20:19:51,448.0,23.5,0.0
2024-04-07 20:30:39,432.0,23.5,0.0
2024-04-07 20:41:27,466.0,23.5,0.0
2024-04-07 20:52:16,436.0,23.5,0.0
2024-04-07 21:03:04,430.0,23.5,0.0
2024-04-07 21:13:53,449.0,23.5,0.0
2024-04-07 21:24:41,450.0,23.5,0.0
2024-04-07 21:35:29,437.0,23.3,0.0
2024-04-07 21:46:18,447.0,23.3,0.0
2024-04-07 21:57:06,438.0,23.3,0.0
2024-04-07 22:07:54,424.0,23.3,0.0
2024-04-07 22:18:42,431.0,23.3,0.0
2024-04-07 22:29:30,424.0,23.3,0.0
2024-04-07 22:40:19,429.0,23.3,0.0
2024-04-07 22:51:07,445.0,23.3,0.0
2024-04-07 23:01:54,444.0,23.3,0.0
2024-04-07 23:12:41,429.0,23.3,0.0
2024-04-07 23:23:29,438.0,23.5,0.0
2024-04-07 23:34:17,427.0,23.5,0.0
2024-04-07 23:45:05,443.0,23.5,0.0
2024-04-07 23:55:53,451.0,23.5,0.0
2024-04-08 00:06:43,456.0,23.5,0.0
2024-04-08 00:17:31,445.0,23.5,0.0
2024-04-08 00:28:19,449.0,23.5,0.0
2024-04-08 00:39:07,445.0,23.5,0.0
2024-04-08 00:49:55,450.0,23.3,0.0
2024-04-08 01:00:43,454.0,23.3,0.0
2024-04-08 01:11:32,441.0,23.3,0.0
2024-04-08 01:22:21,442.0,23.3,0.0
2024-04-08 01:33:09,442.0,23.0,0.0
2024-04-08 01:43:57,434.0,23.0,0.0
2024-04-08 01:54:45,451.0,23.0,0.0
2024-04-08 02:05:34,434.0,22.8,0.0
2024-04-08 02:16:22,439.0,22.8,0.0
2024-04-08 02:27:11,451.0,22.8,0.0
2024-04-08 02:38:00,433.0,22.5,0.0
2024-04-08 02:48:48,444.0,22.5,0.0
2024-04-08 02:59:36,419.0,22.5,0.0
2024-04-08 03:10:26,445.0,22.5,3.0
2024-04-08 03:21:14,430.0,22.3,1.0
2024-04-08 03:32:03,428.0,22.3,1.0
2024-04-08 03:42:52,435.0,22.3,1.0
2024-04-08 03:53:40,440.0,22.3,9.0
2024-04-08 04:04:29,434.0,22.3,9.0
2024-04-08 04:15:17,442.0,22.3,7.0
2024-04-08 04:26:06,436.0,22.0,3.0
2024-04-08 04:36:54,450.0,22.0,6.0
2024-04-08 04:47:43,440.0,22.0,6.0
2024-04-08 04:58:31,434.0,22.0,3.0
2024-04-08 05:09:20,448.0,22.0,3.0
2024-04-08 05:20:08,436.0,22.0,6.0
2024-04-08 05:30:56,435.0,22.0,3.0
2024-04-08 05:41:45,442.0,22.0,3.0
2024-04-08 05:52:33,438.0,22.0,3.0
2024-04-08 06:03:21,431.0,22.0,3.0
2024-04-08 06:14:09,450.0,22.0,6.0
2024-04-08 06:24:58,435.0,21.8,2.0
2024-04-08 06:35:46,443.0,21.8,3.0
2024-04-08 06:46:34,422.0,21.8,1.0
2024-04-08 06:57:23,439.0,21.8,1.0
2024-04-08 07:08:11,432.0,21.8,0.0
2024-04-08 07:18:59,444.0,21.8,0.0
2024-04-08 07:29:47,441.0,22.3,0.0
2024-04-08 07:40:36,452.0,22.8,0.0
2024-04-08 07:51:24,458.0,23.3,0.0
2024-04-08 08:02:13,461.0,23.5,0.0
2024-04-08 08:13:01,463.0,23.8,0.0
2024-04-08 08:23:50,447.0,23.8,0.0
2024-04-08 08:34:38,450.0,23.5,0.0
2024-04-08 08:45:25,480.0,23.5,0.0
2024-04-08 08:56:13,497.0,23.3,0.0
2024-04-08 09:07:02,468.0,23.5,0.0
2024-04-08 09:17:50,484.0,23.5,0.0
2024-04-08 09:28:38,485.0,23.3,0.0
2024-04-08 09:39:27,480.0,23.3,0.0
2024-04-08 09:50:16,475.0,23.3,0.0
2024-04-08 10:01:04,487.0,23.5,0.0
2024-04-08 10:11:53,511.0,23.5,0.0
2024-04-08 10:22:41,493.0,23.5,0.0
2024-04-08 10:33:29,513.0,23.5,0.0
2024-04-08 10:44:17,484.0,23.5,0.0
2024-04-08 10:55:05,498.0,23.5,0.0
2024-04-08 11:05:53,501.0,23.8,0.0
2024-04-08 11:16:41,495.0,23.8,0.0
2024-04-08 11:27:29,513.0,23.8,0.0
2024-04-08 11:38:18,512.0,23.8,0.0
2024-04-08 11:49:06,505.0,23.8,0.0
2024-04-08 11:59:54,523.0,23.8,0.0
2024-04-08 12:10:43,525.0,23.8,0.0
2024-04-08 12:21:31,537.0,23.8,0.0
2024-04-08 12:32:19,527.0,23.8,0.0
2024-04-08 12:43:08,519.0,23.8,0.0
2024-04-08 12:53:56,533.0,23.8,0.0
2024-04-08 13:04:44,533.0,23.8,0.0
2024-04-08 13:15:32,582.0,23.8,21.0
2024-04-08 13:26:21,574.0,24.0,9.0
2024-04-08 13:37:09,549.0,24.0,0.0
2024-04-08 13:47:57,531.0,24.0,0.0
2024-04-08 13:58:46,539.0,24.0,0.0
2024-04-08 14:09:34,540.0,24.0,0.0
2024-04-08 14:20:22,527.0,24.0,0.0
2024-04-08 14:31:12,528.0,24.0,6.0
2024-04-08 14:42:01,522.0,24.0,29.0
2024-04-08 14:52:49,542.0,24.0,16.0
2024-04-08 15:03:37,537.0,24.0,0.0
2024-04-08 15:14:26,544.0,24.0,0.0
2024-04-08 15:25:15,545.0,24.0,0.0
2024-04-08 15:36:03,571.0,24.0,74.0
2024-04-08 15:46:51,577.0,24.0,37.0
2024-04-08 15:57:40,588.0,24.0,7.0
2024-04-08 16:08:28,587.0,24.0,29.0
2024-04-08 16:19:16,574.0,24.0,82.0
2024-04-08 16:30:05,569.0,23.8,85.0
2024-04-08 16:40:53,556.0,23.8,34.0
2024-04-08 16:51:41,553.0,23.8,52.0
2024-04-08 17:02:30,564.0,23.8,32.0
2024-04-08 17:13:18,578.0,23.8,110.0
2024-04-08 17:24:06,601.0,23.8,74.0
2024-04-08 17:34:53,570.0,23.8,37.0
2024-04-08 17:45:41,605.0,24.0,60.0
2024-04-08 17:56:29,599.0,24.0,47.0
2024-04-08 18:07:18,583.0,24.0,108.0
2024-04-08 18:18:07,537.0,23.8,48.0
2024-04-08 18:28:55,520.0,23.8,21.0
2024-04-08 18:39:43,476.0,23.8,9.0
2024-04-08 18:50:31,490.0,23.5,1.0
2024-04-08 19:01:20,479.0,23.5,0.0
2024-04-08 19:12:08,492.0,23.5,0.0
2024-04-08 19:22:58,492.0,23.5,1.0
2024-04-08 19:33:47,506.0,23.5,9.0
2024-04-08 19:44:35,478.0,23.5,3.0
2024-04-08 19:55:23,471.0,23.5,0.0
2024-04-08 20:06:11,468.0,23.5,0.0
2024-04-08 20:17:00,463.0,23.5,34.0
2024-04-08 20:27:48,481.0,23.5,50.0
2024-04-08 20:38:36,479.0,23.5,45.0
2024-04-08 20:49:25,488.0,23.8,16.0
2024-04-08 21:00:13,469.0,23.8,1.0
2024-04-08 21:11:01,488.0,23.5,0.0
2024-04-08 21:21:49,460.0,23.5,0.0
2024-04-08 21:32:38,457.0,23.5,0.0
2024-04-08 21:43:27,456.0,23.5,0.0
2024-04-08 21:54:15,468.0,23.5,0.0
2024-04-08 22:05:03,467.0,23.5,0.0
2024-04-08 22:15:51,458.0,23.8,0.0
2024-04-08 22:26:39,456.0,23.8,0.0
2024-04-08 22:37:28,453.0,23.8,0.0
2024-04-08 22:48:17,440.0,23.8,0.0
2024-04-08 22:59:05,452.0,23.8,0.0
2024-04-08 23:09:53,446.0,23.8,0.0
2024-04-08 23:20:45,441.0,23.8,0.0
2024-04-08 23:31:33,469.0,23.8,1.0
2024-04-08 23:42:22,464.0,23.5,0.0
2024-04-08 23:53:11,455.0,23.5,0.0
2024-04-09 00:03:59,459.0,23.3,0.0
2024-04-09 00:14:47,455.0,23.3,0.0
2024-04-09 00:25:35,456.0,23.0,45.0
2024-04-09 00:36:23,454.0,23.0,14.0
2024-04-09 00:47:12,449.0,22.8,3.0
2024-04-09 00:58:01,453.0,22.8,6.0
2024-04-09 01:08:49,466.0,22.8,6.0
2024-04-09 01:19:37,444.0,22.5,6.0
2024-04-09 01:30:26,455.0,22.5,3.0
2024-04-09 01:41:14,468.0,22.5,3.0
2024-04-09 01:52:02,460.0,22.3,3.0
2024-04-09 02:02:51,447.0,22.3,1.0
2024-04-09 02:13:40,454.0,22.3,1.0
2024-04-09 02:24:28,459.0,22.3,1.0
2024-04-09 02:35:16,441.0,22.0,1.0
2024-04-09 02:46:04,449.0,22.0,0.0
2024-04-09 02:56:52,428.0,22.0,1.0
2024-04-09 03:07:41,441.0,21.8,0.0
2024-04-09 03:18:30,440.0,21.8,1.0
2024-04-09 03:29:18,430.0,21.5,1.0
2024-04-09 03:40:07,455.0,21.5,0.0
2024-04-09 03:50:55,444.0,21.3,0.0
2024-04-09 04:01:43,427.0,21.3,0.0
2024-04-09 04:12:31,435.0,21.3,0.0
2024-04-09 04:23:19,446.0,21.3,0.0
2024-04-09 04:34:08,425.0,21.3,0.0
2024-04-09 04:44:56,443.0,21.0,0.0
2024-04-09 04:55:44,446.0,21.0,34.0
2024-04-09 05:06:32,430.0,21.0,45.0
2024-04-09 05:17:21,429.0,21.0,47.0
2024-04-09 05:28:09,439.0,21.0,37.0
2024-04-09 05:38:57,438.0,21.0,34.0
2024-04-09 05:49:45,435.0,21.0,27.0
2024-04-09 06:00:34,428.0,20.8,21.0
2024-04-09 06:11:22,448.0,20.8,16.0
2024-04-09 06:22:11,434.0,20.8,14.0
2024-04-09 06:33:00,490.0,20.8,27.0
2024-04-09 06:43:48,554.0,20.8,34.0
2024-04-09 06:54:36,520.0,20.8,14.0
2024-04-09 07:05:24,486.0,20.8,11.0
2024-04-09 07:16:12,471.0,20.8,0.0
2024-04-09 07:27:02,464.0,21.5,0.0
2024-04-09 07:37:50,441.0,22.3,0.0
2024-04-09 07:48:38,444.0,23.0,0.0
2024-04-09 07:59:27,449.0,23.5,0.0
2024-04-09 08:10:16,456.0,24.3,0.0
2024-04-09 08:21:05,452.0,24.8,0.0
2024-04-09 08:31:53,449.0,24.8,0.0
2024-04-09 08:42:42,453.0,24.8,0.0
2024-04-09 08:53:30,447.0,24.8,0.0
2024-04-09 09:04:18,449.0,24.5,0.0
2024-04-09 09:15:06,452.0,24.5,0.0
2024-04-09 09:25:54,472.0,24.3,0.0
2024-04-09 09:36:44,474.0,24.3,0.0
2024-04-09 09:47:33,476.0,24.3,0.0
2024-04-09 09:58:20,490.0,24.3,0.0
2024-04-09 10:09:09,487.0,24.3,0.0
2024-04-09 10:19:57,501.0,24.3,95.0
2024-04-09 10:30:45,484.0,24.0,57.0
2024-04-09 10:41:33,500.0,24.0,21.0
2024-04-09 10:52:21,509.0,24.0,1.0
2024-04-09 11:03:10,527.0,24.0,0.0
2024-04-09 11:13:58,525.0,24.0,0.0
2024-04-09 11:24:46,520.0,24.0,0.0
2024-04-09 11:35:34,516.0,23.8,0.0
2024-04-09 11:46:22,520.0,23.8,0.0
2024-04-09 11:57:11,531.0,23.8,0.0
2024-04-09 12:07:59,517.0,23.8,0.0
2024-04-09 12:18:47,522.0,23.8,0.0
2024-04-09 12:29:36,526.0,23.8,0.0
2024-04-09 12:40:25,532.0,23.8,0.0
2024-04-09 12:51:13,545.0,23.8,0.0
2024-04-09 13:02:02,558.0,23.8,0.0
2024-04-09 13:12:50,565.0,23.8,16.0
2024-04-09 13:23:38,583.0,23.8,3.0
2024-04-09 13:34:26,573.0,23.8,0.0
2024-04-09 13:45:14,592.0,23.8,0.0
2024-04-09 13:56:02,577.0,23.8,0.0
2024-04-09 14:06:51,572.0,23.8,0.0
2024-04-09 14:17:39,575.0,23.8,0.0
2024-04-09 14:28:27,593.0,23.8,0.0
2024-04-09 14:39:15,592.0,23.8,0.0
2024-04-09 14:50:04,594.0,23.8,0.0
2024-04-09 15:00:52,568.0,23.8,0.0
2024-04-09 15:11:41,569.0,23.8,0.0
2024-04-09 15:22:29,542.0,23.8,0.0
2024-04-09 15:33:17,541.0,23.8,0.0
2024-04-09 15:44:06,538.0,23.5,0.0
2024-04-09 15:54:54,545.0,23.5,0.0
2024-04-09 16:05:42,529.0,23.5,0.0
2024-04-09 16:16:30,545.0,23.5,0.0
2024-04-09 16:27:19,537.0,23.5,0.0
2024-04-09 16:38:07,534.0,23.3,0.0
2024-04-09 16:48:55,527.0,23.3,0.0
2024-04-09 16:59:45,526.0,23.3,0.0
2024-04-09 17:10:33,538.0,23.3,0.0
2024-04-09 17:21:21,539.0,23.3,0.0
2024-04-09 17:32:09,541.0,23.3,0.0
2024-04-09 17:42:57,527.0,23.3,0.0
2024-04-09 17:53:45,513.0,23.3,0.0
2024-04-09 18:04:32,520.0,23.3,0.0
2024-04-09 18:15:21,540.0,23.3,0.0
2024-04-09 18:26:11,546.0,23.3,0.0
2024-04-09 18:36:59,552.0,23.5,0.0
2024-04-09 18:47:47,560.0,23.5,0.0
2024-04-09 18:58:36,563.0,23.5,0.0
2024-04-09 19:09:24,571.0,23.5,0.0
2024-04-09 19:20:12,554.0,23.5,0.0
2024-04-09 19:31:00,539.0,23.5,0.0
2024-04-09 19:41:49,536.0,23.5,0.0
2024-04-09 19:52:37,535.0,23.5,0.0
2024-04-09 20:03:25,525.0,23.5,0.0
2024-04-09 20:14:13,516.0,23.5,0.0
2024-04-09 20:25:01,484.0,23.5,0.0
2024-04-09 20:35:49,484.0,23.8,0.0
2024-04-09 20:46:37,483.0,23.8,62.0
2024-04-09 20:57:25,494.0,23.8,19.0
2024-04-09 21:08:13,473.0,23.8,0.0
2024-04-09 21:19:02,478.0,23.8,0.0
2024-04-09 21:29:50,483.0,23.8,0.0
2024-04-09 21:40:38,463.0,23.8,0.0
2024-04-09 21:51:25,466.0,23.8,0.0
2024-04-09 22:02:14,456.0,23.8,0.0
2024-04-09 22:13:03,473.0,23.8,0.0
2024-04-09 22:23:52,452.0,23.8,0.0
2024-04-09 22:34:41,475.0,23.8,0.0
2024-04-09 22:45:28,476.0,23.8,0.0
2024-04-09 22:56:16,470.0,23.8,0.0
2024-04-09 23:07:04,461.0,23.8,0.0
2024-04-09 23:17:52,462.0,23.8,0.0
2024-04-09 23:28:40,482.0,23.8,0.0
2024-04-09 23:39:28,483.0,23.8,3.0
2024-04-09 23:50:16,491.0,23.5,1.0
2024-04-10 00:01:05,498.0,23.5,1.0
2024-04-10 00:11:53,496.0,23.5,1.0
2024-04-10 00:22:41,490.0,23.3,1.0
2024-04-10 00:33:29,500.0,23.3,1.0
2024-04-10 00:44:17,489.0,23.3,1.0
2024-04-10 00:55:05,470.0,23.0,0.0
2024-04-10 01:05:54,484.0,23.0,0.0
2024-04-10 01:16:43,484.0,22.8,0.0
2024-04-10 01:27:32,484.0,22.8,0.0
2024-04-10 01:38:20,475.0,22.8,0.0
2024-04-10 01:49:08,478.0,22.8,0.0
2024-04-10 01:59:56,471.0,22.8,0.0
2024-04-10 02:10:45,466.0,22.5,0.0
2024-04-10 02:21:34,451.0,22.5,0.0
2024-04-10 02:32:22,461.0,22.5,0.0
2024-04-10 02:43:10,450.0,22.3,0.0
2024-04-10 02:53:58,451.0,22.3,0.0
2024-04-10 03:04:46,452.0,22.3,0.0
2024-04-10 03:15:35,449.0,22.0,0.0
2024-04-10 03:26:23,438.0,22.0,0.0
2024-04-10 03:37:11,446.0,22.0,0.0
2024-04-10 03:47:59,445.0,22.0,0.0
2024-04-10 03:58:47,440.0,22.0,0.0
2024-04-10 04:09:34,441.0,21.8,0.0
2024-04-10 04:20:23,438.0,21.8,0.0
2024-04-10 04:31:10,447.0,21.8,0.0
2024-04-10 04:41:58,450.0,21.8,0.0
2024-04-10 04:52:46,441.0,21.8,0.0
2024-04-10 05:03:35,434.0,21.8,0.0
2024-04-10 05:14:23,437.0,21.5,0.0
2024-04-10 05:25:12,442.0,21.5,0.0
2024-04-10 05:36:01,431.0,21.5,0.0
2024-04-10 05:46:49,443.0,21.5,0.0
2024-04-10 05:57:37,432.0,21.5,0.0
2024-04-10 06:08:25,432.0,21.3,0.0
2024-04-10 06:19:14,435.0,21.3,0.0
2024-04-10 06:30:02,428.0,21.3,0.0
2024-04-10 06:40:50,440.0,21.3,0.0
2024-04-10 06:51:38,433.0,21.3,0.0
2024-04-10 07:02:27,429.0,21.3,0.0
2024-04-10 07:13:15,451.0,21.3,0.0
2024-04-10 07:24:04,437.0,21.3,0.0
2024-04-10 07:34:51,427.0,22.0,0.0
2024-04-10 07:45:39,440.0,23.0,0.0
2024-04-10 07:56:27,434.0,23.5,0.0
2024-04-10 08:07:16,447.0,23.8,0.0
2024-04-10 08:18:03,444.0,23.8,0.0
2024-04-10 08:28:51,446.0,23.8,0.0
2024-04-10 08:39:39,455.0,23.8,0.0
2024-04-10 08:50:28,454.0,23.8,0.0
2024-04-10 09:01:16,458.0,23.8,0.0
2024-04-10 09:12:05,450.0,23.8,0.0
2024-04-10 09:22:53,471.0,23.8,0.0
2024-04-10 09:33:42,466.0,23.8,0.0
2024-04-10 09:44:30,467.0,23.5,0.0
2024-04-10 09:55:19,465.0,23.5,0.0
2024-04-10 10:06:07,483.0,23.5,0.0
2024-04-10 10:16:55,494.0,23.5,0.0
2024-04-10 10:27:44,485.0,23.5,0.0
2024-04-10 10:38:32,503.0,23.5,0.0
2024-04-10 10:49:19,500.0,23.5,0.0
2024-04-10 11:00:08,488.0,23.5,0.0
2024-04-10 11:10:57,506.0,23.5,0.0
2024-04-10 11:21:45,493.0,23.5,0.0
2024-04-10 11:32:33,504.0,23.5,0.0
2024-04-10 11:43:22,508.0,23.5,0.0
2024-04-10 11:54:10,516.0,23.5,0.0
2024-04-10 12:04:58,528.0,23.5,0.0
2024-04-10 12:15:46,517.0,23.5,0.0
2024-04-10 12:26:34,512.0,23.5,0.0
2024-04-10 12:37:22,526.0,23.5,0.0
2024-04-10 12:48:10,510.0,23.5,0.0
2024-04-10 12:58:58,514.0,23.5,0.0
2024-04-10 13:09:48,509.0,23.5,0.0
2024-04-10 13:20:37,505.0,23.5,0.0
2024-04-10 13:31:25,509.0,23.3,0.0
2024-04-10 13:42:14,517.0,23.3,0.0
2024-04-10 13:53:02,520.0,23.3,3.0
2024-04-10 14:03:50,510.0,23.5,6.0
2024-04-10 14:14:38,509.0,23.5,24.0
2024-04-10 14:25:25,489.0,23.5,16.0
2024-04-10 14:36:14,520.0,23.5,11.0
2024-04-10 14:47:03,522.0,23.5,0.0
2024-04-10 14:57:51,511.0,23.5,0.0
2024-04-10 15:08:38,520.0,23.5,9.0
2024-04-10 15:19:26,523.0,23.5,3.0
2024-04-10 15:30:15,521.0,23.5,0.0
2024-04-10 15:41:02,521.0,23.5,0.0
2024-04-10 15:51:50,539.0,23.5,0.0
2024-04-10 16:02:38,538.0,23.5,0.0
2024-04-10 16:13:27,549.0,23.5,9.0
2024-04-10 16:24:16,526.0,23.5,21.0
2024-04-10 16:35:04,525.0,23.5,9.0
2024-04-10 16:45:52,512.0,23.5,0.0
2024-04-10 16:56:40,536.0,23.5,226.0
2024-04-10 17:07:28,529.0,23.5,90.0
2024-04-10 17:18:17,519.0,23.5,29.0
2024-04-10 17:29:06,510.0,23.5,0.0
2024-04-10 17:39:55,497.0,23.5,0.0
2024-04-10 17:50:43,503.0,23.5,0.0
2024-04-10 18:01:31,508.0,23.5,0.0
2024-04-10 18:12:19,514.0,23.5,0.0
2024-04-10 18:23:07,494.0,23.3,0.0
2024-04-10 18:33:56,467.0,23.3,0.0
2024-04-10 18:44:44,472.0,23.3,0.0
2024-04-10 18:55:33,469.0,23.3,0.0
2024-04-10 19:06:21,461.0,23.3,0.0
2024-04-10 19:17:09,468.0,23.3,0.0
2024-04-10 19:27:57,463.0,23.3,0.0
2024-04-10 19:38:44,481.0,23.5,0.0
2024-04-10 19:49:32,491.0,23.5,0.0
2024-04-10 20:00:21,481.0,23.3,0.0
2024-04-10 20:11:09,487.0,23.3,0.0
2024-04-10 20:21:57,507.0,23.3,0.0
2024-04-10 20:32:46,491.0,23.3,0.0
2024-04-10 20:43:34,487.0,23.3,0.0
2024-04-10 20:54:23,478.0,23.3,0.0
2024-04-10 21:05:11,459.0,23.3,0.0
2024-04-10 21:16:00,487.0,23.0,0.0
2024-04-10 21:26:48,478.0,23.0,0.0
2024-04-10 21:37:37,461.0,23.3,0.0
2024-04-10 21:48:26,439.0,23.3,0.0
2024-04-10 21:59:14,459.0,23.3,0.0
2024-04-10 22:10:02,448.0,23.5,0.0
2024-04-10 22:20:50,452.0,23.3,0.0
2024-04-10 22:31:38,445.0,23.3,0.0
2024-04-10 22:42:26,449.0,23.3,0.0
2024-04-10 22:53:15,446.0,23.3,0.0
2024-04-10 23:04:03,440.0,23.3,0.0
2024-04-10 23:14:51,451.0,23.3,0.0
2024-04-10 23:25:39,445.0,23.3,0.0
2024-04-10 23:36:27,439.0,23.3,0.0
2024-04-10 23:47:15,433.0,23.3,0.0
2024-04-10 23:58:04,436.0,23.3,0.0
2024-04-11 00:08:52,447.0,23.3,0.0
2024-04-11 00:19:40,441.0,23.0,0.0
2024-04-11 00:30:29,440.0,23.0,0.0
2024-04-11 00:41:17,436.0,23.0,0.0
2024-04-11 00:52:05,441.0,23.0,0.0
2024-04-11 01:02:53,431.0,23.0,0.0
2024-04-11 01:13:41,440.0,22.8,0.0
2024-04-11 01:24:29,428.0,22.8,0.0
2024-04-11 01:35:18,434.0,22.8,0.0
2024-04-11 01:46:07,428.0,22.5,0.0
2024-04-11 01:56:55,427.0,22.5,0.0
2024-04-11 02:07:44,453.0,22.3,0.0
2024-04-11 02:18:32,441.0,22.3,0.0
2024-04-11 02:29:20,451.0,22.3,0.0
2024-04-11 02:40:08,425.0,22.3,0.0
2024-04-11 02:50:55,448.0,22.3,0.0
2024-04-11 03:01:43,439.0,22.0,0.0
2024-04-11 03:12:32,448.0,22.0,0.0
2024-04-11 03:23:20,433.0,22.0,0.0
2024-04-11 03:34:08,442.0,22.0,0.0
2024-04-11 03:44:56,433.0,22.0,0.0
2024-04-11 03:55:43,419.0,21.8,0.0
2024-04-11 04:06:32,433.0,21.8,0.0
2024-04-11 04:17:20,433.0,21.8,0.0
2024-04-11 04:28:08,425.0,21.8,0.0
2024-04-11 04:38:56,437.0,21.8,0.0
2024-04-11 04:49:44,433.0,21.8,0.0
2024-04-11 05:00:33,416.0,21.5,0.0
2024-04-11 05:11:20,419.0,21.5,0.0
2024-04-11 05:22:09,443.0,21.5,0.0
2024-04-11 05:32:57,435.0,21.5,1.0
2024-04-11 05:43:45,433.0,21.5,0.0
2024-04-11 05:54:33,449.0,21.5,0.0
2024-04-11 06:05:21,436.0,21.5,0.0
2024-04-11 06:16:09,432.0,21.5,0.0
2024-04-11 06:26:56,434.0,21.8,0.0
2024-04-11 06:37:44,448.0,21.5,0.0
2024-04-11 06:48:33,446.0,21.5,0.0
2024-04-11 06:59:21,431.0,21.5,0.0
2024-04-11 07:10:09,442.0,21.5,0.0
2024-04-11 07:20:57,443.0,21.8,0.0
2024-04-11 07:31:44,433.0,22.0,0.0
2024-04-11 07:42:33,434.0,22.5,0.0
2024-04-11 07:53:21,453.0,23.0,0.0
2024-04-11 08:04:09,450.0,23.5,0.0
2024-04-11 08:14:57,456.0,23.5,0.0
2024-04-11 08:25:44,440.0,23.8,0.0
2024-04-11 08:36:32,462.0,23.8,0.0
2024-04-11 08:47:20,470.0,23.8,0.0
2024-04-11 08:58:09,462.0,23.8,0.0
2024-04-11 09:08:57,468.0,23.5,0.0
2024-04-11 09:19:46,464.0,23.5,0.0
2024-04-11 09:30:34,457.0,23.5,0.0
2024-04-11 09:41:23,449.0,23.5,0.0
2024-04-11 09:52:11,464.0,23.5,0.0
2024-04-11 10:02:59,459.0,23.5,0.0
2024-04-11 10:13:46,478.0,23.5,0.0
2024-04-11 10:24:35,479.0,23.5,0.0
2024-04-11 10:35:23,466.0,23.5,0.0
2024-04-11 10:46:10,500.0,23.5,0.0
2024-04-11 10:56:57,506.0,23.5,0.0
2024-04-11 11:07:45,504.0,23.5,0.0
2024-04-11 11:18:33,511.0,23.8,1.0
2024-04-11 11:29:21,537.0,23.8,0.0
2024-04-11 11:40:09,516.0,23.8,0.0
2024-04-11 11:50:56,533.0,23.8,0.0
2024-04-11 12:01:44,537.0,23.8,0.0
2024-04-11 12:12:32,541.0,23.8,0.0
2024-04-11 12:23:20,535.0,23.8,0.0
2024-04-11 12:34:08,554.0,24.0,0.0
2024-04-11 12:44:56,551.0,24.0,0.0
2024-04-11 12:55:44,562.0,24.0,0.0
2024-04-11 13:06:31,554.0,23.8,0.0
2024-04-11 13:17:20,552.0,23.8,0.0
2024-04-11 13:28:08,532.0,23.8,1.0
2024-04-11 13:38:56,528.0,23.8,567.0
2024-04-11 13:49:43,552.0,23.8,595.0
2024-04-11 14:00:32,558.0,23.8,307.0
2024-04-11 14:11:19,558.0,23.8,136.0
2024-04-11 14:22:07,552.0,23.8,55.0
2024-04-11 14:32:55,559.0,23.8,21.0
2024-04-11 14:43:43,527.0,23.8,9.0
2024-04-11 14:54:31,523.0,23.8,1.0
2024-04-11 15:05:20,522.0,23.8,0.0
2024-04-11 15:16:08,514.0,23.8,0.0
2024-04-11 15:26:56,530.0,23.8,0.0
2024-04-11 15:37:44,538.0,23.8,0.0
2024-04-11 15:48:32,555.0,23.8,0.0
2024-04-11 15:59:20,565.0,24.0,0.0
2024-04-11 16:10:07,549.0,24.0,0.0
2024-04-11 16:20:55,560.0,23.8,0.0
2024-04-11 16:31:43,550.0,23.8,3.0
2024-04-11 16:42:31,543.0,23.8,0.0
2024-04-11 16:53:19,531.0,23.8,0.0
2024-04-11 17:04:07,545.0,23.8,0.0
2024-04-11 17:14:55,526.0,23.5,0.0
2024-04-11 17:25:44,537.0,23.8,0.0
2024-04-11 17:36:34,539.0,23.8,0.0
2024-04-11 17:47:22,538.0,23.8,0.0
2024-04-11 17:58:10,529.0,23.8,0.0
2024-04-11 18:09:00,529.0,23.5,0.0
2024-04-11 18:19:48,518.0,23.5,37.0
2024-04-11 18:30:35,526.0,23.5,27.0
2024-04-11 18:41:23,528.0,23.5,24.0
2024-04-11 18:52:11,496.0,23.5,3.0
2024-04-11 19:03:00,505.0,23.3,0.0
2024-04-11 19:13:48,505.0,23.3,0.0
2024-04-11 19:24:36,490.0,23.3,0.0
2024-04-11 19:35:25,483.0,23.3,0.0
2024-04-11 19:46:13,457.0,23.3,0.0
2024-04-11 19:57:01,487.0,23.3,0.0
2024-04-11 20:07:49,482.0,23.3,0.0
2024-04-11 20:18:37,471.0,23.3,0.0
2024-04-11 20:29:25,469.0,23.3,0.0
2024-04-11 20:40:13,494.0,23.3,0.0
2024-04-11 20:51:00,476.0,23.3,0.0
2024-04-11 21:01:48,483.0,23.3,0.0
2024-04-11 21:12:35,480.0,23.3,0.0
2024-04-11 21:23:23,483.0,23.3,0.0
2024-04-11 21:34:11,473.0,23.3,0.0
2024-04-11 21:44:58,462.0,23.3,0.0
2024-04-11 21:55:47,475.0,23.3,0.0
2024-04-11 22:06:35,465.0,23.0,0.0
2024-04-11 22:17:24,468.0,23.3,0.0
2024-04-11 22:28:11,478.0,23.3,0.0
2024-04-11 22:39:01,494.0,23.5,0.0
2024-04-11 22:49:49,492.0,23.5,0.0
2024-04-11 23:00:37,486.0,23.5,0.0
2024-04-11 23:11:25,503.0,23.5,0.0
2024-04-11 23:22:13,513.0,23.5,0.0
2024-04-11 23:33:01,514.0,23.5,0.0
2024-04-11 23:43:48,520.0,23.5,0.0
2024-04-11 23:54:36,522.0,23.3,0.0
2024-04-12 00:05:24,539.0,23.3,0.0
2024-04-12 00:16:11,542.0,23.3,0.0
2024-04-12 00:27:00,546.0,23.0,0.0
2024-04-12 00:37:47,544.0,23.0,0.0
2024-04-12 00:48:35,532.0,23.0,0.0
2024-04-12 00:59:23,545.0,22.8,0.0
2024-04-12 01:10:11,543.0,22.8,0.0
2024-04-12 01:20:59,530.0,22.5,0.0
2024-04-12 01:31:47,515.0,22.5,0.0
2024-04-12 01:42:34,517.0,22.5,0.0
2024-04-12 01:53:22,529.0,22.5,0.0
2024-04-12 02:04:10,506.0,22.3,0.0
2024-04-12 02:14:58,495.0,22.3,0.0
2024-04-12 02:25:46,498.0,22.3,0.0
2024-04-12 02:36:34,500.0,22.3,0.0
2024-04-12 02:47:21,486.0,22.3,0.0
2024-04-12 02:58:09,483.0,22.0,0.0
2024-04-12 03:08:57,479.0,22.0,1.0
2024-04-12 03:19:46,479.0,22.0,0.0
2024-04-12 03:30:34,474.0,22.0,0.0
2024-04-12 03:41:22,464.0,21.8,1.0
2024-04-12 03:52:10,461.0,21.8,1.0
2024-04-12 04:02:58,466.0,21.8,0.0
2024-04-12 04:13:47,463.0,21.8,0.0
2024-04-12 04:24:35,468.0,21.8,0.0
2024-04-12 04:35:22,479.0,21.8,1.0
2024-04-12 04:46:10,461.0,21.5,0.0
2024-04-12 04:56:58,459.0,21.5,0.0
2024-04-12 05:07:46,465.0,21.5,1.0
2024-04-12 05:18:34,478.0,21.5,0.0
2024-04-12 05:29:22,471.0,21.5,1.0
2024-04-12 05:40:10,466.0,21.5,1.0
2024-04-12 05:50:57,462.0,21.5,0.0
2024-04-12 06:01:45,461.0,21.5,1.0
2024-04-12 06:12:33,457.0,21.5,0.0
2024-04-12 06:23:21,450.0,21.5,0.0
2024-04-12 06:34:08,462.0,21.5,0.0
2024-04-12 06:44:56,464.0,21.5,0.0
2024-04-12 06:55:44,464.0,21.5,0.0
2024-04-12 07:06:32,477.0,21.5,0.0
2024-04-12 07:17:20,443.0,21.8,0.0
2024-04-12 07:28:08,441.0,22.3,0.0
2024-04-12 07:38:56,449.0,23.0,0.0
2024-04-12 07:49:44,451.0,23.5,0.0
2024-04-12 08:00:33,454.0,23.8,0.0
2024-04-12 08:11:21,461.0,23.8,0.0
2024-04-12 08:22:09,464.0,23.8,0.0
2024-04-12 08:32:57,465.0,23.8,0.0
2024-04-12 08:43:46,459.0,23.8,0.0
2024-04-12 08:54:34,460.0,23.5,0.0
2024-04-12 09:05:22,470.0,23.5,0.0
2024-04-12 09:16:10,483.0,23.5,0.0
2024-04-12 09:26:59,479.0,23.5,0.0
2024-04-12 09:37:46,472.0,23.5,0.0
2024-04-12 09:48:34,494.0,23.5,0.0
2024-04-12 09:59:23,495.0,23.5,0.0
2024-04-12 10:10:11,487.0,23.5,0.0
2024-04-12 10:20:58,485.0,23.5,0.0
2024-04-12 10:31:46,491.0,23.5,0.0
2024-04-12 10:42:33,503.0,23.5,0.0
2024-04-12 10:53:21,507.0,23.5,0.0
2024-04-12 11:04:08,503.0,23.5,0.0
2024-04-12 11:14:56,536.0,23.5,0.0
2024-04-12 11:25:43,539.0,23.5,0.0
2024-04-12 11:36:31,531.0,23.8,0.0
2024-04-12 11:47:19,539.0,23.5,0.0
2024-04-12 11:58:07,542.0,23.5,0.0
2024-04-12 12:08:54,528.0,23.5,0.0
2024-04-12 12:19:42,540.0,23.8,0.0
2024-04-12 12:30:30,543.0,23.8,0.0
2024-04-12 12:41:17,546.0,23.8,0.0
2024-04-12 12:52:05,549.0,23.8,0.0
2024-04-12 13:02:53,555.0,23.8,0.0
2024-04-12 13:13:40,540.0,23.8,14.0
2024-04-12 13:24:28,552.0,23.8,0.0
2024-04-12 13:35:16,556.0,23.8,0.0
2024-04-12 13:46:03,547.0,23.8,0.0
2024-04-12 13:56:51,543.0,23.8,0.0
2024-04-12 14:07:39,510.0,23.8,0.0
2024-04-12 14:18:28,525.0,23.8,0.0
2024-04-12 14:29:16,498.0,23.8,0.0
2024-04-12 14:40:03,497.0,23.8,0.0
2024-04-12 14:50:51,513.0,23.8,0.0
2024-04-12 15:01:38,515.0,23.8,0.0
2024-04-12 15:12:28,506.0,23.8,0.0
2024-04-12 15:23:15,494.0,23.8,0.0
2024-04-12 15:34:02,480.0,23.8,0.0
2024-04-12 15:44:50,507.0,23.8,0.0
2024-04-12 15:55:38,500.0,23.8,0.0
2024-04-12 16:06:26,548.0,23.8,0.0
2024-04-12 16:17:14,549.0,23.8,0.0
2024-04-12 16:28:01,534.0,23.8,0.0
2024-04-12 16:38:49,536.0,23.8,0.0
2024-04-12 16:49:37,539.0,23.8,0.0
2024-04-12 17:00:27,529.0,23.8,0.0
2024-04-12 17:11:15,526.0,23.5,0.0
2024-04-12 17:22:02,554.0,23.5,0.0
2024-04-12 17:32:50,548.0,23.5,0.0
2024-04-12 17:43:38,566.0,23.5,0.0
2024-04-12 17:54:25,563.0,23.5,0.0
2024-04-12 18:05:13,572.0,23.5,11.0
2024-04-12 18:16:00,559.0,23.5,0.0
2024-04-12 18:26:48,554.0,23.5,0.0
2024-04-12 18:37:36,534.0,23.5,0.0
2024-04-12 18:48:24,508.0,23.5,0.0
2024-04-12 18:59:12,517.0,23.5,0.0
2024-04-12 19:09:59,481.0,23.5,115.0
2024-04-12 19:20:47,511.0,23.5,72.0
2024-04-12 19:31:34,501.0,23.3,27.0
2024-04-12 19:42:22,495.0,23.3,16.0
2024-04-12 19:53:10,498.0,23.3,0.0
2024-04-12 20:03:58,478.0,23.3,0.0
2024-04-12 20:14:46,497.0,23.3,0.0
2024-04-12 20:25:34,495.0,23.3,0.0
2024-04-12 20:36:21,495.0,23.3,0.0
2024-04-12 20:47:09,495.0,23.3,0.0
2024-04-12 20:57:57,491.0,23.3,0.0
2024-04-12 21:08:44,502.0,23.3,0.0
2024-04-12 21:19:31,490.0,23.3,0.0
2024-04-12 21:30:20,493.0,23.3,0.0
2024-04-12 21:41:07,492.0,23.3,0.0
2024-04-12 21:51:57,513.0,23.3,0.0
2024-04-12 22:02:45,489.0,23.3,0.0
2024-04-12 22:13:33,478.0,23.3,0.0
2024-04-12 22:24:21,468.0,23.3,0.0
2024-04-12 22:35:09,440.0,23.3,0.0
2024-04-12 22:45:56,449.0,23.3,0.0
2024-04-12 22:56:44,470.0,23.3,0.0
2024-04-12 23:07:33,455.0,23.3,0.0
2024-04-12 23:18:21,445.0,23.3,0.0
2024-04-12 23:29:09,446.0,23.3,0.0
2024-04-12 23:39:57,441.0,23.0,0.0
2024-04-12 23:50:44,457.0,23.0,0.0
2024-04-13 00:01:32,468.0,23.0,0.0
2024-04-13 00:12:21,464.0,22.8,0.0
2024-04-13 00:23:09,471.0,22.8,0.0
2024-04-13 00:33:57,467.0,22.8,0.0
2024-04-13 00:44:45,479.0,22.8,0.0
2024-04-13 00:55:33,453.0,22.8,0.0
2024-04-13 01:06:20,468.0,22.8,0.0
2024-04-13 01:17:09,451.0,22.5,0.0
2024-04-13 01:27:57,452.0,22.5,0.0
2024-04-13 01:38:45,465.0,22.5,0.0
2024-04-13 01:49:33,446.0,22.5,0.0
2024-04-13 02:00:22,462.0,22.5,0.0
2024-04-13 02:11:09,462.0,22.3,0.0
2024-04-13 02:21:57,452.0,22.3,0.0
2024-04-13 02:32:45,471.0,22.3,0.0
2024-04-13 02:43:34,456.0,22.0,0.0
2024-04-13 02:54:22,462.0,22.0,0.0
2024-04-13 03:05:10,442.0,22.0,0.0
2024-04-13 03:15:57,458.0,21.8,0.0
2024-04-13 03:26:46,459.0,21.8,0.0
2024-04-13 03:37:33,457.0,21.8,0.0
2024-04-13 03:48:22,459.0,21.8,0.0
2024-04-13 03:59:10,453.0,21.5,0.0
2024-04-13 04:09:58,467.0,21.5,0.0
2024-04-13 04:20:46,449.0,21.5,0.0
2024-04-13 04:31:34,447.0,21.5,0.0
2024-04-13 04:42:22,461.0,21.3,0.0
2024-04-13 04:53:09,456.0,21.3,0.0
2024-04-13 05:03:57,450.0,21.3,0.0
2024-04-13 05:14:45,449.0,21.3,0.0
2024-04-13 05:25:32,453.0,21.0,0.0
2024-04-13 05:36:20,446.0,21.0,0.0
2024-04-13 05:47:08,447.0,21.0,0.0
2024-04-13 05:57:56,433.0,21.0,0.0
2024-04-13 06:08:43,452.0,21.0,0.0
2024-04-13 06:19:31,451.0,21.0,0.0
2024-04-13 06:30:20,445.0,21.0,0.0
2024-04-13 06:41:07,436.0,20.8,0.0
2024-04-13 06:51:55,441.0,20.8,0.0
2024-04-13 07:02:43,434.0,20.8,0.0
2024-04-13 07:13:31,459.0,20.8,0.0
2024-04-13 07:24:19,461.0,21.0,0.0
2024-04-13 07:35:07,436.0,21.8,0.0
2024-04-13 07:45:54,436.0,23.0,0.0
2024-04-13 07:56:42,438.0,23.5,0.0
2024-04-13 08:07:30,433.0,23.8,0.0
2024-04-13 08:18:18,445.0,24.0,0.0
2024-04-13 08:29:07,448.0,24.3,0.0
2024-04-13 08:39:54,431.0,24.3,0.0
2024-04-13 08:50:42,439.0,24.3,0.0
2024-04-13 09:01:30,442.0,24.3,0.0
2024-04-13 09:12:18,455.0,24.0,0.0
2024-04-13 09:23:06,440.0,24.0,0.0
2024-04-13 09:33:54,444.0,24.0,0.0
2024-04-13 09:44:42,454.0,23.8,0.0
2024-04-13 09:55:29,446.0,23.5,0.0
2024-04-13 10:06:17,456.0,23.5,0.0
2024-04-13 10:17:05,452.0,23.5,0.0
2024-04-13 10:27:52,461.0,23.5,0.0
2024-04-13 10:38:41,449.0,23.5,0.0
2024-04-13 10:49:29,450.0,23.5,0.0
2024-04-13 11:00:18,502.0,23.5,0.0
2024-04-13 11:11:05,511.0,23.5,0.0
2024-04-13 11:21:53,501.0,23.5,0.0
2024-04-13 11:32:41,501.0,23.5,0.0
2024-04-13 11:43:28,478.0,23.5,0.0
2024-04-13 11:54:16,485.0,23.5,0.0
2024-04-13 12:05:04,492.0,23.5,0.0
2024-04-13 12:15:53,493.0,23.3,0.0
2024-04-13 12:26:41,478.0,23.3,0.0
2024-04-13 12:37:30,471.0,23.5,0.0
2024-04-13 12:48:18,483.0,23.5,0.0
2024-04-13 12:59:05,474.0,23.5,0.0
2024-04-13 13:09:53,487.0,23.5,0.0
2024-04-13 13:20:40,470.0,23.5,0.0
2024-04-13 13:31:28,454.0,23.5,0.0
2024-04-13 13:42:16,464.0,23.5,0.0
2024-04-13 13:53:03,468.0,23.5,0.0
2024-04-13 14:03:51,461.0,23.5,0.0
2024-04-13 14:14:39,461.0,23.5,0.0
2024-04-13 14:25:27,474.0,23.8,0.0
2024-04-13 14:36:14,471.0,23.5,0.0
2024-04-13 14:47:02,476.0,23.5,0.0
2024-04-13 14:57:49,453.0,23.5,0.0
2024-04-13 15:08:37,472.0,23.5,11.0
2024-04-13 15:19:24,463.0,23.5,0.0
2024-04-13 15:30:12,461.0,23.5,0.0
2024-04-13 15:41:01,463.0,23.5,0.0
2024-04-13 15:51:48,464.0,23.8,0.0
2024-04-13 16:02:36,449.0,23.8,0.0
2024-04-13 16:13:24,450.0,23.8,0.0
2024-04-13 16:24:12,450.0,23.8,0.0
2024-04-13 16:35:00,456.0,23.8,0.0
2024-04-13 16:45:47,453.0,23.8,0.0
2024-04-13 16:56:36,444.0,23.8,0.0
2024-04-13 17:07:24,457.0,23.8,0.0
2024-04-13 17:18:12,478.0,23.8,0.0
2024-04-13 17:28:59,457.0,23.5,0.0
2024-04-13 17:39:47,466.0,23.5,0.0
2024-04-13 17:50:35,462.0,23.5,0.0
2024-04-13 18:01:23,460.0,23.3,0.0
2024-04-13 18:12:11,461.0,23.3,0.0
2024-04-13 18:22:59,449.0,23.3,0.0
2024-04-13 18:33:47,461.0,23.0,0.0
2024-04-13 18:44:35,459.0,23.0,0.0
2024-04-13 18:55:23,468.0,23.3,0.0
2024-04-13 19:06:11,445.0,23.3,0.0
2024-04-13 19:16:59,454.0,23.3,0.0
2024-04-13 19:27:47,457.0,23.3,0.0
2024-04-13 19:38:34,454.0,23.3,0.0
2024-04-13 19:49:22,452.0,23.3,0.0
2024-04-13 20:00:11,450.0,23.3,0.0
2024-04-13 20:10:58,461.0,23.3,0.0
2024-04-13 20:21:46,473.0,23.3,0.0
2024-04-13 20:32:34,465.0,23.3,0.0
2024-04-13 20:43:22,465.0,23.3,0.0
2024-04-13 20:54:09,478.0,23.3,0.0
2024-04-13 21:04:57,488.0,23.3,0.0
2024-04-13 21:15:44,474.0,23.3,0.0
2024-04-13 21:26:32,475.0,23.3,0.0
2024-04-13 21:37:19,488.0,23.3,0.0
2024-04-13 21:48:07,482.0,23.5,0.0
2024-04-13 21:58:55,461.0,23.5,0.0
2024-04-13 22:09:43,478.0,23.5,0.0
2024-04-13 22:20:30,502.0,23.5,0.0
2024-04-13 22:31:17,471.0,23.5,0.0
2024-04-13 22:42:06,471.0,23.5,0.0
2024-04-13 22:52:53,471.0,23.5,0.0
2024-04-13 23:03:41,448.0,23.5,0.0
2024-04-13 23:14:29,452.0,23.5,0.0
2024-04-13 23:25:16,457.0,23.5,0.0
2024-04-13 23:36:03,475.0,23.3,0.0
2024-04-13 23:46:50,480.0,23.0,0.0
2024-04-13 23:57:38,472.0,23.0,0.0
2024-04-14 00:08:28,472.0,22.8,0.0
2024-04-14 00:19:16,469.0,22.8,0.0
2024-04-14 00:30:04,469.0,22.8,0.0
2024-04-14 00:40:51,480.0,22.5,0.0
2024-04-14 00:51:39,475.0,22.5,0.0
2024-04-14 01:02:27,481.0,22.3,0.0
2024-04-14 01:13:15,474.0,22.3,0.0
2024-04-14 01:24:02,468.0,22.0,0.0
2024-04-14 01:34:50,470.0,22.0,0.0
2024-04-14 01:45:37,467.0,22.0,0.0
2024-04-14 01:56:25,477.0,21.8,0.0
2024-04-14 02:07:14,466.0,21.8,0.0
2024-04-14 02:18:01,456.0,21.8,0.0
2024-04-14 02:28:49,468.0,21.5,0.0
2024-04-14 02:39:37,477.0,21.5,0.0
2024-04-14 02:50:25,455.0,21.5,0.0
2024-04-14 03:01:13,470.0,21.3,0.0
2024-04-14 03:12:01,476.0,21.3,0.0
2024-04-14 03:22:49,471.0,21.3,0.0
2024-04-14 03:33:37,470.0,21.3,0.0
2024-04-14 03:44:24,477.0,21.3,0.0
2024-04-14 03:55:13,465.0,21.3,0.0
2024-04-14 04:06:00,463.0,21.3,0.0
2024-04-14 04:16:48,479.0,21.3,0.0
2024-04-14 04:27:36,459.0,21.0,0.0
2024-04-14 04:38:25,452.0,21.0,0.0
2024-04-14 04:49:13,471.0,21.0,0.0
2024-04-14 05:00:01,456.0,21.0,0.0
2024-04-14 05:10:50,459.0,21.0,0.0
2024-04-14 05:21:38,461.0,21.0,0.0
2024-04-14 05:32:26,454.0,21.0,0.0
2024-04-14 05:43:14,454.0,20.8,0.0
2024-04-14 05:54:01,475.0,20.8,0.0
2024-04-14 06:04:49,462.0,20.8,0.0
2024-04-14 06:15:36,463.0,20.8,0.0
2024-04-14 06:26:24,455.0,20.8,0.0
2024-04-14 06:37:12,455.0,20.8,0.0
2024-04-14 06:48:00,467.0,20.8,0.0
2024-04-14 06:58:47,460.0,20.8,0.0
2024-04-14 07:09:35,445.0,20.8,0.0
2024-04-14 07:20:23,457.0,20.8,0.0
2024-04-14 07:31:10,452.0,21.3,0.0
2024-04-14 07:41:59,451.0,21.8,0.0
2024-04-14 07:52:46,443.0,22.3,0.0
2024-04-14 08:03:34,449.0,22.5,0.0
2024-04-14 08:14:22,453.0,23.0,0.0
2024-04-14 08:25:10,459.0,23.3,0.0
2024-04-14 08:35:58,445.0,24.0,0.0
2024-04-14 08:46:46,458.0,24.3,0.0
2024-04-14 08:57:34,443.0,24.5,0.0
2024-04-14 09:08:22,461.0,24.5,0.0
2024-04-14 09:19:10,456.0,24.5,0.0
2024-04-14 09:29:57,465.0,24.3,0.0
2024-04-14 09:40:45,444.0,24.3,0.0
2024-04-14 09:51:34,449.0,24.0,0.0
2024-04-14 10:02:22,461.0,24.0,0.0
2024-04-14 10:13:10,455.0,23.8,0.0
2024-04-14 10:23:57,458.0,23.8,0.0
2024-04-14 10:34:44,465.0,23.8,0.0
2024-04-14 10:45:33,457.0,23.8,0.0
2024-04-14 10:56:21,482.0,23.8,0.0
2024-04-14 11:07:09,477.0,23.8,0.0
2024-04-14 11:17:57,486.0,23.8,0.0
